SOURCE,PATHWAY,link
ACSN2,ACTIVATING_CHECKPOINTS,https://www.google.com/search?q=ACSN2+pathway+ACTIVATING%20CHECKPOINTS
ACSN2,ADHERENS_JUNCTIONS,https://www.google.com/search?q=ACSN2+pathway+ADHERENS%20JUNCTIONS
ACSN2,ANTIOXIDANT_RESPONSE,https://www.google.com/search?q=ACSN2+pathway+ANTIOXIDANT%20RESPONSE
ACSN2,APOPTOSIS,https://www.google.com/search?q=ACSN2+pathway+APOPTOSIS
ACSN2,A_NHEJ,https://www.google.com/search?q=ACSN2+pathway+A%20NHEJ
ACSN2,BER,https://www.google.com/search?q=ACSN2+pathway+BER
ACSN2,CAF,https://www.google.com/search?q=ACSN2+pathway+CAF
ACSN2,CAF_INHIBITION_ANTITUMOR,https://www.google.com/search?q=ACSN2+pathway+CAF%20INHIBITION%20ANTITUMOR
ACSN2,CASPASES,https://www.google.com/search?q=ACSN2+pathway+CASPASES
ACSN2,CELL_CELL_ADHESIONS,https://www.google.com/search?q=ACSN2+pathway+CELL%20CELL%20ADHESIONS
ACSN2,CELL_MATRIX_ADHESIONS,https://www.google.com/search?q=ACSN2+pathway+CELL%20MATRIX%20ADHESIONS
ACSN2,CORE,https://www.google.com/search?q=ACSN2+pathway+CORE
ACSN2,CORE_SIGNALING_PATHWAYS,https://www.google.com/search?q=ACSN2+pathway+CORE%20SIGNALING%20PATHWAYS
ACSN2,CYTOKINES_CHEMOKINES_PRODUCTION,https://www.google.com/search?q=ACSN2+pathway+CYTOKINES%20CHEMOKINES%20PRODUCTION
ACSN2,CYTOSKELETON_POLARITY,https://www.google.com/search?q=ACSN2+pathway+CYTOSKELETON%20POLARITY
ACSN2,C_NHEJ,https://www.google.com/search?q=ACSN2+pathway+C%20NHEJ
ACSN2,DANGER_SIGNAL_PATHWAYS,https://www.google.com/search?q=ACSN2+pathway+DANGER%20SIGNAL%20PATHWAYS
ACSN2,DEATH_RECEPTOR_PATHWAYS,https://www.google.com/search?q=ACSN2+pathway+DEATH%20RECEPTOR%20PATHWAYS
ACSN2,DEPENDANCE_RECEPTORS,https://www.google.com/search?q=ACSN2+pathway+DEPENDANCE%20RECEPTORS
ACSN2,DESMOSOMES,https://www.google.com/search?q=ACSN2+pathway+DESMOSOMES
ACSN2,DNA_DAMAGE_RESPONSE,https://www.google.com/search?q=ACSN2+pathway+DNA%20DAMAGE%20RESPONSE
ACSN2,DR,https://www.google.com/search?q=ACSN2+pathway+DR
ACSN2,ECM,https://www.google.com/search?q=ACSN2+pathway+ECM
ACSN2,EMT_REGULATORS,https://www.google.com/search?q=ACSN2+pathway+EMT%20REGULATORS
ACSN2,ER_STRESS,https://www.google.com/search?q=ACSN2+pathway+ER%20STRESS
ACSN2,FANCONI,https://www.google.com/search?q=ACSN2+pathway+FANCONI
ACSN2,FAS_RESPONSE,https://www.google.com/search?q=ACSN2+pathway+FAS%20RESPONSE
ACSN2,FATTY_ACID_BIOSYNTHESIS,https://www.google.com/search?q=ACSN2+pathway+FATTY%20ACID%20BIOSYNTHESIS
ACSN2,FC_RECEPTORS,https://www.google.com/search?q=ACSN2+pathway+FC%20RECEPTORS
ACSN2,FERROPTOSIS,https://www.google.com/search?q=ACSN2+pathway+FERROPTOSIS
ACSN2,FIBROBLAST_ACTIVATION_MARKERS,https://www.google.com/search?q=ACSN2+pathway+FIBROBLAST%20ACTIVATION%20MARKERS
ACSN2,G1_CC_PHASE,https://www.google.com/search?q=ACSN2+pathway+G1%20CC%20PHASE
ACSN2,G1_S_CHECKPOINT,https://www.google.com/search?q=ACSN2+pathway+G1%20S%20CHECKPOINT
ACSN2,G2_CC_PHASE,https://www.google.com/search?q=ACSN2+pathway+G2%20CC%20PHASE
ACSN2,G2_M_CHECKPOINT,https://www.google.com/search?q=ACSN2+pathway+G2%20M%20CHECKPOINT
ACSN2,GAP_JUNCTIONS,https://www.google.com/search?q=ACSN2+pathway+GAP%20JUNCTIONS
ACSN2,GLUCOSE_METABOLISM,https://www.google.com/search?q=ACSN2+pathway+GLUCOSE%20METABOLISM
ACSN2,GLUTAMINE_METABOLISM,https://www.google.com/search?q=ACSN2+pathway+GLUTAMINE%20METABOLISM
ACSN2,GROWTH_FACTORS_PRODUCTION,https://www.google.com/search?q=ACSN2+pathway+GROWTH%20FACTORS%20PRODUCTION
ACSN2,GROWTH_FACTORS_SIGNALING_PATHWAYS,https://www.google.com/search?q=ACSN2+pathway+GROWTH%20FACTORS%20SIGNALING%20PATHWAYS
ACSN2,HEDGEHOG,https://www.google.com/search?q=ACSN2+pathway+HEDGEHOG
ACSN2,HR,https://www.google.com/search?q=ACSN2+pathway+HR
ACSN2,IMMUNE_STIMULATION,https://www.google.com/search?q=ACSN2+pathway+IMMUNE%20STIMULATION
ACSN2,IMMUNE_SUPPRESSION,https://www.google.com/search?q=ACSN2+pathway+IMMUNE%20SUPPRESSION
ACSN2,IMMUNOSTIMULATORY_CORE_PATHWAYS,https://www.google.com/search?q=ACSN2+pathway+IMMUNOSTIMULATORY%20CORE%20PATHWAYS
ACSN2,IMMUNOSTIMULATORY_CYTOKINE_EXPRESSION,https://www.google.com/search?q=ACSN2+pathway+IMMUNOSTIMULATORY%20CYTOKINE%20EXPRESSION
ACSN2,IMMUNOSTIMULATORY_CYTOKINE_PATHWAYS,https://www.google.com/search?q=ACSN2+pathway+IMMUNOSTIMULATORY%20CYTOKINE%20PATHWAYS
ACSN2,IMMUNOSUPPPRESSIVE_CORE_PATHWAYS,https://www.google.com/search?q=ACSN2+pathway+IMMUNOSUPPPRESSIVE%20CORE%20PATHWAYS
ACSN2,IMMUNOSUPPRESSIVE_CYTOKINE_PATHWAYS,https://www.google.com/search?q=ACSN2+pathway+IMMUNOSUPPRESSIVE%20CYTOKINE%20PATHWAYS
ACSN2,INFLAMMATORY_SIGNALING_PATHWAYS,https://www.google.com/search?q=ACSN2+pathway+INFLAMMATORY%20SIGNALING%20PATHWAYS
ACSN2,INHIBITING_CHECKPOINTS,https://www.google.com/search?q=ACSN2+pathway+INHIBITING%20CHECKPOINTS
ACSN2,INPUT_ACTIVATORS,https://www.google.com/search?q=ACSN2+pathway+INPUT%20ACTIVATORS
ACSN2,INPUT_INHIBITORS,https://www.google.com/search?q=ACSN2+pathway+INPUT%20INHIBITORS
ACSN2,INTEGRINS,https://www.google.com/search?q=ACSN2+pathway+INTEGRINS
ACSN2,LYSOSOME_ENDOSOME,https://www.google.com/search?q=ACSN2+pathway+LYSOSOME%20ENDOSOME
ACSN2,MAPK,https://www.google.com/search?q=ACSN2+pathway+MAPK
ACSN2,MARKERS_DC,https://www.google.com/search?q=ACSN2+pathway+MARKERS%20DC
ACSN2,MARKERS_MACROPHAGE,https://www.google.com/search?q=ACSN2+pathway+MARKERS%20MACROPHAGE
ACSN2,MARKERS_MAST,https://www.google.com/search?q=ACSN2+pathway+MARKERS%20MAST
ACSN2,MARKERS_MDSC,https://www.google.com/search?q=ACSN2+pathway+MARKERS%20MDSC
ACSN2,MARKERS_NEUTROPHIL,https://www.google.com/search?q=ACSN2+pathway+MARKERS%20NEUTROPHIL
ACSN2,MARKERS_NK,https://www.google.com/search?q=ACSN2+pathway+MARKERS%20NK
ACSN2,MATRIX_REGULATION,https://www.google.com/search?q=ACSN2+pathway+MATRIX%20REGULATION
ACSN2,METABOLIC,https://www.google.com/search?q=ACSN2+pathway+METABOLIC
ACSN2,MIRNA_TF_IMMUNOSTIMULATORY,https://www.google.com/search?q=ACSN2+pathway+MIRNA%20TF%20IMMUNOSTIMULATORY
ACSN2,MIRNA_TF_IMMUNOSUPPRESSIVE,https://www.google.com/search?q=ACSN2+pathway+MIRNA%20TF%20IMMUNOSUPPRESSIVE
ACSN2,MITOCHONDRIAL_GENES,https://www.google.com/search?q=ACSN2+pathway+MITOCHONDRIAL%20GENES
ACSN2,MITOCHONDRIAL_METABOLISM,https://www.google.com/search?q=ACSN2+pathway+MITOCHONDRIAL%20METABOLISM
ACSN2,MITOCHONDRIAL_PERMEABILITY_TRANSITION,https://www.google.com/search?q=ACSN2+pathway+MITOCHONDRIAL%20PERMEABILITY%20TRANSITION
ACSN2,MITOCHONDRIA_OXIDATIVE_STRESS,https://www.google.com/search?q=ACSN2+pathway+MITOCHONDRIA%20OXIDATIVE%20STRESS
ACSN2,MMR,https://www.google.com/search?q=ACSN2+pathway+MMR
ACSN2,MOMP_REGULATION,https://www.google.com/search?q=ACSN2+pathway+MOMP%20REGULATION
ACSN2,MOTILITY,https://www.google.com/search?q=ACSN2+pathway+MOTILITY
ACSN2,M_CC_PHASE,https://www.google.com/search?q=ACSN2+pathway+M%20CC%20PHASE
ACSN2,NECROPTOSIS,https://www.google.com/search?q=ACSN2+pathway+NECROPTOSIS
ACSN2,NER,https://www.google.com/search?q=ACSN2+pathway+NER
ACSN2,NO_ROS_PRODUCTION,https://www.google.com/search?q=ACSN2+pathway+NO%20ROS%20PRODUCTION
ACSN2,OXIDATIVE_PHOSPHOYLATION_AND_TCA_CYCLE,https://www.google.com/search?q=ACSN2+pathway+OXIDATIVE%20PHOSPHOYLATION%20AND%20TCA%20CYCLE
ACSN2,PARTHANATOS,https://www.google.com/search?q=ACSN2+pathway+PARTHANATOS
ACSN2,PENTOSE_PHOSPHATE_PATHWAY,https://www.google.com/search?q=ACSN2+pathway+PENTOSE%20PHOSPHATE%20PATHWAY
ACSN2,PI3K_AKT_MTOR,https://www.google.com/search?q=ACSN2+pathway+PI3K%20AKT%20MTOR
ACSN2,PORPHYRIN_METABOLISM,https://www.google.com/search?q=ACSN2+pathway+PORPHYRIN%20METABOLISM
ACSN2,PYROPTOSIS,https://www.google.com/search?q=ACSN2+pathway+PYROPTOSIS
ACSN2,RCD_GENES,https://www.google.com/search?q=ACSN2+pathway+RCD%20GENES
ACSN2,RECRUITMENT_OF_IMMUNE_CELLS,https://www.google.com/search?q=ACSN2+pathway+RECRUITMENT%20OF%20IMMUNE%20CELLS
ACSN2,REPLICATION,https://www.google.com/search?q=ACSN2+pathway+REPLICATION
ACSN2,SENESCENCE,https://www.google.com/search?q=ACSN2+pathway+SENESCENCE
ACSN2,SMAC,https://www.google.com/search?q=ACSN2+pathway+SMAC
ACSN2,SSA,https://www.google.com/search?q=ACSN2+pathway+SSA
ACSN2,STARVATION_AUTOPHAGY,https://www.google.com/search?q=ACSN2+pathway+STARVATION%20AUTOPHAGY
ACSN2,S_CC_PHASE,https://www.google.com/search?q=ACSN2+pathway+S%20CC%20PHASE
ACSN2,S_PHASE_CHECKPOINT,https://www.google.com/search?q=ACSN2+pathway+S%20PHASE%20CHECKPOINT
ACSN2,TCR_SIGNALING,https://www.google.com/search?q=ACSN2+pathway+TCR%20SIGNALING
ACSN2,TELOMERASE,https://www.google.com/search?q=ACSN2+pathway+TELOMERASE
ACSN2,TIGHT_JUNCTIONS,https://www.google.com/search?q=ACSN2+pathway+TIGHT%20JUNCTIONS
ACSN2,TLS,https://www.google.com/search?q=ACSN2+pathway+TLS
ACSN2,TNF_RESPONSE,https://www.google.com/search?q=ACSN2+pathway+TNF%20RESPONSE
ACSN2,TRAIL_RESPONSE,https://www.google.com/search?q=ACSN2+pathway+TRAIL%20RESPONSE
ACSN2,TREG_MODULATORS,https://www.google.com/search?q=ACSN2+pathway+TREG%20MODULATORS
ACSN2,TUMOR_GROWTH,https://www.google.com/search?q=ACSN2+pathway+TUMOR%20GROWTH
ACSN2,WNT_CANONICAL,https://www.google.com/search?q=ACSN2+pathway+WNT%20CANONICAL
ACSN2,WNT_NON_CANONICAL,https://www.google.com/search?q=ACSN2+pathway+WNT%20NON%20CANONICAL
BioCarta,BIOCARTA_41BB_PATHWAY,https://www.gsea-msigdb.org/gsea/msigdb/human/geneset/BIOCARTA_41BB_PATHWAY.html
BioCarta,BIOCARTA_ACE2_PATHWAY,https://www.gsea-msigdb.org/gsea/msigdb/human/geneset/BIOCARTA_ACE2_PATHWAY.html
BioCarta,BIOCARTA_ACETAMINOPHEN_PATHWAY,https://www.gsea-msigdb.org/gsea/msigdb/human/geneset/BIOCARTA_ACETAMINOPHEN_PATHWAY.html
BioCarta,BIOCARTA_ACH_PATHWAY,https://www.gsea-msigdb.org/gsea/msigdb/human/geneset/BIOCARTA_ACH_PATHWAY.html
BioCarta,BIOCARTA_ACTINY_PATHWAY,https://www.gsea-msigdb.org/gsea/msigdb/human/geneset/BIOCARTA_ACTINY_PATHWAY.html
BioCarta,BIOCARTA_AGPCR_PATHWAY,https://www.gsea-msigdb.org/gsea/msigdb/human/geneset/BIOCARTA_AGPCR_PATHWAY.html
BioCarta,BIOCARTA_AGR_PATHWAY,https://www.gsea-msigdb.org/gsea/msigdb/human/geneset/BIOCARTA_AGR_PATHWAY.html
BioCarta,BIOCARTA_AHSP_PATHWAY,https://www.gsea-msigdb.org/gsea/msigdb/human/geneset/BIOCARTA_AHSP_PATHWAY.html
BioCarta,BIOCARTA_AKAP13_PATHWAY,https://www.gsea-msigdb.org/gsea/msigdb/human/geneset/BIOCARTA_AKAP13_PATHWAY.html
BioCarta,BIOCARTA_AKAP95_PATHWAY,https://www.gsea-msigdb.org/gsea/msigdb/human/geneset/BIOCARTA_AKAP95_PATHWAY.html
BioCarta,BIOCARTA_AKAPCENTROSOME_PATHWAY,https://www.gsea-msigdb.org/gsea/msigdb/human/geneset/BIOCARTA_AKAPCENTROSOME_PATHWAY.html
BioCarta,BIOCARTA_AKT_PATHWAY,https://www.gsea-msigdb.org/gsea/msigdb/human/geneset/BIOCARTA_AKT_PATHWAY.html
BioCarta,BIOCARTA_ALK_PATHWAY,https://www.gsea-msigdb.org/gsea/msigdb/human/geneset/BIOCARTA_ALK_PATHWAY.html
BioCarta,BIOCARTA_ALTERNATIVE_PATHWAY,https://www.gsea-msigdb.org/gsea/msigdb/human/geneset/BIOCARTA_ALTERNATIVE_PATHWAY.html
BioCarta,BIOCARTA_AMAN_PATHWAY,https://www.gsea-msigdb.org/gsea/msigdb/human/geneset/BIOCARTA_AMAN_PATHWAY.html
BioCarta,BIOCARTA_AMI_PATHWAY,https://www.gsea-msigdb.org/gsea/msigdb/human/geneset/BIOCARTA_AMI_PATHWAY.html
BioCarta,BIOCARTA_ARAP_PATHWAY,https://www.gsea-msigdb.org/gsea/msigdb/human/geneset/BIOCARTA_ARAP_PATHWAY.html
BioCarta,BIOCARTA_ARENRF2_PATHWAY,https://www.gsea-msigdb.org/gsea/msigdb/human/geneset/BIOCARTA_ARENRF2_PATHWAY.html
BioCarta,BIOCARTA_ARF_PATHWAY,https://www.gsea-msigdb.org/gsea/msigdb/human/geneset/BIOCARTA_ARF_PATHWAY.html
BioCarta,BIOCARTA_ASBCELL_PATHWAY,https://www.gsea-msigdb.org/gsea/msigdb/human/geneset/BIOCARTA_ASBCELL_PATHWAY.html
BioCarta,BIOCARTA_AT1R_PATHWAY,https://www.gsea-msigdb.org/gsea/msigdb/human/geneset/BIOCARTA_AT1R_PATHWAY.html
BioCarta,BIOCARTA_ATM_PATHWAY,https://www.gsea-msigdb.org/gsea/msigdb/human/geneset/BIOCARTA_ATM_PATHWAY.html
BioCarta,BIOCARTA_ATRBRCA_PATHWAY,https://www.gsea-msigdb.org/gsea/msigdb/human/geneset/BIOCARTA_ATRBRCA_PATHWAY.html
BioCarta,BIOCARTA_BAD_PATHWAY,https://www.gsea-msigdb.org/gsea/msigdb/human/geneset/BIOCARTA_BAD_PATHWAY.html
BioCarta,BIOCARTA_BARD1_PATHWAY,https://www.gsea-msigdb.org/gsea/msigdb/human/geneset/BIOCARTA_BARD1_PATHWAY.html
BioCarta,BIOCARTA_BARRESTIN_PATHWAY,https://www.gsea-msigdb.org/gsea/msigdb/human/geneset/BIOCARTA_BARRESTIN_PATHWAY.html
BioCarta,BIOCARTA_BARRESTIN_SRC_PATHWAY,https://www.gsea-msigdb.org/gsea/msigdb/human/geneset/BIOCARTA_BARRESTIN_SRC_PATHWAY.html
BioCarta,BIOCARTA_BARR_MAPK_PATHWAY,https://www.gsea-msigdb.org/gsea/msigdb/human/geneset/BIOCARTA_BARR_MAPK_PATHWAY.html
BioCarta,BIOCARTA_BBCELL_PATHWAY,https://www.gsea-msigdb.org/gsea/msigdb/human/geneset/BIOCARTA_BBCELL_PATHWAY.html
BioCarta,BIOCARTA_BCELLSURVIVAL_PATHWAY,https://www.gsea-msigdb.org/gsea/msigdb/human/geneset/BIOCARTA_BCELLSURVIVAL_PATHWAY.html
BioCarta,BIOCARTA_BCR_PATHWAY,https://www.gsea-msigdb.org/gsea/msigdb/human/geneset/BIOCARTA_BCR_PATHWAY.html
BioCarta,BIOCARTA_BIOPEPTIDES_PATHWAY,https://www.gsea-msigdb.org/gsea/msigdb/human/geneset/BIOCARTA_BIOPEPTIDES_PATHWAY.html
BioCarta,BIOCARTA_BLYMPHOCYTE_PATHWAY,https://www.gsea-msigdb.org/gsea/msigdb/human/geneset/BIOCARTA_BLYMPHOCYTE_PATHWAY.html
BioCarta,BIOCARTA_BOTULIN_PATHWAY,https://www.gsea-msigdb.org/gsea/msigdb/human/geneset/BIOCARTA_BOTULIN_PATHWAY.html
BioCarta,BIOCARTA_BTG2_PATHWAY,https://www.gsea-msigdb.org/gsea/msigdb/human/geneset/BIOCARTA_BTG2_PATHWAY.html
BioCarta,BIOCARTA_CACAM_PATHWAY,https://www.gsea-msigdb.org/gsea/msigdb/human/geneset/BIOCARTA_CACAM_PATHWAY.html
BioCarta,BIOCARTA_CALCINEURIN_PATHWAY,https://www.gsea-msigdb.org/gsea/msigdb/human/geneset/BIOCARTA_CALCINEURIN_PATHWAY.html
BioCarta,BIOCARTA_CARDIACEGF_PATHWAY,https://www.gsea-msigdb.org/gsea/msigdb/human/geneset/BIOCARTA_CARDIACEGF_PATHWAY.html
BioCarta,BIOCARTA_CARM1_PATHWAY,https://www.gsea-msigdb.org/gsea/msigdb/human/geneset/BIOCARTA_CARM1_PATHWAY.html
BioCarta,BIOCARTA_CARM_ER_PATHWAY,https://www.gsea-msigdb.org/gsea/msigdb/human/geneset/BIOCARTA_CARM_ER_PATHWAY.html
BioCarta,BIOCARTA_CASPASE_PATHWAY,https://www.gsea-msigdb.org/gsea/msigdb/human/geneset/BIOCARTA_CASPASE_PATHWAY.html
BioCarta,BIOCARTA_CB1R_PATHWAY,https://www.gsea-msigdb.org/gsea/msigdb/human/geneset/BIOCARTA_CB1R_PATHWAY.html
BioCarta,BIOCARTA_CBL_PATHWAY,https://www.gsea-msigdb.org/gsea/msigdb/human/geneset/BIOCARTA_CBL_PATHWAY.html
BioCarta,BIOCARTA_CCR3_PATHWAY,https://www.gsea-msigdb.org/gsea/msigdb/human/geneset/BIOCARTA_CCR3_PATHWAY.html
BioCarta,BIOCARTA_CCR5_PATHWAY,https://www.gsea-msigdb.org/gsea/msigdb/human/geneset/BIOCARTA_CCR5_PATHWAY.html
BioCarta,BIOCARTA_CD40_PATHWAY,https://www.gsea-msigdb.org/gsea/msigdb/human/geneset/BIOCARTA_CD40_PATHWAY.html
BioCarta,BIOCARTA_CDC25_PATHWAY,https://www.gsea-msigdb.org/gsea/msigdb/human/geneset/BIOCARTA_CDC25_PATHWAY.html
BioCarta,BIOCARTA_CDC42RAC_PATHWAY,https://www.gsea-msigdb.org/gsea/msigdb/human/geneset/BIOCARTA_CDC42RAC_PATHWAY.html
BioCarta,BIOCARTA_CDK5_PATHWAY,https://www.gsea-msigdb.org/gsea/msigdb/human/geneset/BIOCARTA_CDK5_PATHWAY.html
BioCarta,BIOCARTA_CDMAC_PATHWAY,https://www.gsea-msigdb.org/gsea/msigdb/human/geneset/BIOCARTA_CDMAC_PATHWAY.html
BioCarta,BIOCARTA_CELL2CELL_PATHWAY,https://www.gsea-msigdb.org/gsea/msigdb/human/geneset/BIOCARTA_CELL2CELL_PATHWAY.html
BioCarta,BIOCARTA_CELLCYCLE_PATHWAY,https://www.gsea-msigdb.org/gsea/msigdb/human/geneset/BIOCARTA_CELLCYCLE_PATHWAY.html
BioCarta,BIOCARTA_CERAMIDE_PATHWAY,https://www.gsea-msigdb.org/gsea/msigdb/human/geneset/BIOCARTA_CERAMIDE_PATHWAY.html
BioCarta,BIOCARTA_CFTR_PATHWAY,https://www.gsea-msigdb.org/gsea/msigdb/human/geneset/BIOCARTA_CFTR_PATHWAY.html
BioCarta,BIOCARTA_CHEMICAL_PATHWAY,https://www.gsea-msigdb.org/gsea/msigdb/human/geneset/BIOCARTA_CHEMICAL_PATHWAY.html
BioCarta,BIOCARTA_CHREBP_PATHWAY,https://www.gsea-msigdb.org/gsea/msigdb/human/geneset/BIOCARTA_CHREBP_PATHWAY.html
BioCarta,BIOCARTA_CIRCADIAN_PATHWAY,https://www.gsea-msigdb.org/gsea/msigdb/human/geneset/BIOCARTA_CIRCADIAN_PATHWAY.html
BioCarta,BIOCARTA_CK1_PATHWAY,https://www.gsea-msigdb.org/gsea/msigdb/human/geneset/BIOCARTA_CK1_PATHWAY.html
BioCarta,BIOCARTA_CLASSIC_PATHWAY,https://www.gsea-msigdb.org/gsea/msigdb/human/geneset/BIOCARTA_CLASSIC_PATHWAY.html
BioCarta,BIOCARTA_COMP_PATHWAY,https://www.gsea-msigdb.org/gsea/msigdb/human/geneset/BIOCARTA_COMP_PATHWAY.html
BioCarta,BIOCARTA_CPSF_PATHWAY,https://www.gsea-msigdb.org/gsea/msigdb/human/geneset/BIOCARTA_CPSF_PATHWAY.html
BioCarta,BIOCARTA_CREB_PATHWAY,https://www.gsea-msigdb.org/gsea/msigdb/human/geneset/BIOCARTA_CREB_PATHWAY.html
BioCarta,BIOCARTA_CREM_PATHWAY,https://www.gsea-msigdb.org/gsea/msigdb/human/geneset/BIOCARTA_CREM_PATHWAY.html
BioCarta,BIOCARTA_CSK_PATHWAY,https://www.gsea-msigdb.org/gsea/msigdb/human/geneset/BIOCARTA_CSK_PATHWAY.html
BioCarta,BIOCARTA_CTBP1_PATHWAY,https://www.gsea-msigdb.org/gsea/msigdb/human/geneset/BIOCARTA_CTBP1_PATHWAY.html
BioCarta,BIOCARTA_CTCF_PATHWAY,https://www.gsea-msigdb.org/gsea/msigdb/human/geneset/BIOCARTA_CTCF_PATHWAY.html
BioCarta,BIOCARTA_CTLA4_PATHWAY,https://www.gsea-msigdb.org/gsea/msigdb/human/geneset/BIOCARTA_CTLA4_PATHWAY.html
BioCarta,BIOCARTA_CTL_PATHWAY,https://www.gsea-msigdb.org/gsea/msigdb/human/geneset/BIOCARTA_CTL_PATHWAY.html
BioCarta,BIOCARTA_CXCR4_PATHWAY,https://www.gsea-msigdb.org/gsea/msigdb/human/geneset/BIOCARTA_CXCR4_PATHWAY.html
BioCarta,BIOCARTA_CYTOKINE_PATHWAY,https://www.gsea-msigdb.org/gsea/msigdb/human/geneset/BIOCARTA_CYTOKINE_PATHWAY.html
BioCarta,BIOCARTA_D4GDI_PATHWAY,https://www.gsea-msigdb.org/gsea/msigdb/human/geneset/BIOCARTA_D4GDI_PATHWAY.html
BioCarta,BIOCARTA_DC_PATHWAY,https://www.gsea-msigdb.org/gsea/msigdb/human/geneset/BIOCARTA_DC_PATHWAY.html
BioCarta,BIOCARTA_DEATH_PATHWAY,https://www.gsea-msigdb.org/gsea/msigdb/human/geneset/BIOCARTA_DEATH_PATHWAY.html
BioCarta,BIOCARTA_DICER_PATHWAY,https://www.gsea-msigdb.org/gsea/msigdb/human/geneset/BIOCARTA_DICER_PATHWAY.html
BioCarta,BIOCARTA_DNAFRAGMENT_PATHWAY,https://www.gsea-msigdb.org/gsea/msigdb/human/geneset/BIOCARTA_DNAFRAGMENT_PATHWAY.html
BioCarta,BIOCARTA_DREAM_PATHWAY,https://www.gsea-msigdb.org/gsea/msigdb/human/geneset/BIOCARTA_DREAM_PATHWAY.html
BioCarta,BIOCARTA_DSP_PATHWAY,https://www.gsea-msigdb.org/gsea/msigdb/human/geneset/BIOCARTA_DSP_PATHWAY.html
BioCarta,BIOCARTA_ECM_PATHWAY,https://www.gsea-msigdb.org/gsea/msigdb/human/geneset/BIOCARTA_ECM_PATHWAY.html
BioCarta,BIOCARTA_EDG1_PATHWAY,https://www.gsea-msigdb.org/gsea/msigdb/human/geneset/BIOCARTA_EDG1_PATHWAY.html
BioCarta,BIOCARTA_EEA1_PATHWAY,https://www.gsea-msigdb.org/gsea/msigdb/human/geneset/BIOCARTA_EEA1_PATHWAY.html
BioCarta,BIOCARTA_EFP_PATHWAY,https://www.gsea-msigdb.org/gsea/msigdb/human/geneset/BIOCARTA_EFP_PATHWAY.html
BioCarta,BIOCARTA_EGFR_SMRTE_PATHWAY,https://www.gsea-msigdb.org/gsea/msigdb/human/geneset/BIOCARTA_EGFR_SMRTE_PATHWAY.html
BioCarta,BIOCARTA_EGF_PATHWAY,https://www.gsea-msigdb.org/gsea/msigdb/human/geneset/BIOCARTA_EGF_PATHWAY.html
BioCarta,BIOCARTA_EICOSANOID_PATHWAY,https://www.gsea-msigdb.org/gsea/msigdb/human/geneset/BIOCARTA_EICOSANOID_PATHWAY.html
BioCarta,BIOCARTA_EIF2_PATHWAY,https://www.gsea-msigdb.org/gsea/msigdb/human/geneset/BIOCARTA_EIF2_PATHWAY.html
BioCarta,BIOCARTA_EIF4_PATHWAY,https://www.gsea-msigdb.org/gsea/msigdb/human/geneset/BIOCARTA_EIF4_PATHWAY.html
BioCarta,BIOCARTA_EIF_PATHWAY,https://www.gsea-msigdb.org/gsea/msigdb/human/geneset/BIOCARTA_EIF_PATHWAY.html
BioCarta,BIOCARTA_EOSINOPHILS_PATHWAY,https://www.gsea-msigdb.org/gsea/msigdb/human/geneset/BIOCARTA_EOSINOPHILS_PATHWAY.html
BioCarta,BIOCARTA_EPHA4_PATHWAY,https://www.gsea-msigdb.org/gsea/msigdb/human/geneset/BIOCARTA_EPHA4_PATHWAY.html
BioCarta,BIOCARTA_EPONFKB_PATHWAY,https://www.gsea-msigdb.org/gsea/msigdb/human/geneset/BIOCARTA_EPONFKB_PATHWAY.html
BioCarta,BIOCARTA_EPO_PATHWAY,https://www.gsea-msigdb.org/gsea/msigdb/human/geneset/BIOCARTA_EPO_PATHWAY.html
BioCarta,BIOCARTA_ERAD_PATHWAY,https://www.gsea-msigdb.org/gsea/msigdb/human/geneset/BIOCARTA_ERAD_PATHWAY.html
BioCarta,BIOCARTA_ERBB3_PATHWAY,https://www.gsea-msigdb.org/gsea/msigdb/human/geneset/BIOCARTA_ERBB3_PATHWAY.html
BioCarta,BIOCARTA_ERBB4_PATHWAY,https://www.gsea-msigdb.org/gsea/msigdb/human/geneset/BIOCARTA_ERBB4_PATHWAY.html
BioCarta,BIOCARTA_ERK5_PATHWAY,https://www.gsea-msigdb.org/gsea/msigdb/human/geneset/BIOCARTA_ERK5_PATHWAY.html
BioCarta,BIOCARTA_ERK_PATHWAY,https://www.gsea-msigdb.org/gsea/msigdb/human/geneset/BIOCARTA_ERK_PATHWAY.html
BioCarta,BIOCARTA_ERYTH_PATHWAY,https://www.gsea-msigdb.org/gsea/msigdb/human/geneset/BIOCARTA_ERYTH_PATHWAY.html
BioCarta,BIOCARTA_ETC_PATHWAY,https://www.gsea-msigdb.org/gsea/msigdb/human/geneset/BIOCARTA_ETC_PATHWAY.html
BioCarta,BIOCARTA_ETS_PATHWAY,https://www.gsea-msigdb.org/gsea/msigdb/human/geneset/BIOCARTA_ETS_PATHWAY.html
BioCarta,BIOCARTA_EXTRINSIC_PATHWAY,https://www.gsea-msigdb.org/gsea/msigdb/human/geneset/BIOCARTA_EXTRINSIC_PATHWAY.html
BioCarta,BIOCARTA_FAS_PATHWAY,https://www.gsea-msigdb.org/gsea/msigdb/human/geneset/BIOCARTA_FAS_PATHWAY.html
BioCarta,BIOCARTA_FBW7_PATHWAY,https://www.gsea-msigdb.org/gsea/msigdb/human/geneset/BIOCARTA_FBW7_PATHWAY.html
BioCarta,BIOCARTA_FCER1_PATHWAY,https://www.gsea-msigdb.org/gsea/msigdb/human/geneset/BIOCARTA_FCER1_PATHWAY.html
BioCarta,BIOCARTA_FEEDER_PATHWAY,https://www.gsea-msigdb.org/gsea/msigdb/human/geneset/BIOCARTA_FEEDER_PATHWAY.html
BioCarta,BIOCARTA_FIBRINOLYSIS_PATHWAY,https://www.gsea-msigdb.org/gsea/msigdb/human/geneset/BIOCARTA_FIBRINOLYSIS_PATHWAY.html
BioCarta,BIOCARTA_FLUMAZENIL_PATHWAY,https://www.gsea-msigdb.org/gsea/msigdb/human/geneset/BIOCARTA_FLUMAZENIL_PATHWAY.html
BioCarta,BIOCARTA_FMLP_PATHWAY,https://www.gsea-msigdb.org/gsea/msigdb/human/geneset/BIOCARTA_FMLP_PATHWAY.html
BioCarta,BIOCARTA_FOSB_PATHWAY,https://www.gsea-msigdb.org/gsea/msigdb/human/geneset/BIOCARTA_FOSB_PATHWAY.html
BioCarta,BIOCARTA_FREE_PATHWAY,https://www.gsea-msigdb.org/gsea/msigdb/human/geneset/BIOCARTA_FREE_PATHWAY.html
BioCarta,BIOCARTA_FXR_PATHWAY,https://www.gsea-msigdb.org/gsea/msigdb/human/geneset/BIOCARTA_FXR_PATHWAY.html
BioCarta,BIOCARTA_G1_PATHWAY,https://www.gsea-msigdb.org/gsea/msigdb/human/geneset/BIOCARTA_G1_PATHWAY.html
BioCarta,BIOCARTA_G2_PATHWAY,https://www.gsea-msigdb.org/gsea/msigdb/human/geneset/BIOCARTA_G2_PATHWAY.html
BioCarta,BIOCARTA_GABA_PATHWAY,https://www.gsea-msigdb.org/gsea/msigdb/human/geneset/BIOCARTA_GABA_PATHWAY.html
BioCarta,BIOCARTA_GATA3_PATHWAY,https://www.gsea-msigdb.org/gsea/msigdb/human/geneset/BIOCARTA_GATA3_PATHWAY.html
BioCarta,BIOCARTA_GCR_PATHWAY,https://www.gsea-msigdb.org/gsea/msigdb/human/geneset/BIOCARTA_GCR_PATHWAY.html
BioCarta,BIOCARTA_GHRELIN_PATHWAY,https://www.gsea-msigdb.org/gsea/msigdb/human/geneset/BIOCARTA_GHRELIN_PATHWAY.html
BioCarta,BIOCARTA_GH_PATHWAY,https://www.gsea-msigdb.org/gsea/msigdb/human/geneset/BIOCARTA_GH_PATHWAY.html
BioCarta,BIOCARTA_GLEEVEC_PATHWAY,https://www.gsea-msigdb.org/gsea/msigdb/human/geneset/BIOCARTA_GLEEVEC_PATHWAY.html
BioCarta,BIOCARTA_GPCR_PATHWAY,https://www.gsea-msigdb.org/gsea/msigdb/human/geneset/BIOCARTA_GPCR_PATHWAY.html
BioCarta,BIOCARTA_GRANULOCYTES_PATHWAY,https://www.gsea-msigdb.org/gsea/msigdb/human/geneset/BIOCARTA_GRANULOCYTES_PATHWAY.html
BioCarta,BIOCARTA_GSK3_PATHWAY,https://www.gsea-msigdb.org/gsea/msigdb/human/geneset/BIOCARTA_GSK3_PATHWAY.html
BioCarta,BIOCARTA_HBX_PATHWAY,https://www.gsea-msigdb.org/gsea/msigdb/human/geneset/BIOCARTA_HBX_PATHWAY.html
BioCarta,BIOCARTA_HCMV_PATHWAY,https://www.gsea-msigdb.org/gsea/msigdb/human/geneset/BIOCARTA_HCMV_PATHWAY.html
BioCarta,BIOCARTA_HDAC_PATHWAY,https://www.gsea-msigdb.org/gsea/msigdb/human/geneset/BIOCARTA_HDAC_PATHWAY.html
BioCarta,BIOCARTA_HER2_PATHWAY,https://www.gsea-msigdb.org/gsea/msigdb/human/geneset/BIOCARTA_HER2_PATHWAY.html
BioCarta,BIOCARTA_HES_PATHWAY,https://www.gsea-msigdb.org/gsea/msigdb/human/geneset/BIOCARTA_HES_PATHWAY.html
BioCarta,BIOCARTA_HIF_PATHWAY,https://www.gsea-msigdb.org/gsea/msigdb/human/geneset/BIOCARTA_HIF_PATHWAY.html
BioCarta,BIOCARTA_HIVNEF_PATHWAY,https://www.gsea-msigdb.org/gsea/msigdb/human/geneset/BIOCARTA_HIVNEF_PATHWAY.html
BioCarta,BIOCARTA_HSP27_PATHWAY,https://www.gsea-msigdb.org/gsea/msigdb/human/geneset/BIOCARTA_HSP27_PATHWAY.html
BioCarta,BIOCARTA_HSWI_SNF_PATHWAY,https://www.gsea-msigdb.org/gsea/msigdb/human/geneset/BIOCARTA_HSWI_SNF_PATHWAY.html
BioCarta,BIOCARTA_IFNA_PATHWAY,https://www.gsea-msigdb.org/gsea/msigdb/human/geneset/BIOCARTA_IFNA_PATHWAY.html
BioCarta,BIOCARTA_IFNG_PATHWAY,https://www.gsea-msigdb.org/gsea/msigdb/human/geneset/BIOCARTA_IFNG_PATHWAY.html
BioCarta,BIOCARTA_IGF1MTOR_PATHWAY,https://www.gsea-msigdb.org/gsea/msigdb/human/geneset/BIOCARTA_IGF1MTOR_PATHWAY.html
BioCarta,BIOCARTA_IGF1R_PATHWAY,https://www.gsea-msigdb.org/gsea/msigdb/human/geneset/BIOCARTA_IGF1R_PATHWAY.html
BioCarta,BIOCARTA_IGF1_PATHWAY,https://www.gsea-msigdb.org/gsea/msigdb/human/geneset/BIOCARTA_IGF1_PATHWAY.html
BioCarta,BIOCARTA_IL10_PATHWAY,https://www.gsea-msigdb.org/gsea/msigdb/human/geneset/BIOCARTA_IL10_PATHWAY.html
BioCarta,BIOCARTA_IL12_PATHWAY,https://www.gsea-msigdb.org/gsea/msigdb/human/geneset/BIOCARTA_IL12_PATHWAY.html
BioCarta,BIOCARTA_IL17_PATHWAY,https://www.gsea-msigdb.org/gsea/msigdb/human/geneset/BIOCARTA_IL17_PATHWAY.html
BioCarta,BIOCARTA_IL1R_PATHWAY,https://www.gsea-msigdb.org/gsea/msigdb/human/geneset/BIOCARTA_IL1R_PATHWAY.html
BioCarta,BIOCARTA_IL22BP_PATHWAY,https://www.gsea-msigdb.org/gsea/msigdb/human/geneset/BIOCARTA_IL22BP_PATHWAY.html
BioCarta,BIOCARTA_IL2RB_PATHWAY,https://www.gsea-msigdb.org/gsea/msigdb/human/geneset/BIOCARTA_IL2RB_PATHWAY.html
BioCarta,BIOCARTA_IL2_PATHWAY,https://www.gsea-msigdb.org/gsea/msigdb/human/geneset/BIOCARTA_IL2_PATHWAY.html
BioCarta,BIOCARTA_IL3_PATHWAY,https://www.gsea-msigdb.org/gsea/msigdb/human/geneset/BIOCARTA_IL3_PATHWAY.html
BioCarta,BIOCARTA_IL4_PATHWAY,https://www.gsea-msigdb.org/gsea/msigdb/human/geneset/BIOCARTA_IL4_PATHWAY.html
BioCarta,BIOCARTA_IL5_PATHWAY,https://www.gsea-msigdb.org/gsea/msigdb/human/geneset/BIOCARTA_IL5_PATHWAY.html
BioCarta,BIOCARTA_IL6_PATHWAY,https://www.gsea-msigdb.org/gsea/msigdb/human/geneset/BIOCARTA_IL6_PATHWAY.html
BioCarta,BIOCARTA_IL7_PATHWAY,https://www.gsea-msigdb.org/gsea/msigdb/human/geneset/BIOCARTA_IL7_PATHWAY.html
BioCarta,BIOCARTA_INFLAM_PATHWAY,https://www.gsea-msigdb.org/gsea/msigdb/human/geneset/BIOCARTA_INFLAM_PATHWAY.html
BioCarta,BIOCARTA_INSULIN_PATHWAY,https://www.gsea-msigdb.org/gsea/msigdb/human/geneset/BIOCARTA_INSULIN_PATHWAY.html
BioCarta,BIOCARTA_INTEGRIN_PATHWAY,https://www.gsea-msigdb.org/gsea/msigdb/human/geneset/BIOCARTA_INTEGRIN_PATHWAY.html
BioCarta,BIOCARTA_INTRINSIC_PATHWAY,https://www.gsea-msigdb.org/gsea/msigdb/human/geneset/BIOCARTA_INTRINSIC_PATHWAY.html
BioCarta,BIOCARTA_ION_PATHWAY,https://www.gsea-msigdb.org/gsea/msigdb/human/geneset/BIOCARTA_ION_PATHWAY.html
BioCarta,BIOCARTA_IRES_PATHWAY,https://www.gsea-msigdb.org/gsea/msigdb/human/geneset/BIOCARTA_IRES_PATHWAY.html
BioCarta,BIOCARTA_KERATINOCYTE_PATHWAY,https://www.gsea-msigdb.org/gsea/msigdb/human/geneset/BIOCARTA_KERATINOCYTE_PATHWAY.html
BioCarta,BIOCARTA_KREB_PATHWAY,https://www.gsea-msigdb.org/gsea/msigdb/human/geneset/BIOCARTA_KREB_PATHWAY.html
BioCarta,BIOCARTA_LAIR_PATHWAY,https://www.gsea-msigdb.org/gsea/msigdb/human/geneset/BIOCARTA_LAIR_PATHWAY.html
BioCarta,BIOCARTA_LDL_PATHWAY,https://www.gsea-msigdb.org/gsea/msigdb/human/geneset/BIOCARTA_LDL_PATHWAY.html
BioCarta,BIOCARTA_LECTIN_PATHWAY,https://www.gsea-msigdb.org/gsea/msigdb/human/geneset/BIOCARTA_LECTIN_PATHWAY.html
BioCarta,BIOCARTA_LEPTIN_PATHWAY,https://www.gsea-msigdb.org/gsea/msigdb/human/geneset/BIOCARTA_LEPTIN_PATHWAY.html
BioCarta,BIOCARTA_LIS1_PATHWAY,https://www.gsea-msigdb.org/gsea/msigdb/human/geneset/BIOCARTA_LIS1_PATHWAY.html
BioCarta,BIOCARTA_LONGEVITY_PATHWAY,https://www.gsea-msigdb.org/gsea/msigdb/human/geneset/BIOCARTA_LONGEVITY_PATHWAY.html
BioCarta,BIOCARTA_LYMPHOCYTE_PATHWAY,https://www.gsea-msigdb.org/gsea/msigdb/human/geneset/BIOCARTA_LYMPHOCYTE_PATHWAY.html
BioCarta,BIOCARTA_LYM_PATHWAY,https://www.gsea-msigdb.org/gsea/msigdb/human/geneset/BIOCARTA_LYM_PATHWAY.html
BioCarta,BIOCARTA_MALATEX_PATHWAY,https://www.gsea-msigdb.org/gsea/msigdb/human/geneset/BIOCARTA_MALATEX_PATHWAY.html
BioCarta,BIOCARTA_MAL_PATHWAY,https://www.gsea-msigdb.org/gsea/msigdb/human/geneset/BIOCARTA_MAL_PATHWAY.html
BioCarta,BIOCARTA_MAPK_PATHWAY,https://www.gsea-msigdb.org/gsea/msigdb/human/geneset/BIOCARTA_MAPK_PATHWAY.html
BioCarta,BIOCARTA_MCALPAIN_PATHWAY,https://www.gsea-msigdb.org/gsea/msigdb/human/geneset/BIOCARTA_MCALPAIN_PATHWAY.html
BioCarta,BIOCARTA_MCM_PATHWAY,https://www.gsea-msigdb.org/gsea/msigdb/human/geneset/BIOCARTA_MCM_PATHWAY.html
BioCarta,BIOCARTA_MEF2D_PATHWAY,https://www.gsea-msigdb.org/gsea/msigdb/human/geneset/BIOCARTA_MEF2D_PATHWAY.html
BioCarta,BIOCARTA_MELANOCYTE_PATHWAY,https://www.gsea-msigdb.org/gsea/msigdb/human/geneset/BIOCARTA_MELANOCYTE_PATHWAY.html
BioCarta,BIOCARTA_MET_PATHWAY,https://www.gsea-msigdb.org/gsea/msigdb/human/geneset/BIOCARTA_MET_PATHWAY.html
BioCarta,BIOCARTA_MHC_PATHWAY,https://www.gsea-msigdb.org/gsea/msigdb/human/geneset/BIOCARTA_MHC_PATHWAY.html
BioCarta,BIOCARTA_MITOCHONDRIA_PATHWAY,https://www.gsea-msigdb.org/gsea/msigdb/human/geneset/BIOCARTA_MITOCHONDRIA_PATHWAY.html
BioCarta,BIOCARTA_MITR_PATHWAY,https://www.gsea-msigdb.org/gsea/msigdb/human/geneset/BIOCARTA_MITR_PATHWAY.html
BioCarta,BIOCARTA_MONOCYTE_PATHWAY,https://www.gsea-msigdb.org/gsea/msigdb/human/geneset/BIOCARTA_MONOCYTE_PATHWAY.html
BioCarta,BIOCARTA_MPR_PATHWAY,https://www.gsea-msigdb.org/gsea/msigdb/human/geneset/BIOCARTA_MPR_PATHWAY.html
BioCarta,BIOCARTA_MRP_PATHWAY,https://www.gsea-msigdb.org/gsea/msigdb/human/geneset/BIOCARTA_MRP_PATHWAY.html
BioCarta,BIOCARTA_MSP_PATHWAY,https://www.gsea-msigdb.org/gsea/msigdb/human/geneset/BIOCARTA_MSP_PATHWAY.html
BioCarta,BIOCARTA_MTA3_PATHWAY,https://www.gsea-msigdb.org/gsea/msigdb/human/geneset/BIOCARTA_MTA3_PATHWAY.html
BioCarta,BIOCARTA_MTOR_PATHWAY,https://www.gsea-msigdb.org/gsea/msigdb/human/geneset/BIOCARTA_MTOR_PATHWAY.html
BioCarta,BIOCARTA_MYOSIN_PATHWAY,https://www.gsea-msigdb.org/gsea/msigdb/human/geneset/BIOCARTA_MYOSIN_PATHWAY.html
BioCarta,BIOCARTA_NDKDYNAMIN_PATHWAY,https://www.gsea-msigdb.org/gsea/msigdb/human/geneset/BIOCARTA_NDKDYNAMIN_PATHWAY.html
BioCarta,BIOCARTA_NEUTROPHIL_PATHWAY,https://www.gsea-msigdb.org/gsea/msigdb/human/geneset/BIOCARTA_NEUTROPHIL_PATHWAY.html
BioCarta,BIOCARTA_NFAT_PATHWAY,https://www.gsea-msigdb.org/gsea/msigdb/human/geneset/BIOCARTA_NFAT_PATHWAY.html
BioCarta,BIOCARTA_NFKB_PATHWAY,https://www.gsea-msigdb.org/gsea/msigdb/human/geneset/BIOCARTA_NFKB_PATHWAY.html
BioCarta,BIOCARTA_NGF_PATHWAY,https://www.gsea-msigdb.org/gsea/msigdb/human/geneset/BIOCARTA_NGF_PATHWAY.html
BioCarta,BIOCARTA_NKCELLS_PATHWAY,https://www.gsea-msigdb.org/gsea/msigdb/human/geneset/BIOCARTA_NKCELLS_PATHWAY.html
BioCarta,BIOCARTA_NKT_PATHWAY,https://www.gsea-msigdb.org/gsea/msigdb/human/geneset/BIOCARTA_NKT_PATHWAY.html
BioCarta,BIOCARTA_NO1_PATHWAY,https://www.gsea-msigdb.org/gsea/msigdb/human/geneset/BIOCARTA_NO1_PATHWAY.html
BioCarta,BIOCARTA_NO2IL12_PATHWAY,https://www.gsea-msigdb.org/gsea/msigdb/human/geneset/BIOCARTA_NO2IL12_PATHWAY.html
BioCarta,BIOCARTA_NOS1_PATHWAY,https://www.gsea-msigdb.org/gsea/msigdb/human/geneset/BIOCARTA_NOS1_PATHWAY.html
BioCarta,BIOCARTA_NOTCH_PATHWAY,https://www.gsea-msigdb.org/gsea/msigdb/human/geneset/BIOCARTA_NOTCH_PATHWAY.html
BioCarta,BIOCARTA_NPC_PATHWAY,https://www.gsea-msigdb.org/gsea/msigdb/human/geneset/BIOCARTA_NPC_PATHWAY.html
BioCarta,BIOCARTA_NPP1_PATHWAY,https://www.gsea-msigdb.org/gsea/msigdb/human/geneset/BIOCARTA_NPP1_PATHWAY.html
BioCarta,BIOCARTA_NTHI_PATHWAY,https://www.gsea-msigdb.org/gsea/msigdb/human/geneset/BIOCARTA_NTHI_PATHWAY.html
BioCarta,BIOCARTA_NUCLEARRS_PATHWAY,https://www.gsea-msigdb.org/gsea/msigdb/human/geneset/BIOCARTA_NUCLEARRS_PATHWAY.html
BioCarta,BIOCARTA_P27_PATHWAY,https://www.gsea-msigdb.org/gsea/msigdb/human/geneset/BIOCARTA_P27_PATHWAY.html
BioCarta,BIOCARTA_P35ALZHEIMERS_PATHWAY,https://www.gsea-msigdb.org/gsea/msigdb/human/geneset/BIOCARTA_P35ALZHEIMERS_PATHWAY.html
BioCarta,BIOCARTA_P38MAPK_PATHWAY,https://www.gsea-msigdb.org/gsea/msigdb/human/geneset/BIOCARTA_P38MAPK_PATHWAY.html
BioCarta,BIOCARTA_P53HYPOXIA_PATHWAY,https://www.gsea-msigdb.org/gsea/msigdb/human/geneset/BIOCARTA_P53HYPOXIA_PATHWAY.html
BioCarta,BIOCARTA_P53_PATHWAY,https://www.gsea-msigdb.org/gsea/msigdb/human/geneset/BIOCARTA_P53_PATHWAY.html
BioCarta,BIOCARTA_PAR1_PATHWAY,https://www.gsea-msigdb.org/gsea/msigdb/human/geneset/BIOCARTA_PAR1_PATHWAY.html
BioCarta,BIOCARTA_PARKIN_PATHWAY,https://www.gsea-msigdb.org/gsea/msigdb/human/geneset/BIOCARTA_PARKIN_PATHWAY.html
BioCarta,BIOCARTA_PCAF_PATHWAY,https://www.gsea-msigdb.org/gsea/msigdb/human/geneset/BIOCARTA_PCAF_PATHWAY.html
BioCarta,BIOCARTA_PDGF_PATHWAY,https://www.gsea-msigdb.org/gsea/msigdb/human/geneset/BIOCARTA_PDGF_PATHWAY.html
BioCarta,BIOCARTA_PDZS_PATHWAY,https://www.gsea-msigdb.org/gsea/msigdb/human/geneset/BIOCARTA_PDZS_PATHWAY.html
BioCarta,BIOCARTA_PELP1_PATHWAY,https://www.gsea-msigdb.org/gsea/msigdb/human/geneset/BIOCARTA_PELP1_PATHWAY.html
BioCarta,BIOCARTA_PEPI_PATHWAY,https://www.gsea-msigdb.org/gsea/msigdb/human/geneset/BIOCARTA_PEPI_PATHWAY.html
BioCarta,BIOCARTA_PGC1A_PATHWAY,https://www.gsea-msigdb.org/gsea/msigdb/human/geneset/BIOCARTA_PGC1A_PATHWAY.html
BioCarta,BIOCARTA_PITX2_PATHWAY,https://www.gsea-msigdb.org/gsea/msigdb/human/geneset/BIOCARTA_PITX2_PATHWAY.html
BioCarta,BIOCARTA_PKC_PATHWAY,https://www.gsea-msigdb.org/gsea/msigdb/human/geneset/BIOCARTA_PKC_PATHWAY.html
BioCarta,BIOCARTA_PLATELETAPP_PATHWAY,https://www.gsea-msigdb.org/gsea/msigdb/human/geneset/BIOCARTA_PLATELETAPP_PATHWAY.html
BioCarta,BIOCARTA_PLCD_PATHWAY,https://www.gsea-msigdb.org/gsea/msigdb/human/geneset/BIOCARTA_PLCD_PATHWAY.html
BioCarta,BIOCARTA_PLCE_PATHWAY,https://www.gsea-msigdb.org/gsea/msigdb/human/geneset/BIOCARTA_PLCE_PATHWAY.html
BioCarta,BIOCARTA_PLC_PATHWAY,https://www.gsea-msigdb.org/gsea/msigdb/human/geneset/BIOCARTA_PLC_PATHWAY.html
BioCarta,BIOCARTA_PLK3_PATHWAY,https://www.gsea-msigdb.org/gsea/msigdb/human/geneset/BIOCARTA_PLK3_PATHWAY.html
BioCarta,BIOCARTA_PML_PATHWAY,https://www.gsea-msigdb.org/gsea/msigdb/human/geneset/BIOCARTA_PML_PATHWAY.html
BioCarta,BIOCARTA_PPARA_PATHWAY,https://www.gsea-msigdb.org/gsea/msigdb/human/geneset/BIOCARTA_PPARA_PATHWAY.html
BioCarta,BIOCARTA_PPARG_PATHWAY,https://www.gsea-msigdb.org/gsea/msigdb/human/geneset/BIOCARTA_PPARG_PATHWAY.html
BioCarta,BIOCARTA_PRC2_PATHWAY,https://www.gsea-msigdb.org/gsea/msigdb/human/geneset/BIOCARTA_PRC2_PATHWAY.html
BioCarta,BIOCARTA_PRION_PATHWAY,https://www.gsea-msigdb.org/gsea/msigdb/human/geneset/BIOCARTA_PRION_PATHWAY.html
BioCarta,BIOCARTA_PROTEASOME_PATHWAY,https://www.gsea-msigdb.org/gsea/msigdb/human/geneset/BIOCARTA_PROTEASOME_PATHWAY.html
BioCarta,BIOCARTA_PS1_PATHWAY,https://www.gsea-msigdb.org/gsea/msigdb/human/geneset/BIOCARTA_PS1_PATHWAY.html
BioCarta,BIOCARTA_PTC1_PATHWAY,https://www.gsea-msigdb.org/gsea/msigdb/human/geneset/BIOCARTA_PTC1_PATHWAY.html
BioCarta,BIOCARTA_PTDINS_PATHWAY,https://www.gsea-msigdb.org/gsea/msigdb/human/geneset/BIOCARTA_PTDINS_PATHWAY.html
BioCarta,BIOCARTA_PTEN_PATHWAY,https://www.gsea-msigdb.org/gsea/msigdb/human/geneset/BIOCARTA_PTEN_PATHWAY.html
BioCarta,BIOCARTA_PYK2_PATHWAY,https://www.gsea-msigdb.org/gsea/msigdb/human/geneset/BIOCARTA_PYK2_PATHWAY.html
BioCarta,BIOCARTA_RAB_PATHWAY,https://www.gsea-msigdb.org/gsea/msigdb/human/geneset/BIOCARTA_RAB_PATHWAY.html
BioCarta,BIOCARTA_RAC1_PATHWAY,https://www.gsea-msigdb.org/gsea/msigdb/human/geneset/BIOCARTA_RAC1_PATHWAY.html
BioCarta,BIOCARTA_RACCYCD_PATHWAY,https://www.gsea-msigdb.org/gsea/msigdb/human/geneset/BIOCARTA_RACCYCD_PATHWAY.html
BioCarta,BIOCARTA_RACC_PATHWAY,https://www.gsea-msigdb.org/gsea/msigdb/human/geneset/BIOCARTA_RACC_PATHWAY.html
BioCarta,BIOCARTA_RANBP2_PATHWAY,https://www.gsea-msigdb.org/gsea/msigdb/human/geneset/BIOCARTA_RANBP2_PATHWAY.html
BioCarta,BIOCARTA_RANKL_PATHWAY,https://www.gsea-msigdb.org/gsea/msigdb/human/geneset/BIOCARTA_RANKL_PATHWAY.html
BioCarta,BIOCARTA_RANMS_PATHWAY,https://www.gsea-msigdb.org/gsea/msigdb/human/geneset/BIOCARTA_RANMS_PATHWAY.html
BioCarta,BIOCARTA_RAN_PATHWAY,https://www.gsea-msigdb.org/gsea/msigdb/human/geneset/BIOCARTA_RAN_PATHWAY.html
BioCarta,BIOCARTA_RARRXR_PATHWAY,https://www.gsea-msigdb.org/gsea/msigdb/human/geneset/BIOCARTA_RARRXR_PATHWAY.html
BioCarta,BIOCARTA_RAS_PATHWAY,https://www.gsea-msigdb.org/gsea/msigdb/human/geneset/BIOCARTA_RAS_PATHWAY.html
BioCarta,BIOCARTA_RB_PATHWAY,https://www.gsea-msigdb.org/gsea/msigdb/human/geneset/BIOCARTA_RB_PATHWAY.html
BioCarta,BIOCARTA_RECK_PATHWAY,https://www.gsea-msigdb.org/gsea/msigdb/human/geneset/BIOCARTA_RECK_PATHWAY.html
BioCarta,BIOCARTA_REELIN_PATHWAY,https://www.gsea-msigdb.org/gsea/msigdb/human/geneset/BIOCARTA_REELIN_PATHWAY.html
BioCarta,BIOCARTA_RELA_PATHWAY,https://www.gsea-msigdb.org/gsea/msigdb/human/geneset/BIOCARTA_RELA_PATHWAY.html
BioCarta,BIOCARTA_RHODOPSIN_PATHWAY,https://www.gsea-msigdb.org/gsea/msigdb/human/geneset/BIOCARTA_RHODOPSIN_PATHWAY.html
BioCarta,BIOCARTA_RHO_PATHWAY,https://www.gsea-msigdb.org/gsea/msigdb/human/geneset/BIOCARTA_RHO_PATHWAY.html
BioCarta,BIOCARTA_RNAPOL3_PATHWAY,https://www.gsea-msigdb.org/gsea/msigdb/human/geneset/BIOCARTA_RNAPOL3_PATHWAY.html
BioCarta,BIOCARTA_RNA_PATHWAY,https://www.gsea-msigdb.org/gsea/msigdb/human/geneset/BIOCARTA_RNA_PATHWAY.html
BioCarta,BIOCARTA_S1P_PATHWAY,https://www.gsea-msigdb.org/gsea/msigdb/human/geneset/BIOCARTA_S1P_PATHWAY.html
BioCarta,BIOCARTA_SALMONELLA_PATHWAY,https://www.gsea-msigdb.org/gsea/msigdb/human/geneset/BIOCARTA_SALMONELLA_PATHWAY.html
BioCarta,BIOCARTA_SAM68_PATHWAY,https://www.gsea-msigdb.org/gsea/msigdb/human/geneset/BIOCARTA_SAM68_PATHWAY.html
BioCarta,BIOCARTA_SARS_PATHWAY,https://www.gsea-msigdb.org/gsea/msigdb/human/geneset/BIOCARTA_SARS_PATHWAY.html
BioCarta,BIOCARTA_SET_PATHWAY,https://www.gsea-msigdb.org/gsea/msigdb/human/geneset/BIOCARTA_SET_PATHWAY.html
BioCarta,BIOCARTA_SHH_PATHWAY,https://www.gsea-msigdb.org/gsea/msigdb/human/geneset/BIOCARTA_SHH_PATHWAY.html
BioCarta,BIOCARTA_SKP2E2F_PATHWAY,https://www.gsea-msigdb.org/gsea/msigdb/human/geneset/BIOCARTA_SKP2E2F_PATHWAY.html
BioCarta,BIOCARTA_SLRP_PATHWAY,https://www.gsea-msigdb.org/gsea/msigdb/human/geneset/BIOCARTA_SLRP_PATHWAY.html
BioCarta,BIOCARTA_SM_PATHWAY,https://www.gsea-msigdb.org/gsea/msigdb/human/geneset/BIOCARTA_SM_PATHWAY.html
BioCarta,BIOCARTA_SODD_PATHWAY,https://www.gsea-msigdb.org/gsea/msigdb/human/geneset/BIOCARTA_SODD_PATHWAY.html
BioCarta,BIOCARTA_SPPA_PATHWAY,https://www.gsea-msigdb.org/gsea/msigdb/human/geneset/BIOCARTA_SPPA_PATHWAY.html
BioCarta,BIOCARTA_SPRY_PATHWAY,https://www.gsea-msigdb.org/gsea/msigdb/human/geneset/BIOCARTA_SPRY_PATHWAY.html
BioCarta,BIOCARTA_SRCRPTP_PATHWAY,https://www.gsea-msigdb.org/gsea/msigdb/human/geneset/BIOCARTA_SRCRPTP_PATHWAY.html
BioCarta,BIOCARTA_STAT3_PATHWAY,https://www.gsea-msigdb.org/gsea/msigdb/human/geneset/BIOCARTA_STAT3_PATHWAY.html
BioCarta,BIOCARTA_STATHMIN_PATHWAY,https://www.gsea-msigdb.org/gsea/msigdb/human/geneset/BIOCARTA_STATHMIN_PATHWAY.html
BioCarta,BIOCARTA_STEM_PATHWAY,https://www.gsea-msigdb.org/gsea/msigdb/human/geneset/BIOCARTA_STEM_PATHWAY.html
BioCarta,BIOCARTA_STRESS_PATHWAY,https://www.gsea-msigdb.org/gsea/msigdb/human/geneset/BIOCARTA_STRESS_PATHWAY.html
BioCarta,BIOCARTA_SUMO_PATHWAY,https://www.gsea-msigdb.org/gsea/msigdb/human/geneset/BIOCARTA_SUMO_PATHWAY.html
BioCarta,BIOCARTA_TALL1_PATHWAY,https://www.gsea-msigdb.org/gsea/msigdb/human/geneset/BIOCARTA_TALL1_PATHWAY.html
BioCarta,BIOCARTA_TCAPOPTOSIS_PATHWAY,https://www.gsea-msigdb.org/gsea/msigdb/human/geneset/BIOCARTA_TCAPOPTOSIS_PATHWAY.html
BioCarta,BIOCARTA_TCRA_PATHWAY,https://www.gsea-msigdb.org/gsea/msigdb/human/geneset/BIOCARTA_TCRA_PATHWAY.html
BioCarta,BIOCARTA_TCR_PATHWAY,https://www.gsea-msigdb.org/gsea/msigdb/human/geneset/BIOCARTA_TCR_PATHWAY.html
BioCarta,BIOCARTA_TCYTOTOXIC_PATHWAY,https://www.gsea-msigdb.org/gsea/msigdb/human/geneset/BIOCARTA_TCYTOTOXIC_PATHWAY.html
BioCarta,BIOCARTA_TEL_PATHWAY,https://www.gsea-msigdb.org/gsea/msigdb/human/geneset/BIOCARTA_TEL_PATHWAY.html
BioCarta,BIOCARTA_TERC_PATHWAY,https://www.gsea-msigdb.org/gsea/msigdb/human/geneset/BIOCARTA_TERC_PATHWAY.html
BioCarta,BIOCARTA_TERT_PATHWAY,https://www.gsea-msigdb.org/gsea/msigdb/human/geneset/BIOCARTA_TERT_PATHWAY.html
BioCarta,BIOCARTA_TFF_PATHWAY,https://www.gsea-msigdb.org/gsea/msigdb/human/geneset/BIOCARTA_TFF_PATHWAY.html
BioCarta,BIOCARTA_TGFB_PATHWAY,https://www.gsea-msigdb.org/gsea/msigdb/human/geneset/BIOCARTA_TGFB_PATHWAY.html
BioCarta,BIOCARTA_TH1TH2_PATHWAY,https://www.gsea-msigdb.org/gsea/msigdb/human/geneset/BIOCARTA_TH1TH2_PATHWAY.html
BioCarta,BIOCARTA_THELPER_PATHWAY,https://www.gsea-msigdb.org/gsea/msigdb/human/geneset/BIOCARTA_THELPER_PATHWAY.html
BioCarta,BIOCARTA_TID_PATHWAY,https://www.gsea-msigdb.org/gsea/msigdb/human/geneset/BIOCARTA_TID_PATHWAY.html
BioCarta,BIOCARTA_TNFR1_PATHWAY,https://www.gsea-msigdb.org/gsea/msigdb/human/geneset/BIOCARTA_TNFR1_PATHWAY.html
BioCarta,BIOCARTA_TNFR2_PATHWAY,https://www.gsea-msigdb.org/gsea/msigdb/human/geneset/BIOCARTA_TNFR2_PATHWAY.html
BioCarta,BIOCARTA_TOB1_PATHWAY,https://www.gsea-msigdb.org/gsea/msigdb/human/geneset/BIOCARTA_TOB1_PATHWAY.html
BioCarta,BIOCARTA_TOLL_PATHWAY,https://www.gsea-msigdb.org/gsea/msigdb/human/geneset/BIOCARTA_TOLL_PATHWAY.html
BioCarta,BIOCARTA_TPO_PATHWAY,https://www.gsea-msigdb.org/gsea/msigdb/human/geneset/BIOCARTA_TPO_PATHWAY.html
BioCarta,BIOCARTA_TRKA_PATHWAY,https://www.gsea-msigdb.org/gsea/msigdb/human/geneset/BIOCARTA_TRKA_PATHWAY.html
BioCarta,BIOCARTA_TSP1_PATHWAY,https://www.gsea-msigdb.org/gsea/msigdb/human/geneset/BIOCARTA_TSP1_PATHWAY.html
BioCarta,BIOCARTA_TUBBY_PATHWAY,https://www.gsea-msigdb.org/gsea/msigdb/human/geneset/BIOCARTA_TUBBY_PATHWAY.html
BioCarta,BIOCARTA_UCALPAIN_PATHWAY,https://www.gsea-msigdb.org/gsea/msigdb/human/geneset/BIOCARTA_UCALPAIN_PATHWAY.html
BioCarta,BIOCARTA_VDR_PATHWAY,https://www.gsea-msigdb.org/gsea/msigdb/human/geneset/BIOCARTA_VDR_PATHWAY.html
BioCarta,BIOCARTA_VEGF_PATHWAY,https://www.gsea-msigdb.org/gsea/msigdb/human/geneset/BIOCARTA_VEGF_PATHWAY.html
BioCarta,BIOCARTA_VIP_PATHWAY,https://www.gsea-msigdb.org/gsea/msigdb/human/geneset/BIOCARTA_VIP_PATHWAY.html
BioCarta,BIOCARTA_VITCB_PATHWAY,https://www.gsea-msigdb.org/gsea/msigdb/human/geneset/BIOCARTA_VITCB_PATHWAY.html
BioCarta,BIOCARTA_VOBESITY_PATHWAY,https://www.gsea-msigdb.org/gsea/msigdb/human/geneset/BIOCARTA_VOBESITY_PATHWAY.html
BioCarta,BIOCARTA_WNT_LRP6_PATHWAY,https://www.gsea-msigdb.org/gsea/msigdb/human/geneset/BIOCARTA_WNT_LRP6_PATHWAY.html
BioCarta,BIOCARTA_WNT_PATHWAY,https://www.gsea-msigdb.org/gsea/msigdb/human/geneset/BIOCARTA_WNT_PATHWAY.html
HumanCyc,"1,25-dihydroxyvitamin D3 biosynthesis",https://humancyc.org/search?type=NIL&organism=HUMAN&q=1%2C25-dihydroxyvitamin%20D3%20biosynthesis
HumanCyc,1D-myo-inositol hexakisphosphate biosynthesis II (mammalian),https://humancyc.org/search?type=NIL&organism=HUMAN&q=1D-myo-inositol%20hexakisphosphate%20biosynthesis%20II%20%28mammalian%29
HumanCyc,"1D-myo-inositol hexakisphosphate biosynthesis V (from Ins(1,3,4)P3)",https://humancyc.org/search?type=NIL&organism=HUMAN&q=1D-myo-inositol%20hexakisphosphate%20biosynthesis%20V%20%28from%20Ins%281%2C3%2C4%29P3%29
HumanCyc,2-oxobutanoate degradation I,https://humancyc.org/search?type=NIL&organism=HUMAN&q=2-oxobutanoate%20degradation%20I
HumanCyc,3-phosphoinositide biosynthesis,https://humancyc.org/search?type=NIL&organism=HUMAN&q=3-phosphoinositide%20biosynthesis
HumanCyc,3-phosphoinositide degradation,https://humancyc.org/search?type=NIL&organism=HUMAN&q=3-phosphoinositide%20degradation
HumanCyc,4-hydroxy-2-nonenal detoxification,https://humancyc.org/search?type=NIL&organism=HUMAN&q=4-hydroxy-2-nonenal%20detoxification
HumanCyc,5-aminoimidazole ribonucleotide biosynthesis I,https://humancyc.org/search?type=NIL&organism=HUMAN&q=5-aminoimidazole%20ribonucleotide%20biosynthesis%20I
HumanCyc,BMP Signalling Pathway,https://humancyc.org/search?type=NIL&organism=HUMAN&q=BMP%20Signalling%20Pathway
HumanCyc,CDP-diacylglycerol biosynthesis I,https://humancyc.org/search?type=NIL&organism=HUMAN&q=CDP-diacylglycerol%20biosynthesis%20I
HumanCyc,CMP-N-acetylneuraminate biosynthesis I (eukaryotes),https://humancyc.org/search?type=NIL&organism=HUMAN&q=CMP-N-acetylneuraminate%20biosynthesis%20I%20%28eukaryotes%29
HumanCyc,"D-myo-inositol (1,3,4)-trisphosphate biosynthesis",https://humancyc.org/search?type=NIL&organism=HUMAN&q=D-myo-inositol%20%281%2C3%2C4%29-trisphosphate%20biosynthesis
HumanCyc,"D-myo-inositol (1,4,5)-trisphosphate biosynthesis",https://humancyc.org/search?type=NIL&organism=HUMAN&q=D-myo-inositol%20%281%2C4%2C5%29-trisphosphate%20biosynthesis
HumanCyc,"D-myo-inositol (1,4,5)-trisphosphate degradation",https://humancyc.org/search?type=NIL&organism=HUMAN&q=D-myo-inositol%20%281%2C4%2C5%29-trisphosphate%20degradation
HumanCyc,"D-myo-inositol (1,4,5,6)-tetrakisphosphate biosynthesis",https://humancyc.org/search?type=NIL&organism=HUMAN&q=D-myo-inositol%20%281%2C4%2C5%2C6%29-tetrakisphosphate%20biosynthesis
HumanCyc,D-myo-inositol-5-phosphate metabolism,https://humancyc.org/search?type=NIL&organism=HUMAN&q=D-myo-inositol-5-phosphate%20metabolism
HumanCyc,GDP-glucose biosynthesis,https://humancyc.org/search?type=NIL&organism=HUMAN&q=GDP-glucose%20biosynthesis
HumanCyc,GDP-mannose biosynthesis,https://humancyc.org/search?type=NIL&organism=HUMAN&q=GDP-mannose%20biosynthesis
HumanCyc,L-carnitine biosynthesis,https://humancyc.org/search?type=NIL&organism=HUMAN&q=L-carnitine%20biosynthesis
HumanCyc,N-acetylglucosamine degradation I,https://humancyc.org/search?type=NIL&organism=HUMAN&q=N-acetylglucosamine%20degradation%20I
HumanCyc,N-acetylglucosamine degradation II,https://humancyc.org/search?type=NIL&organism=HUMAN&q=N-acetylglucosamine%20degradation%20II
HumanCyc,NAD biosynthesis II (from tryptophan),https://humancyc.org/search?type=NIL&organism=HUMAN&q=NAD%20biosynthesis%20II%20%28from%20tryptophan%29
HumanCyc,NAD biosynthesis III,https://humancyc.org/search?type=NIL&organism=HUMAN&q=NAD%20biosynthesis%20III
HumanCyc,NAD biosynthesis from 2-amino-3-carboxymuconate semialdehyde,https://humancyc.org/search?type=NIL&organism=HUMAN&q=NAD%20biosynthesis%20from%202-amino-3-carboxymuconate%20semialdehyde
HumanCyc,NAD phosphorylation and dephosphorylation,https://humancyc.org/search?type=NIL&organism=HUMAN&q=NAD%20phosphorylation%20and%20dephosphorylation
HumanCyc,NAD salvage pathway II,https://humancyc.org/search?type=NIL&organism=HUMAN&q=NAD%20salvage%20pathway%20II
HumanCyc,NAD salvage pathway III,https://humancyc.org/search?type=NIL&organism=HUMAN&q=NAD%20salvage%20pathway%20III
HumanCyc,NADH repair,https://humancyc.org/search?type=NIL&organism=HUMAN&q=NADH%20repair
HumanCyc,PRPP biosynthesis I,https://humancyc.org/search?type=NIL&organism=HUMAN&q=PRPP%20biosynthesis%20I
HumanCyc,Rapoport-Luebering glycolytic shunt,https://humancyc.org/search?type=NIL&organism=HUMAN&q=Rapoport-Luebering%20glycolytic%20shunt
HumanCyc,S-adenosyl-L-methionine biosynthesis,https://humancyc.org/search?type=NIL&organism=HUMAN&q=S-adenosyl-L-methionine%20biosynthesis
HumanCyc,S-methyl-5-thio-alpha-D-ribose 1-phosphate degradation,https://humancyc.org/search?type=NIL&organism=HUMAN&q=S-methyl-5-thio-alpha-D-ribose%201-phosphate%20degradation
HumanCyc,UDP-N-acetyl-D-galactosamine biosynthesis II,https://humancyc.org/search?type=NIL&organism=HUMAN&q=UDP-N-acetyl-D-galactosamine%20biosynthesis%20II
HumanCyc,UDP-N-acetyl-D-glucosamine biosynthesis II,https://humancyc.org/search?type=NIL&organism=HUMAN&q=UDP-N-acetyl-D-glucosamine%20biosynthesis%20II
HumanCyc,acetate conversion to acetyl-CoA,https://humancyc.org/search?type=NIL&organism=HUMAN&q=acetate%20conversion%20to%20acetyl-CoA
HumanCyc,acyl-CoA hydrolysis,https://humancyc.org/search?type=NIL&organism=HUMAN&q=acyl-CoA%20hydrolysis
HumanCyc,adenine and adenosine salvage III,https://humancyc.org/search?type=NIL&organism=HUMAN&q=adenine%20and%20adenosine%20salvage%20III
HumanCyc,adenosine nucleotides degradation II,https://humancyc.org/search?type=NIL&organism=HUMAN&q=adenosine%20nucleotides%20degradation%20II
HumanCyc,androgen biosynthesis,https://humancyc.org/search?type=NIL&organism=HUMAN&q=androgen%20biosynthesis
HumanCyc,arginine biosynthesis IV,https://humancyc.org/search?type=NIL&organism=HUMAN&q=arginine%20biosynthesis%20IV
HumanCyc,arginine degradation I (arginase pathway),https://humancyc.org/search?type=NIL&organism=HUMAN&q=arginine%20degradation%20I%20%28arginase%20pathway%29
HumanCyc,arginine degradation VI (arginase 2 pathway),https://humancyc.org/search?type=NIL&organism=HUMAN&q=arginine%20degradation%20VI%20%28arginase%202%20pathway%29
HumanCyc,aspartate biosynthesis,https://humancyc.org/search?type=NIL&organism=HUMAN&q=aspartate%20biosynthesis
HumanCyc,aspartate degradation II,https://humancyc.org/search?type=NIL&organism=HUMAN&q=aspartate%20degradation%20II
HumanCyc,calcium transport I,https://humancyc.org/search?type=NIL&organism=HUMAN&q=calcium%20transport%20I
HumanCyc,catecholamine biosynthesis,https://humancyc.org/search?type=NIL&organism=HUMAN&q=catecholamine%20biosynthesis
HumanCyc,ceramide biosynthesis,https://humancyc.org/search?type=NIL&organism=HUMAN&q=ceramide%20biosynthesis
HumanCyc,cholesterol biosynthesis I,https://humancyc.org/search?type=NIL&organism=HUMAN&q=cholesterol%20biosynthesis%20I
HumanCyc,"cholesterol biosynthesis II (via 24,25-dihydrolanosterol)",https://humancyc.org/search?type=NIL&organism=HUMAN&q=cholesterol%20biosynthesis%20II%20%28via%2024%2C25-dihydrolanosterol%29
HumanCyc,cholesterol biosynthesis III (via desmosterol),https://humancyc.org/search?type=NIL&organism=HUMAN&q=cholesterol%20biosynthesis%20III%20%28via%20desmosterol%29
HumanCyc,choline biosynthesis III,https://humancyc.org/search?type=NIL&organism=HUMAN&q=choline%20biosynthesis%20III
HumanCyc,chondroitin sulfate degradation (metazoa),https://humancyc.org/search?type=NIL&organism=HUMAN&q=chondroitin%20sulfate%20degradation%20%28metazoa%29
HumanCyc,citrulline-nitric oxide cycle,https://humancyc.org/search?type=NIL&organism=HUMAN&q=citrulline-nitric%20oxide%20cycle
HumanCyc,coenzyme A biosynthesis,https://humancyc.org/search?type=NIL&organism=HUMAN&q=coenzyme%20A%20biosynthesis
HumanCyc,colanic acid building blocks biosynthesis,https://humancyc.org/search?type=NIL&organism=HUMAN&q=colanic%20acid%20building%20blocks%20biosynthesis
HumanCyc,creatine-phosphate biosynthesis,https://humancyc.org/search?type=NIL&organism=HUMAN&q=creatine-phosphate%20biosynthesis
HumanCyc,dTMP de novo biosynthesis,https://humancyc.org/search?type=NIL&organism=HUMAN&q=dTMP%20de%20novo%20biosynthesis
HumanCyc,dermatan sulfate biosynthesis (late stages),https://humancyc.org/search?type=NIL&organism=HUMAN&q=dermatan%20sulfate%20biosynthesis%20%28late%20stages%29
HumanCyc,dermatan sulfate degradation (metazoa),https://humancyc.org/search?type=NIL&organism=HUMAN&q=dermatan%20sulfate%20degradation%20%28metazoa%29
HumanCyc,dolichol and dolichyl phosphate biosynthesis,https://humancyc.org/search?type=NIL&organism=HUMAN&q=dolichol%20and%20dolichyl%20phosphate%20biosynthesis
HumanCyc,dolichyl-diphosphooligosaccharide biosynthesis,https://humancyc.org/search?type=NIL&organism=HUMAN&q=dolichyl-diphosphooligosaccharide%20biosynthesis
HumanCyc,dopamine degradation,https://humancyc.org/search?type=NIL&organism=HUMAN&q=dopamine%20degradation
HumanCyc,ethanol degradation II,https://humancyc.org/search?type=NIL&organism=HUMAN&q=ethanol%20degradation%20II
HumanCyc,ethanol degradation IV,https://humancyc.org/search?type=NIL&organism=HUMAN&q=ethanol%20degradation%20IV
HumanCyc,eumelanin biosynthesis,https://humancyc.org/search?type=NIL&organism=HUMAN&q=eumelanin%20biosynthesis
HumanCyc,fatty acid activation,https://humancyc.org/search?type=NIL&organism=HUMAN&q=fatty%20acid%20activation
HumanCyc,fatty acid alpha-oxidation II,https://humancyc.org/search?type=NIL&organism=HUMAN&q=fatty%20acid%20alpha-oxidation%20II
HumanCyc,fatty acid alpha-oxidation III,https://humancyc.org/search?type=NIL&organism=HUMAN&q=fatty%20acid%20alpha-oxidation%20III
HumanCyc,fatty acid beta-oxidation I,https://humancyc.org/search?type=NIL&organism=HUMAN&q=fatty%20acid%20beta-oxidation%20I
HumanCyc,"fatty acid beta-oxidation III (unsaturated, odd number)",https://humancyc.org/search?type=NIL&organism=HUMAN&q=fatty%20acid%20beta-oxidation%20III%20%28unsaturated%2C%20odd%20number%29
HumanCyc,fatty acid biosynthesis initiation II,https://humancyc.org/search?type=NIL&organism=HUMAN&q=fatty%20acid%20biosynthesis%20initiation%20II
HumanCyc,folate polyglutamylation,https://humancyc.org/search?type=NIL&organism=HUMAN&q=folate%20polyglutamylation
HumanCyc,galactose degradation I (Leloir pathway),https://humancyc.org/search?type=NIL&organism=HUMAN&q=galactose%20degradation%20I%20%28Leloir%20pathway%29
HumanCyc,gamma-glutamyl cycle,https://humancyc.org/search?type=NIL&organism=HUMAN&q=gamma-glutamyl%20cycle
HumanCyc,gluconeogenesis I,https://humancyc.org/search?type=NIL&organism=HUMAN&q=gluconeogenesis%20I
HumanCyc,glucose and glucose-1-phosphate degradation,https://humancyc.org/search?type=NIL&organism=HUMAN&q=glucose%20and%20glucose-1-phosphate%20degradation
HumanCyc,glutamate degradation II,https://humancyc.org/search?type=NIL&organism=HUMAN&q=glutamate%20degradation%20II
HumanCyc,glutamate degradation III (via 4-aminobutyrate),https://humancyc.org/search?type=NIL&organism=HUMAN&q=glutamate%20degradation%20III%20%28via%204-aminobutyrate%29
HumanCyc,glutamine degradation I,https://humancyc.org/search?type=NIL&organism=HUMAN&q=glutamine%20degradation%20I
HumanCyc,glutaryl-CoA degradation,https://humancyc.org/search?type=NIL&organism=HUMAN&q=glutaryl-CoA%20degradation
HumanCyc,glutathione biosynthesis,https://humancyc.org/search?type=NIL&organism=HUMAN&q=glutathione%20biosynthesis
HumanCyc,glutathione redox reactions I,https://humancyc.org/search?type=NIL&organism=HUMAN&q=glutathione%20redox%20reactions%20I
HumanCyc,glutathione-mediated detoxification I,https://humancyc.org/search?type=NIL&organism=HUMAN&q=glutathione-mediated%20detoxification%20I
HumanCyc,glycerol degradation I,https://humancyc.org/search?type=NIL&organism=HUMAN&q=glycerol%20degradation%20I
HumanCyc,glycogen degradation II,https://humancyc.org/search?type=NIL&organism=HUMAN&q=glycogen%20degradation%20II
HumanCyc,glycogen degradation III,https://humancyc.org/search?type=NIL&organism=HUMAN&q=glycogen%20degradation%20III
HumanCyc,glycolysis I,https://humancyc.org/search?type=NIL&organism=HUMAN&q=glycolysis%20I
HumanCyc,guanosine nucleotides degradation III,https://humancyc.org/search?type=NIL&organism=HUMAN&q=guanosine%20nucleotides%20degradation%20III
HumanCyc,heme biosynthesis II,https://humancyc.org/search?type=NIL&organism=HUMAN&q=heme%20biosynthesis%20II
HumanCyc,heme biosynthesis from uroporphyrinogen-III I,https://humancyc.org/search?type=NIL&organism=HUMAN&q=heme%20biosynthesis%20from%20uroporphyrinogen-III%20I
HumanCyc,histamine degradation,https://humancyc.org/search?type=NIL&organism=HUMAN&q=histamine%20degradation
HumanCyc,histidine degradation III,https://humancyc.org/search?type=NIL&organism=HUMAN&q=histidine%20degradation%20III
HumanCyc,inosine-5'-phosphate biosynthesis II,https://humancyc.org/search?type=NIL&organism=HUMAN&q=inosine-5%27-phosphate%20biosynthesis%20II
HumanCyc,inositol pyrophosphates biosynthesis,https://humancyc.org/search?type=NIL&organism=HUMAN&q=inositol%20pyrophosphates%20biosynthesis
HumanCyc,ketogenesis,https://humancyc.org/search?type=NIL&organism=HUMAN&q=ketogenesis
HumanCyc,ketolysis,https://humancyc.org/search?type=NIL&organism=HUMAN&q=ketolysis
HumanCyc,leukotriene biosynthesis,https://humancyc.org/search?type=NIL&organism=HUMAN&q=leukotriene%20biosynthesis
HumanCyc,lysine degradation II,https://humancyc.org/search?type=NIL&organism=HUMAN&q=lysine%20degradation%20II
HumanCyc,methylglyoxal degradation I,https://humancyc.org/search?type=NIL&organism=HUMAN&q=methylglyoxal%20degradation%20I
HumanCyc,methylglyoxal degradation III,https://humancyc.org/search?type=NIL&organism=HUMAN&q=methylglyoxal%20degradation%20III
HumanCyc,methylmalonyl pathway,https://humancyc.org/search?type=NIL&organism=HUMAN&q=methylmalonyl%20pathway
HumanCyc,mevalonate pathway I,https://humancyc.org/search?type=NIL&organism=HUMAN&q=mevalonate%20pathway%20I
HumanCyc,mitochondrial L-carnitine shuttle pathway,https://humancyc.org/search?type=NIL&organism=HUMAN&q=mitochondrial%20L-carnitine%20shuttle%20pathway
HumanCyc,molybdenum cofactor biosynthesis,https://humancyc.org/search?type=NIL&organism=HUMAN&q=molybdenum%20cofactor%20biosynthesis
HumanCyc,myo-inositol biosynthesis,https://humancyc.org/search?type=NIL&organism=HUMAN&q=myo-inositol%20biosynthesis
HumanCyc,noradrenaline and adrenaline degradation,https://humancyc.org/search?type=NIL&organism=HUMAN&q=noradrenaline%20and%20adrenaline%20degradation
HumanCyc,oleate biosynthesis II (animals),https://humancyc.org/search?type=NIL&organism=HUMAN&q=oleate%20biosynthesis%20II%20%28animals%29
HumanCyc,oxidative ethanol degradation III,https://humancyc.org/search?type=NIL&organism=HUMAN&q=oxidative%20ethanol%20degradation%20III
HumanCyc,pentose phosphate pathway,https://humancyc.org/search?type=NIL&organism=HUMAN&q=pentose%20phosphate%20pathway
HumanCyc,pentose phosphate pathway (non-oxidative branch),https://humancyc.org/search?type=NIL&organism=HUMAN&q=pentose%20phosphate%20pathway%20%28non-oxidative%20branch%29
HumanCyc,pentose phosphate pathway (oxidative branch),https://humancyc.org/search?type=NIL&organism=HUMAN&q=pentose%20phosphate%20pathway%20%28oxidative%20branch%29
HumanCyc,phenylalanine degradation I (aerobic),https://humancyc.org/search?type=NIL&organism=HUMAN&q=phenylalanine%20degradation%20I%20%28aerobic%29
HumanCyc,phenylethylamine degradation I,https://humancyc.org/search?type=NIL&organism=HUMAN&q=phenylethylamine%20degradation%20I
HumanCyc,phosphatidylcholine biosynthesis I,https://humancyc.org/search?type=NIL&organism=HUMAN&q=phosphatidylcholine%20biosynthesis%20I
HumanCyc,phosphatidylethanolamine biosynthesis II,https://humancyc.org/search?type=NIL&organism=HUMAN&q=phosphatidylethanolamine%20biosynthesis%20II
HumanCyc,phosphatidylglycerol biosynthesis II (non-plastidic),https://humancyc.org/search?type=NIL&organism=HUMAN&q=phosphatidylglycerol%20biosynthesis%20II%20%28non-plastidic%29
HumanCyc,phospholipases,https://humancyc.org/search?type=NIL&organism=HUMAN&q=phospholipases
HumanCyc,proline biosynthesis I,https://humancyc.org/search?type=NIL&organism=HUMAN&q=proline%20biosynthesis%20I
HumanCyc,proline biosynthesis II (from arginine),https://humancyc.org/search?type=NIL&organism=HUMAN&q=proline%20biosynthesis%20II%20%28from%20arginine%29
HumanCyc,protein citrullination,https://humancyc.org/search?type=NIL&organism=HUMAN&q=protein%20citrullination
HumanCyc,purine nucleotides de novo biosynthesis II,https://humancyc.org/search?type=NIL&organism=HUMAN&q=purine%20nucleotides%20de%20novo%20biosynthesis%20II
HumanCyc,purine nucleotides degradation II (aerobic),https://humancyc.org/search?type=NIL&organism=HUMAN&q=purine%20nucleotides%20degradation%20II%20%28aerobic%29
HumanCyc,purine ribonucleosides degradation to ribose-1-phosphate,https://humancyc.org/search?type=NIL&organism=HUMAN&q=purine%20ribonucleosides%20degradation%20to%20ribose-1-phosphate
HumanCyc,putrescine degradation III,https://humancyc.org/search?type=NIL&organism=HUMAN&q=putrescine%20degradation%20III
HumanCyc,pyrimidine ribonucleotides de novo biosynthesis,https://humancyc.org/search?type=NIL&organism=HUMAN&q=pyrimidine%20ribonucleotides%20de%20novo%20biosynthesis
HumanCyc,pyrimidine ribonucleotides interconversion,https://humancyc.org/search?type=NIL&organism=HUMAN&q=pyrimidine%20ribonucleotides%20interconversion
HumanCyc,pyruvate fermentation to lactate,https://humancyc.org/search?type=NIL&organism=HUMAN&q=pyruvate%20fermentation%20to%20lactate
HumanCyc,salvage pathways of pyrimidine deoxyribonucleotides,https://humancyc.org/search?type=NIL&organism=HUMAN&q=salvage%20pathways%20of%20pyrimidine%20deoxyribonucleotides
HumanCyc,salvage pathways of pyrimidine ribonucleotides,https://humancyc.org/search?type=NIL&organism=HUMAN&q=salvage%20pathways%20of%20pyrimidine%20ribonucleotides
HumanCyc,selenocysteine biosynthesis II (archaea and eukaryotes),https://humancyc.org/search?type=NIL&organism=HUMAN&q=selenocysteine%20biosynthesis%20II%20%28archaea%20and%20eukaryotes%29
HumanCyc,serine biosynthesis,https://humancyc.org/search?type=NIL&organism=HUMAN&q=serine%20biosynthesis
HumanCyc,serotonin and melatonin biosynthesis,https://humancyc.org/search?type=NIL&organism=HUMAN&q=serotonin%20and%20melatonin%20biosynthesis
HumanCyc,serotonin degradation,https://humancyc.org/search?type=NIL&organism=HUMAN&q=serotonin%20degradation
HumanCyc,spermine and spermidine degradation I,https://humancyc.org/search?type=NIL&organism=HUMAN&q=spermine%20and%20spermidine%20degradation%20I
HumanCyc,sphingomyelin metabolism,https://humancyc.org/search?type=NIL&organism=HUMAN&q=sphingomyelin%20metabolism
HumanCyc,sphingosine and sphingosine-1-phosphate metabolism,https://humancyc.org/search?type=NIL&organism=HUMAN&q=sphingosine%20and%20sphingosine-1-phosphate%20metabolism
HumanCyc,stearate biosynthesis I (animals),https://humancyc.org/search?type=NIL&organism=HUMAN&q=stearate%20biosynthesis%20I%20%28animals%29
HumanCyc,sucrose degradation V (mammalian),https://humancyc.org/search?type=NIL&organism=HUMAN&q=sucrose%20degradation%20V%20%28mammalian%29
HumanCyc,superoxide radicals degradation,https://humancyc.org/search?type=NIL&organism=HUMAN&q=superoxide%20radicals%20degradation
HumanCyc,"superpathway of D-myo-inositol (1,4,5)-trisphosphate metabolism",https://humancyc.org/search?type=NIL&organism=HUMAN&q=superpathway%20of%20D-myo-inositol%20%281%2C4%2C5%29-trisphosphate%20metabolism
HumanCyc,superpathway of cholesterol biosynthesis,https://humancyc.org/search?type=NIL&organism=HUMAN&q=superpathway%20of%20cholesterol%20biosynthesis
HumanCyc,superpathway of geranylgeranyldiphosphate biosynthesis I (via mevalonate),https://humancyc.org/search?type=NIL&organism=HUMAN&q=superpathway%20of%20geranylgeranyldiphosphate%20biosynthesis%20I%20%28via%20mevalonate%29
HumanCyc,superpathway of inositol phosphate compounds,https://humancyc.org/search?type=NIL&organism=HUMAN&q=superpathway%20of%20inositol%20phosphate%20compounds
HumanCyc,superpathway of serine and glycine biosynthesis I,https://humancyc.org/search?type=NIL&organism=HUMAN&q=superpathway%20of%20serine%20and%20glycine%20biosynthesis%20I
HumanCyc,tRNA charging,https://humancyc.org/search?type=NIL&organism=HUMAN&q=tRNA%20charging
HumanCyc,tRNA splicing,https://humancyc.org/search?type=NIL&organism=HUMAN&q=tRNA%20splicing
HumanCyc,tetrahydrobiopterin biosynthesis I,https://humancyc.org/search?type=NIL&organism=HUMAN&q=tetrahydrobiopterin%20biosynthesis%20I
HumanCyc,tetrahydrobiopterin biosynthesis II,https://humancyc.org/search?type=NIL&organism=HUMAN&q=tetrahydrobiopterin%20biosynthesis%20II
HumanCyc,"tetrahydrofolate salvage from 5,10-methenyltetrahydrofolate",https://humancyc.org/search?type=NIL&organism=HUMAN&q=tetrahydrofolate%20salvage%20from%205%2C10-methenyltetrahydrofolate
HumanCyc,tetrapyrrole biosynthesis II,https://humancyc.org/search?type=NIL&organism=HUMAN&q=tetrapyrrole%20biosynthesis%20II
HumanCyc,thymine degradation,https://humancyc.org/search?type=NIL&organism=HUMAN&q=thymine%20degradation
HumanCyc,"trans, trans-farnesyl diphosphate biosynthesis",https://humancyc.org/search?type=NIL&organism=HUMAN&q=trans%2C%20trans-farnesyl%20diphosphate%20biosynthesis
HumanCyc,trehalose degradation II (trehalase),https://humancyc.org/search?type=NIL&organism=HUMAN&q=trehalose%20degradation%20II%20%28trehalase%29
HumanCyc,triacylglycerol biosynthesis,https://humancyc.org/search?type=NIL&organism=HUMAN&q=triacylglycerol%20biosynthesis
HumanCyc,triacylglycerol degradation,https://humancyc.org/search?type=NIL&organism=HUMAN&q=triacylglycerol%20degradation
HumanCyc,tryptophan degradation III (eukaryotic),https://humancyc.org/search?type=NIL&organism=HUMAN&q=tryptophan%20degradation%20III%20%28eukaryotic%29
HumanCyc,"tryptophan degradation X (mammalian, via tryptamine)",https://humancyc.org/search?type=NIL&organism=HUMAN&q=tryptophan%20degradation%20X%20%28mammalian%2C%20via%20tryptamine%29
HumanCyc,tryptophan degradation to 2-amino-3-carboxymuconate semialdehyde,https://humancyc.org/search?type=NIL&organism=HUMAN&q=tryptophan%20degradation%20to%202-amino-3-carboxymuconate%20semialdehyde
HumanCyc,tyrosine degradation I,https://humancyc.org/search?type=NIL&organism=HUMAN&q=tyrosine%20degradation%20I
HumanCyc,uracil degradation II (reductive),https://humancyc.org/search?type=NIL&organism=HUMAN&q=uracil%20degradation%20II%20%28reductive%29
HumanCyc,urate biosynthesis/inosine 5'-phosphate degradation,https://humancyc.org/search?type=NIL&organism=HUMAN&q=urate%20biosynthesis%2Finosine%205%27-phosphate%20degradation
HumanCyc,urea cycle,https://humancyc.org/search?type=NIL&organism=HUMAN&q=urea%20cycle
HumanCyc,zymosterol biosynthesis,https://humancyc.org/search?type=NIL&organism=HUMAN&q=zymosterol%20biosynthesis
KEGG,ABC transporters,https://www.genome.jp/dbget-bin/www_bfind_sub?mode=bfind&max_hit=1000&dbkey=pathway&keywords=ABC transporters
KEGG,AGE-RAGE signaling pathway in diabetic complications,https://www.genome.jp/dbget-bin/www_bfind_sub?mode=bfind&max_hit=1000&dbkey=pathway&keywords=AGE-RAGE signaling pathway in diabetic complications
KEGG,AMPK signaling pathway,https://www.genome.jp/dbget-bin/www_bfind_sub?mode=bfind&max_hit=1000&dbkey=pathway&keywords=AMPK signaling pathway
KEGG,Acute myeloid leukemia,https://www.genome.jp/dbget-bin/www_bfind_sub?mode=bfind&max_hit=1000&dbkey=pathway&keywords=Acute myeloid leukemia
KEGG,Adherens junction,https://www.genome.jp/dbget-bin/www_bfind_sub?mode=bfind&max_hit=1000&dbkey=pathway&keywords=Adherens junction
KEGG,Adipocytokine signaling pathway,https://www.genome.jp/dbget-bin/www_bfind_sub?mode=bfind&max_hit=1000&dbkey=pathway&keywords=Adipocytokine signaling pathway
KEGG,Adrenergic signaling in cardiomyocytes,https://www.genome.jp/dbget-bin/www_bfind_sub?mode=bfind&max_hit=1000&dbkey=pathway&keywords=Adrenergic signaling in cardiomyocytes
KEGG,African trypanosomiasis,https://www.genome.jp/dbget-bin/www_bfind_sub?mode=bfind&max_hit=1000&dbkey=pathway&keywords=African trypanosomiasis
KEGG,"Alanine, aspartate and glutamate metabolism","https://www.genome.jp/dbget-bin/www_bfind_sub?mode=bfind&max_hit=1000&dbkey=pathway&keywords=Alanine, aspartate and glutamate metabolism"
KEGG,Alcoholism,https://www.genome.jp/dbget-bin/www_bfind_sub?mode=bfind&max_hit=1000&dbkey=pathway&keywords=Alcoholism
KEGG,Aldosterone synthesis and secretion,https://www.genome.jp/dbget-bin/www_bfind_sub?mode=bfind&max_hit=1000&dbkey=pathway&keywords=Aldosterone synthesis and secretion
KEGG,Aldosterone-regulated sodium reabsorption,https://www.genome.jp/dbget-bin/www_bfind_sub?mode=bfind&max_hit=1000&dbkey=pathway&keywords=Aldosterone-regulated sodium reabsorption
KEGG,Allograft rejection,https://www.genome.jp/dbget-bin/www_bfind_sub?mode=bfind&max_hit=1000&dbkey=pathway&keywords=Allograft rejection
KEGG,Alzheimer disease,https://www.genome.jp/dbget-bin/www_bfind_sub?mode=bfind&max_hit=1000&dbkey=pathway&keywords=Alzheimer disease
KEGG,Amino sugar and nucleotide sugar metabolism,https://www.genome.jp/dbget-bin/www_bfind_sub?mode=bfind&max_hit=1000&dbkey=pathway&keywords=Amino sugar and nucleotide sugar metabolism
KEGG,Aminoacyl-tRNA biosynthesis,https://www.genome.jp/dbget-bin/www_bfind_sub?mode=bfind&max_hit=1000&dbkey=pathway&keywords=Aminoacyl-tRNA biosynthesis
KEGG,Amoebiasis,https://www.genome.jp/dbget-bin/www_bfind_sub?mode=bfind&max_hit=1000&dbkey=pathway&keywords=Amoebiasis
KEGG,Amphetamine addiction,https://www.genome.jp/dbget-bin/www_bfind_sub?mode=bfind&max_hit=1000&dbkey=pathway&keywords=Amphetamine addiction
KEGG,Amyotrophic lateral sclerosis,https://www.genome.jp/dbget-bin/www_bfind_sub?mode=bfind&max_hit=1000&dbkey=pathway&keywords=Amyotrophic lateral sclerosis
KEGG,Antigen processing and presentation,https://www.genome.jp/dbget-bin/www_bfind_sub?mode=bfind&max_hit=1000&dbkey=pathway&keywords=Antigen processing and presentation
KEGG,Apelin signaling pathway,https://www.genome.jp/dbget-bin/www_bfind_sub?mode=bfind&max_hit=1000&dbkey=pathway&keywords=Apelin signaling pathway
KEGG,Apoptosis,https://www.genome.jp/dbget-bin/www_bfind_sub?mode=bfind&max_hit=1000&dbkey=pathway&keywords=Apoptosis
KEGG,Apoptosis - multiple species,https://www.genome.jp/dbget-bin/www_bfind_sub?mode=bfind&max_hit=1000&dbkey=pathway&keywords=Apoptosis - multiple species
KEGG,Arachidonic acid metabolism,https://www.genome.jp/dbget-bin/www_bfind_sub?mode=bfind&max_hit=1000&dbkey=pathway&keywords=Arachidonic acid metabolism
KEGG,Arginine and proline metabolism,https://www.genome.jp/dbget-bin/www_bfind_sub?mode=bfind&max_hit=1000&dbkey=pathway&keywords=Arginine and proline metabolism
KEGG,Arginine biosynthesis,https://www.genome.jp/dbget-bin/www_bfind_sub?mode=bfind&max_hit=1000&dbkey=pathway&keywords=Arginine biosynthesis
KEGG,Arrhythmogenic right ventricular cardiomyopathy,https://www.genome.jp/dbget-bin/www_bfind_sub?mode=bfind&max_hit=1000&dbkey=pathway&keywords=Arrhythmogenic right ventricular cardiomyopathy
KEGG,Ascorbate and aldarate metabolism,https://www.genome.jp/dbget-bin/www_bfind_sub?mode=bfind&max_hit=1000&dbkey=pathway&keywords=Ascorbate and aldarate metabolism
KEGG,Asthma,https://www.genome.jp/dbget-bin/www_bfind_sub?mode=bfind&max_hit=1000&dbkey=pathway&keywords=Asthma
KEGG,Autoimmune thyroid disease,https://www.genome.jp/dbget-bin/www_bfind_sub?mode=bfind&max_hit=1000&dbkey=pathway&keywords=Autoimmune thyroid disease
KEGG,Autophagy - animal,https://www.genome.jp/dbget-bin/www_bfind_sub?mode=bfind&max_hit=1000&dbkey=pathway&keywords=Autophagy - animal
KEGG,Autophagy - other,https://www.genome.jp/dbget-bin/www_bfind_sub?mode=bfind&max_hit=1000&dbkey=pathway&keywords=Autophagy - other
KEGG,Axon guidance,https://www.genome.jp/dbget-bin/www_bfind_sub?mode=bfind&max_hit=1000&dbkey=pathway&keywords=Axon guidance
KEGG,B cell receptor signaling pathway,https://www.genome.jp/dbget-bin/www_bfind_sub?mode=bfind&max_hit=1000&dbkey=pathway&keywords=B cell receptor signaling pathway
KEGG,Bacterial invasion of epithelial cells,https://www.genome.jp/dbget-bin/www_bfind_sub?mode=bfind&max_hit=1000&dbkey=pathway&keywords=Bacterial invasion of epithelial cells
KEGG,Basal cell carcinoma,https://www.genome.jp/dbget-bin/www_bfind_sub?mode=bfind&max_hit=1000&dbkey=pathway&keywords=Basal cell carcinoma
KEGG,Basal transcription factors,https://www.genome.jp/dbget-bin/www_bfind_sub?mode=bfind&max_hit=1000&dbkey=pathway&keywords=Basal transcription factors
KEGG,Base excision repair,https://www.genome.jp/dbget-bin/www_bfind_sub?mode=bfind&max_hit=1000&dbkey=pathway&keywords=Base excision repair
KEGG,Bile secretion,https://www.genome.jp/dbget-bin/www_bfind_sub?mode=bfind&max_hit=1000&dbkey=pathway&keywords=Bile secretion
KEGG,Biosynthesis of unsaturated fatty acids,https://www.genome.jp/dbget-bin/www_bfind_sub?mode=bfind&max_hit=1000&dbkey=pathway&keywords=Biosynthesis of unsaturated fatty acids
KEGG,Biotin metabolism,https://www.genome.jp/dbget-bin/www_bfind_sub?mode=bfind&max_hit=1000&dbkey=pathway&keywords=Biotin metabolism
KEGG,Bladder cancer,https://www.genome.jp/dbget-bin/www_bfind_sub?mode=bfind&max_hit=1000&dbkey=pathway&keywords=Bladder cancer
KEGG,Breast cancer,https://www.genome.jp/dbget-bin/www_bfind_sub?mode=bfind&max_hit=1000&dbkey=pathway&keywords=Breast cancer
KEGG,Butanoate metabolism,https://www.genome.jp/dbget-bin/www_bfind_sub?mode=bfind&max_hit=1000&dbkey=pathway&keywords=Butanoate metabolism
KEGG,C-type lectin receptor signaling pathway,https://www.genome.jp/dbget-bin/www_bfind_sub?mode=bfind&max_hit=1000&dbkey=pathway&keywords=C-type lectin receptor signaling pathway
KEGG,Caffeine metabolism,https://www.genome.jp/dbget-bin/www_bfind_sub?mode=bfind&max_hit=1000&dbkey=pathway&keywords=Caffeine metabolism
KEGG,Calcium signaling pathway,https://www.genome.jp/dbget-bin/www_bfind_sub?mode=bfind&max_hit=1000&dbkey=pathway&keywords=Calcium signaling pathway
KEGG,Carbohydrate digestion and absorption,https://www.genome.jp/dbget-bin/www_bfind_sub?mode=bfind&max_hit=1000&dbkey=pathway&keywords=Carbohydrate digestion and absorption
KEGG,Cardiac muscle contraction,https://www.genome.jp/dbget-bin/www_bfind_sub?mode=bfind&max_hit=1000&dbkey=pathway&keywords=Cardiac muscle contraction
KEGG,Cell adhesion molecules,https://www.genome.jp/dbget-bin/www_bfind_sub?mode=bfind&max_hit=1000&dbkey=pathway&keywords=Cell adhesion molecules
KEGG,Cell cycle,https://www.genome.jp/dbget-bin/www_bfind_sub?mode=bfind&max_hit=1000&dbkey=pathway&keywords=Cell cycle
KEGG,Cellular senescence,https://www.genome.jp/dbget-bin/www_bfind_sub?mode=bfind&max_hit=1000&dbkey=pathway&keywords=Cellular senescence
KEGG,Central carbon metabolism in cancer,https://www.genome.jp/dbget-bin/www_bfind_sub?mode=bfind&max_hit=1000&dbkey=pathway&keywords=Central carbon metabolism in cancer
KEGG,Chagas disease,https://www.genome.jp/dbget-bin/www_bfind_sub?mode=bfind&max_hit=1000&dbkey=pathway&keywords=Chagas disease
KEGG,Chemical carcinogenesis,https://www.genome.jp/dbget-bin/www_bfind_sub?mode=bfind&max_hit=1000&dbkey=pathway&keywords=Chemical carcinogenesis
KEGG,Chemokine signaling pathway,https://www.genome.jp/dbget-bin/www_bfind_sub?mode=bfind&max_hit=1000&dbkey=pathway&keywords=Chemokine signaling pathway
KEGG,Cholesterol metabolism,https://www.genome.jp/dbget-bin/www_bfind_sub?mode=bfind&max_hit=1000&dbkey=pathway&keywords=Cholesterol metabolism
KEGG,Choline metabolism in cancer,https://www.genome.jp/dbget-bin/www_bfind_sub?mode=bfind&max_hit=1000&dbkey=pathway&keywords=Choline metabolism in cancer
KEGG,Cholinergic synapse,https://www.genome.jp/dbget-bin/www_bfind_sub?mode=bfind&max_hit=1000&dbkey=pathway&keywords=Cholinergic synapse
KEGG,Chronic myeloid leukemia,https://www.genome.jp/dbget-bin/www_bfind_sub?mode=bfind&max_hit=1000&dbkey=pathway&keywords=Chronic myeloid leukemia
KEGG,Circadian entrainment,https://www.genome.jp/dbget-bin/www_bfind_sub?mode=bfind&max_hit=1000&dbkey=pathway&keywords=Circadian entrainment
KEGG,Circadian rhythm,https://www.genome.jp/dbget-bin/www_bfind_sub?mode=bfind&max_hit=1000&dbkey=pathway&keywords=Circadian rhythm
KEGG,Citrate cycle (TCA cycle),https://www.genome.jp/dbget-bin/www_bfind_sub?mode=bfind&max_hit=1000&dbkey=pathway&keywords=Citrate cycle (TCA cycle)
KEGG,Cocaine addiction,https://www.genome.jp/dbget-bin/www_bfind_sub?mode=bfind&max_hit=1000&dbkey=pathway&keywords=Cocaine addiction
KEGG,Collecting duct acid secretion,https://www.genome.jp/dbget-bin/www_bfind_sub?mode=bfind&max_hit=1000&dbkey=pathway&keywords=Collecting duct acid secretion
KEGG,Colorectal cancer,https://www.genome.jp/dbget-bin/www_bfind_sub?mode=bfind&max_hit=1000&dbkey=pathway&keywords=Colorectal cancer
KEGG,Complement and coagulation cascades,https://www.genome.jp/dbget-bin/www_bfind_sub?mode=bfind&max_hit=1000&dbkey=pathway&keywords=Complement and coagulation cascades
KEGG,Coronavirus disease - COVID-19,https://www.genome.jp/dbget-bin/www_bfind_sub?mode=bfind&max_hit=1000&dbkey=pathway&keywords=Coronavirus disease - COVID-19
KEGG,Cortisol synthesis and secretion,https://www.genome.jp/dbget-bin/www_bfind_sub?mode=bfind&max_hit=1000&dbkey=pathway&keywords=Cortisol synthesis and secretion
KEGG,Cushing syndrome,https://www.genome.jp/dbget-bin/www_bfind_sub?mode=bfind&max_hit=1000&dbkey=pathway&keywords=Cushing syndrome
KEGG,Cysteine and methionine metabolism,https://www.genome.jp/dbget-bin/www_bfind_sub?mode=bfind&max_hit=1000&dbkey=pathway&keywords=Cysteine and methionine metabolism
KEGG,Cytokine-cytokine receptor interaction,https://www.genome.jp/dbget-bin/www_bfind_sub?mode=bfind&max_hit=1000&dbkey=pathway&keywords=Cytokine-cytokine receptor interaction
KEGG,Cytosolic DNA-sensing pathway,https://www.genome.jp/dbget-bin/www_bfind_sub?mode=bfind&max_hit=1000&dbkey=pathway&keywords=Cytosolic DNA-sensing pathway
KEGG,D-Glutamine and D-glutamate metabolism,https://www.genome.jp/dbget-bin/www_bfind_sub?mode=bfind&max_hit=1000&dbkey=pathway&keywords=D-Glutamine and D-glutamate metabolism
KEGG,DNA replication,https://www.genome.jp/dbget-bin/www_bfind_sub?mode=bfind&max_hit=1000&dbkey=pathway&keywords=DNA replication
KEGG,Diabetic cardiomyopathy,https://www.genome.jp/dbget-bin/www_bfind_sub?mode=bfind&max_hit=1000&dbkey=pathway&keywords=Diabetic cardiomyopathy
KEGG,Dilated cardiomyopathy,https://www.genome.jp/dbget-bin/www_bfind_sub?mode=bfind&max_hit=1000&dbkey=pathway&keywords=Dilated cardiomyopathy
KEGG,Dopaminergic synapse,https://www.genome.jp/dbget-bin/www_bfind_sub?mode=bfind&max_hit=1000&dbkey=pathway&keywords=Dopaminergic synapse
KEGG,Drug metabolism - cytochrome P450,https://www.genome.jp/dbget-bin/www_bfind_sub?mode=bfind&max_hit=1000&dbkey=pathway&keywords=Drug metabolism - cytochrome P450
KEGG,Drug metabolism - other enzymes,https://www.genome.jp/dbget-bin/www_bfind_sub?mode=bfind&max_hit=1000&dbkey=pathway&keywords=Drug metabolism - other enzymes
KEGG,ECM-receptor interaction,https://www.genome.jp/dbget-bin/www_bfind_sub?mode=bfind&max_hit=1000&dbkey=pathway&keywords=ECM-receptor interaction
KEGG,Endocrine and other factor-regulated calcium reabsorption,https://www.genome.jp/dbget-bin/www_bfind_sub?mode=bfind&max_hit=1000&dbkey=pathway&keywords=Endocrine and other factor-regulated calcium reabsorption
KEGG,Endocytosis,https://www.genome.jp/dbget-bin/www_bfind_sub?mode=bfind&max_hit=1000&dbkey=pathway&keywords=Endocytosis
KEGG,Endometrial cancer,https://www.genome.jp/dbget-bin/www_bfind_sub?mode=bfind&max_hit=1000&dbkey=pathway&keywords=Endometrial cancer
KEGG,Epithelial cell signaling in Helicobacter pylori infection,https://www.genome.jp/dbget-bin/www_bfind_sub?mode=bfind&max_hit=1000&dbkey=pathway&keywords=Epithelial cell signaling in Helicobacter pylori infection
KEGG,Epstein-Barr virus infection,https://www.genome.jp/dbget-bin/www_bfind_sub?mode=bfind&max_hit=1000&dbkey=pathway&keywords=Epstein-Barr virus infection
KEGG,ErbB signaling pathway,https://www.genome.jp/dbget-bin/www_bfind_sub?mode=bfind&max_hit=1000&dbkey=pathway&keywords=ErbB signaling pathway
KEGG,Estrogen signaling pathway,https://www.genome.jp/dbget-bin/www_bfind_sub?mode=bfind&max_hit=1000&dbkey=pathway&keywords=Estrogen signaling pathway
KEGG,Ether lipid metabolism,https://www.genome.jp/dbget-bin/www_bfind_sub?mode=bfind&max_hit=1000&dbkey=pathway&keywords=Ether lipid metabolism
KEGG,Fanconi anemia pathway,https://www.genome.jp/dbget-bin/www_bfind_sub?mode=bfind&max_hit=1000&dbkey=pathway&keywords=Fanconi anemia pathway
KEGG,Fat digestion and absorption,https://www.genome.jp/dbget-bin/www_bfind_sub?mode=bfind&max_hit=1000&dbkey=pathway&keywords=Fat digestion and absorption
KEGG,Fatty acid biosynthesis,https://www.genome.jp/dbget-bin/www_bfind_sub?mode=bfind&max_hit=1000&dbkey=pathway&keywords=Fatty acid biosynthesis
KEGG,Fatty acid degradation,https://www.genome.jp/dbget-bin/www_bfind_sub?mode=bfind&max_hit=1000&dbkey=pathway&keywords=Fatty acid degradation
KEGG,Fatty acid elongation,https://www.genome.jp/dbget-bin/www_bfind_sub?mode=bfind&max_hit=1000&dbkey=pathway&keywords=Fatty acid elongation
KEGG,Fc epsilon RI signaling pathway,https://www.genome.jp/dbget-bin/www_bfind_sub?mode=bfind&max_hit=1000&dbkey=pathway&keywords=Fc epsilon RI signaling pathway
KEGG,Fc gamma R-mediated phagocytosis,https://www.genome.jp/dbget-bin/www_bfind_sub?mode=bfind&max_hit=1000&dbkey=pathway&keywords=Fc gamma R-mediated phagocytosis
KEGG,Ferroptosis,https://www.genome.jp/dbget-bin/www_bfind_sub?mode=bfind&max_hit=1000&dbkey=pathway&keywords=Ferroptosis
KEGG,Fluid shear stress and atherosclerosis,https://www.genome.jp/dbget-bin/www_bfind_sub?mode=bfind&max_hit=1000&dbkey=pathway&keywords=Fluid shear stress and atherosclerosis
KEGG,Focal adhesion,https://www.genome.jp/dbget-bin/www_bfind_sub?mode=bfind&max_hit=1000&dbkey=pathway&keywords=Focal adhesion
KEGG,Folate biosynthesis,https://www.genome.jp/dbget-bin/www_bfind_sub?mode=bfind&max_hit=1000&dbkey=pathway&keywords=Folate biosynthesis
KEGG,FoxO signaling pathway,https://www.genome.jp/dbget-bin/www_bfind_sub?mode=bfind&max_hit=1000&dbkey=pathway&keywords=FoxO signaling pathway
KEGG,Fructose and mannose metabolism,https://www.genome.jp/dbget-bin/www_bfind_sub?mode=bfind&max_hit=1000&dbkey=pathway&keywords=Fructose and mannose metabolism
KEGG,GABAergic synapse,https://www.genome.jp/dbget-bin/www_bfind_sub?mode=bfind&max_hit=1000&dbkey=pathway&keywords=GABAergic synapse
KEGG,Galactose metabolism,https://www.genome.jp/dbget-bin/www_bfind_sub?mode=bfind&max_hit=1000&dbkey=pathway&keywords=Galactose metabolism
KEGG,Gap junction,https://www.genome.jp/dbget-bin/www_bfind_sub?mode=bfind&max_hit=1000&dbkey=pathway&keywords=Gap junction
KEGG,Gastric acid secretion,https://www.genome.jp/dbget-bin/www_bfind_sub?mode=bfind&max_hit=1000&dbkey=pathway&keywords=Gastric acid secretion
KEGG,Gastric cancer,https://www.genome.jp/dbget-bin/www_bfind_sub?mode=bfind&max_hit=1000&dbkey=pathway&keywords=Gastric cancer
KEGG,Glioma,https://www.genome.jp/dbget-bin/www_bfind_sub?mode=bfind&max_hit=1000&dbkey=pathway&keywords=Glioma
KEGG,Glucagon signaling pathway,https://www.genome.jp/dbget-bin/www_bfind_sub?mode=bfind&max_hit=1000&dbkey=pathway&keywords=Glucagon signaling pathway
KEGG,Glutamatergic synapse,https://www.genome.jp/dbget-bin/www_bfind_sub?mode=bfind&max_hit=1000&dbkey=pathway&keywords=Glutamatergic synapse
KEGG,Glutathione metabolism,https://www.genome.jp/dbget-bin/www_bfind_sub?mode=bfind&max_hit=1000&dbkey=pathway&keywords=Glutathione metabolism
KEGG,Glycerolipid metabolism,https://www.genome.jp/dbget-bin/www_bfind_sub?mode=bfind&max_hit=1000&dbkey=pathway&keywords=Glycerolipid metabolism
KEGG,Glycerophospholipid metabolism,https://www.genome.jp/dbget-bin/www_bfind_sub?mode=bfind&max_hit=1000&dbkey=pathway&keywords=Glycerophospholipid metabolism
KEGG,"Glycine, serine and threonine metabolism","https://www.genome.jp/dbget-bin/www_bfind_sub?mode=bfind&max_hit=1000&dbkey=pathway&keywords=Glycine, serine and threonine metabolism"
KEGG,Glycolysis / Gluconeogenesis,https://www.genome.jp/dbget-bin/www_bfind_sub?mode=bfind&max_hit=1000&dbkey=pathway&keywords=Glycolysis / Gluconeogenesis
KEGG,Glycosaminoglycan biosynthesis - chondroitin sulfate / dermatan sulfate,https://www.genome.jp/dbget-bin/www_bfind_sub?mode=bfind&max_hit=1000&dbkey=pathway&keywords=Glycosaminoglycan biosynthesis - chondroitin sulfate / dermatan sulfate
KEGG,Glycosaminoglycan biosynthesis - heparan sulfate / heparin,https://www.genome.jp/dbget-bin/www_bfind_sub?mode=bfind&max_hit=1000&dbkey=pathway&keywords=Glycosaminoglycan biosynthesis - heparan sulfate / heparin
KEGG,Glycosaminoglycan biosynthesis - keratan sulfate,https://www.genome.jp/dbget-bin/www_bfind_sub?mode=bfind&max_hit=1000&dbkey=pathway&keywords=Glycosaminoglycan biosynthesis - keratan sulfate
KEGG,Glycosaminoglycan degradation,https://www.genome.jp/dbget-bin/www_bfind_sub?mode=bfind&max_hit=1000&dbkey=pathway&keywords=Glycosaminoglycan degradation
KEGG,Glycosphingolipid biosynthesis - ganglio series,https://www.genome.jp/dbget-bin/www_bfind_sub?mode=bfind&max_hit=1000&dbkey=pathway&keywords=Glycosphingolipid biosynthesis - ganglio series
KEGG,Glycosphingolipid biosynthesis - globo and isoglobo series,https://www.genome.jp/dbget-bin/www_bfind_sub?mode=bfind&max_hit=1000&dbkey=pathway&keywords=Glycosphingolipid biosynthesis - globo and isoglobo series
KEGG,Glycosphingolipid biosynthesis - lacto and neolacto series,https://www.genome.jp/dbget-bin/www_bfind_sub?mode=bfind&max_hit=1000&dbkey=pathway&keywords=Glycosphingolipid biosynthesis - lacto and neolacto series
KEGG,Glycosylphosphatidylinositol (GPI)-anchor biosynthesis,https://www.genome.jp/dbget-bin/www_bfind_sub?mode=bfind&max_hit=1000&dbkey=pathway&keywords=Glycosylphosphatidylinositol (GPI)-anchor biosynthesis
KEGG,Glyoxylate and dicarboxylate metabolism,https://www.genome.jp/dbget-bin/www_bfind_sub?mode=bfind&max_hit=1000&dbkey=pathway&keywords=Glyoxylate and dicarboxylate metabolism
KEGG,GnRH secretion,https://www.genome.jp/dbget-bin/www_bfind_sub?mode=bfind&max_hit=1000&dbkey=pathway&keywords=GnRH secretion
KEGG,GnRH signaling pathway,https://www.genome.jp/dbget-bin/www_bfind_sub?mode=bfind&max_hit=1000&dbkey=pathway&keywords=GnRH signaling pathway
KEGG,Graft-versus-host disease,https://www.genome.jp/dbget-bin/www_bfind_sub?mode=bfind&max_hit=1000&dbkey=pathway&keywords=Graft-versus-host disease
KEGG,"Growth hormone synthesis, secretion and action","https://www.genome.jp/dbget-bin/www_bfind_sub?mode=bfind&max_hit=1000&dbkey=pathway&keywords=Growth hormone synthesis, secretion and action"
KEGG,HIF-1 signaling pathway,https://www.genome.jp/dbget-bin/www_bfind_sub?mode=bfind&max_hit=1000&dbkey=pathway&keywords=HIF-1 signaling pathway
KEGG,Hedgehog signaling pathway,https://www.genome.jp/dbget-bin/www_bfind_sub?mode=bfind&max_hit=1000&dbkey=pathway&keywords=Hedgehog signaling pathway
KEGG,Hematopoietic cell lineage,https://www.genome.jp/dbget-bin/www_bfind_sub?mode=bfind&max_hit=1000&dbkey=pathway&keywords=Hematopoietic cell lineage
KEGG,Hepatitis B,https://www.genome.jp/dbget-bin/www_bfind_sub?mode=bfind&max_hit=1000&dbkey=pathway&keywords=Hepatitis B
KEGG,Hepatitis C,https://www.genome.jp/dbget-bin/www_bfind_sub?mode=bfind&max_hit=1000&dbkey=pathway&keywords=Hepatitis C
KEGG,Hepatocellular carcinoma,https://www.genome.jp/dbget-bin/www_bfind_sub?mode=bfind&max_hit=1000&dbkey=pathway&keywords=Hepatocellular carcinoma
KEGG,Herpes simplex virus 1 infection,https://www.genome.jp/dbget-bin/www_bfind_sub?mode=bfind&max_hit=1000&dbkey=pathway&keywords=Herpes simplex virus 1 infection
KEGG,Hippo signaling pathway,https://www.genome.jp/dbget-bin/www_bfind_sub?mode=bfind&max_hit=1000&dbkey=pathway&keywords=Hippo signaling pathway
KEGG,Hippo signaling pathway - multiple species,https://www.genome.jp/dbget-bin/www_bfind_sub?mode=bfind&max_hit=1000&dbkey=pathway&keywords=Hippo signaling pathway - multiple species
KEGG,Histidine metabolism,https://www.genome.jp/dbget-bin/www_bfind_sub?mode=bfind&max_hit=1000&dbkey=pathway&keywords=Histidine metabolism
KEGG,Homologous recombination,https://www.genome.jp/dbget-bin/www_bfind_sub?mode=bfind&max_hit=1000&dbkey=pathway&keywords=Homologous recombination
KEGG,Human T-cell leukemia virus 1 infection,https://www.genome.jp/dbget-bin/www_bfind_sub?mode=bfind&max_hit=1000&dbkey=pathway&keywords=Human T-cell leukemia virus 1 infection
KEGG,Human cytomegalovirus infection,https://www.genome.jp/dbget-bin/www_bfind_sub?mode=bfind&max_hit=1000&dbkey=pathway&keywords=Human cytomegalovirus infection
KEGG,Human immunodeficiency virus 1 infection,https://www.genome.jp/dbget-bin/www_bfind_sub?mode=bfind&max_hit=1000&dbkey=pathway&keywords=Human immunodeficiency virus 1 infection
KEGG,Human papillomavirus infection,https://www.genome.jp/dbget-bin/www_bfind_sub?mode=bfind&max_hit=1000&dbkey=pathway&keywords=Human papillomavirus infection
KEGG,Huntington disease,https://www.genome.jp/dbget-bin/www_bfind_sub?mode=bfind&max_hit=1000&dbkey=pathway&keywords=Huntington disease
KEGG,Hypertrophic cardiomyopathy,https://www.genome.jp/dbget-bin/www_bfind_sub?mode=bfind&max_hit=1000&dbkey=pathway&keywords=Hypertrophic cardiomyopathy
KEGG,IL-17 signaling pathway,https://www.genome.jp/dbget-bin/www_bfind_sub?mode=bfind&max_hit=1000&dbkey=pathway&keywords=IL-17 signaling pathway
KEGG,Inflammatory bowel disease,https://www.genome.jp/dbget-bin/www_bfind_sub?mode=bfind&max_hit=1000&dbkey=pathway&keywords=Inflammatory bowel disease
KEGG,Inflammatory mediator regulation of TRP channels,https://www.genome.jp/dbget-bin/www_bfind_sub?mode=bfind&max_hit=1000&dbkey=pathway&keywords=Inflammatory mediator regulation of TRP channels
KEGG,Influenza A,https://www.genome.jp/dbget-bin/www_bfind_sub?mode=bfind&max_hit=1000&dbkey=pathway&keywords=Influenza A
KEGG,Inositol phosphate metabolism,https://www.genome.jp/dbget-bin/www_bfind_sub?mode=bfind&max_hit=1000&dbkey=pathway&keywords=Inositol phosphate metabolism
KEGG,Insulin resistance,https://www.genome.jp/dbget-bin/www_bfind_sub?mode=bfind&max_hit=1000&dbkey=pathway&keywords=Insulin resistance
KEGG,Insulin secretion,https://www.genome.jp/dbget-bin/www_bfind_sub?mode=bfind&max_hit=1000&dbkey=pathway&keywords=Insulin secretion
KEGG,Insulin signaling pathway,https://www.genome.jp/dbget-bin/www_bfind_sub?mode=bfind&max_hit=1000&dbkey=pathway&keywords=Insulin signaling pathway
KEGG,Intestinal immune network for IgA production,https://www.genome.jp/dbget-bin/www_bfind_sub?mode=bfind&max_hit=1000&dbkey=pathway&keywords=Intestinal immune network for IgA production
KEGG,JAK-STAT signaling pathway,https://www.genome.jp/dbget-bin/www_bfind_sub?mode=bfind&max_hit=1000&dbkey=pathway&keywords=JAK-STAT signaling pathway
KEGG,Kaposi sarcoma-associated herpesvirus infection,https://www.genome.jp/dbget-bin/www_bfind_sub?mode=bfind&max_hit=1000&dbkey=pathway&keywords=Kaposi sarcoma-associated herpesvirus infection
KEGG,Legionellosis,https://www.genome.jp/dbget-bin/www_bfind_sub?mode=bfind&max_hit=1000&dbkey=pathway&keywords=Legionellosis
KEGG,Leishmaniasis,https://www.genome.jp/dbget-bin/www_bfind_sub?mode=bfind&max_hit=1000&dbkey=pathway&keywords=Leishmaniasis
KEGG,Leukocyte transendothelial migration,https://www.genome.jp/dbget-bin/www_bfind_sub?mode=bfind&max_hit=1000&dbkey=pathway&keywords=Leukocyte transendothelial migration
KEGG,Linoleic acid metabolism,https://www.genome.jp/dbget-bin/www_bfind_sub?mode=bfind&max_hit=1000&dbkey=pathway&keywords=Linoleic acid metabolism
KEGG,Lipid and atherosclerosis,https://www.genome.jp/dbget-bin/www_bfind_sub?mode=bfind&max_hit=1000&dbkey=pathway&keywords=Lipid and atherosclerosis
KEGG,Lipoic acid metabolism,https://www.genome.jp/dbget-bin/www_bfind_sub?mode=bfind&max_hit=1000&dbkey=pathway&keywords=Lipoic acid metabolism
KEGG,Long-term depression,https://www.genome.jp/dbget-bin/www_bfind_sub?mode=bfind&max_hit=1000&dbkey=pathway&keywords=Long-term depression
KEGG,Long-term potentiation,https://www.genome.jp/dbget-bin/www_bfind_sub?mode=bfind&max_hit=1000&dbkey=pathway&keywords=Long-term potentiation
KEGG,Longevity regulating pathway,https://www.genome.jp/dbget-bin/www_bfind_sub?mode=bfind&max_hit=1000&dbkey=pathway&keywords=Longevity regulating pathway
KEGG,Longevity regulating pathway - multiple species,https://www.genome.jp/dbget-bin/www_bfind_sub?mode=bfind&max_hit=1000&dbkey=pathway&keywords=Longevity regulating pathway - multiple species
KEGG,Lysine degradation,https://www.genome.jp/dbget-bin/www_bfind_sub?mode=bfind&max_hit=1000&dbkey=pathway&keywords=Lysine degradation
KEGG,Lysosome,https://www.genome.jp/dbget-bin/www_bfind_sub?mode=bfind&max_hit=1000&dbkey=pathway&keywords=Lysosome
KEGG,MAPK signaling pathway,https://www.genome.jp/dbget-bin/www_bfind_sub?mode=bfind&max_hit=1000&dbkey=pathway&keywords=MAPK signaling pathway
KEGG,Malaria,https://www.genome.jp/dbget-bin/www_bfind_sub?mode=bfind&max_hit=1000&dbkey=pathway&keywords=Malaria
KEGG,Mannose type O-glycan biosynthesis,https://www.genome.jp/dbget-bin/www_bfind_sub?mode=bfind&max_hit=1000&dbkey=pathway&keywords=Mannose type O-glycan biosynthesis
KEGG,Maturity onset diabetes of the young,https://www.genome.jp/dbget-bin/www_bfind_sub?mode=bfind&max_hit=1000&dbkey=pathway&keywords=Maturity onset diabetes of the young
KEGG,Measles,https://www.genome.jp/dbget-bin/www_bfind_sub?mode=bfind&max_hit=1000&dbkey=pathway&keywords=Measles
KEGG,Melanogenesis,https://www.genome.jp/dbget-bin/www_bfind_sub?mode=bfind&max_hit=1000&dbkey=pathway&keywords=Melanogenesis
KEGG,Melanoma,https://www.genome.jp/dbget-bin/www_bfind_sub?mode=bfind&max_hit=1000&dbkey=pathway&keywords=Melanoma
KEGG,Metabolism of xenobiotics by cytochrome P450,https://www.genome.jp/dbget-bin/www_bfind_sub?mode=bfind&max_hit=1000&dbkey=pathway&keywords=Metabolism of xenobiotics by cytochrome P450
KEGG,MicroRNAs in cancer,https://www.genome.jp/dbget-bin/www_bfind_sub?mode=bfind&max_hit=1000&dbkey=pathway&keywords=MicroRNAs in cancer
KEGG,Mineral absorption,https://www.genome.jp/dbget-bin/www_bfind_sub?mode=bfind&max_hit=1000&dbkey=pathway&keywords=Mineral absorption
KEGG,Mismatch repair,https://www.genome.jp/dbget-bin/www_bfind_sub?mode=bfind&max_hit=1000&dbkey=pathway&keywords=Mismatch repair
KEGG,Mitophagy - animal,https://www.genome.jp/dbget-bin/www_bfind_sub?mode=bfind&max_hit=1000&dbkey=pathway&keywords=Mitophagy - animal
KEGG,Morphine addiction,https://www.genome.jp/dbget-bin/www_bfind_sub?mode=bfind&max_hit=1000&dbkey=pathway&keywords=Morphine addiction
KEGG,Mucin type O-glycan biosynthesis,https://www.genome.jp/dbget-bin/www_bfind_sub?mode=bfind&max_hit=1000&dbkey=pathway&keywords=Mucin type O-glycan biosynthesis
KEGG,N-Glycan biosynthesis,https://www.genome.jp/dbget-bin/www_bfind_sub?mode=bfind&max_hit=1000&dbkey=pathway&keywords=N-Glycan biosynthesis
KEGG,NF-kappa B signaling pathway,https://www.genome.jp/dbget-bin/www_bfind_sub?mode=bfind&max_hit=1000&dbkey=pathway&keywords=NF-kappa B signaling pathway
KEGG,NOD-like receptor signaling pathway,https://www.genome.jp/dbget-bin/www_bfind_sub?mode=bfind&max_hit=1000&dbkey=pathway&keywords=NOD-like receptor signaling pathway
KEGG,Natural killer cell mediated cytotoxicity,https://www.genome.jp/dbget-bin/www_bfind_sub?mode=bfind&max_hit=1000&dbkey=pathway&keywords=Natural killer cell mediated cytotoxicity
KEGG,Necroptosis,https://www.genome.jp/dbget-bin/www_bfind_sub?mode=bfind&max_hit=1000&dbkey=pathway&keywords=Necroptosis
KEGG,"Neomycin, kanamycin and gentamicin biosynthesis","https://www.genome.jp/dbget-bin/www_bfind_sub?mode=bfind&max_hit=1000&dbkey=pathway&keywords=Neomycin, kanamycin and gentamicin biosynthesis"
KEGG,Neuroactive ligand-receptor interaction,https://www.genome.jp/dbget-bin/www_bfind_sub?mode=bfind&max_hit=1000&dbkey=pathway&keywords=Neuroactive ligand-receptor interaction
KEGG,Neurotrophin signaling pathway,https://www.genome.jp/dbget-bin/www_bfind_sub?mode=bfind&max_hit=1000&dbkey=pathway&keywords=Neurotrophin signaling pathway
KEGG,Neutrophil extracellular trap formation,https://www.genome.jp/dbget-bin/www_bfind_sub?mode=bfind&max_hit=1000&dbkey=pathway&keywords=Neutrophil extracellular trap formation
KEGG,Nicotinate and nicotinamide metabolism,https://www.genome.jp/dbget-bin/www_bfind_sub?mode=bfind&max_hit=1000&dbkey=pathway&keywords=Nicotinate and nicotinamide metabolism
KEGG,Nicotine addiction,https://www.genome.jp/dbget-bin/www_bfind_sub?mode=bfind&max_hit=1000&dbkey=pathway&keywords=Nicotine addiction
KEGG,Nitrogen metabolism,https://www.genome.jp/dbget-bin/www_bfind_sub?mode=bfind&max_hit=1000&dbkey=pathway&keywords=Nitrogen metabolism
KEGG,Non-alcoholic fatty liver disease,https://www.genome.jp/dbget-bin/www_bfind_sub?mode=bfind&max_hit=1000&dbkey=pathway&keywords=Non-alcoholic fatty liver disease
KEGG,Non-homologous end-joining,https://www.genome.jp/dbget-bin/www_bfind_sub?mode=bfind&max_hit=1000&dbkey=pathway&keywords=Non-homologous end-joining
KEGG,Non-small cell lung cancer,https://www.genome.jp/dbget-bin/www_bfind_sub?mode=bfind&max_hit=1000&dbkey=pathway&keywords=Non-small cell lung cancer
KEGG,Notch signaling pathway,https://www.genome.jp/dbget-bin/www_bfind_sub?mode=bfind&max_hit=1000&dbkey=pathway&keywords=Notch signaling pathway
KEGG,Nucleotide excision repair,https://www.genome.jp/dbget-bin/www_bfind_sub?mode=bfind&max_hit=1000&dbkey=pathway&keywords=Nucleotide excision repair
KEGG,Olfactory transduction,https://www.genome.jp/dbget-bin/www_bfind_sub?mode=bfind&max_hit=1000&dbkey=pathway&keywords=Olfactory transduction
KEGG,One carbon pool by folate,https://www.genome.jp/dbget-bin/www_bfind_sub?mode=bfind&max_hit=1000&dbkey=pathway&keywords=One carbon pool by folate
KEGG,Oocyte meiosis,https://www.genome.jp/dbget-bin/www_bfind_sub?mode=bfind&max_hit=1000&dbkey=pathway&keywords=Oocyte meiosis
KEGG,Osteoclast differentiation,https://www.genome.jp/dbget-bin/www_bfind_sub?mode=bfind&max_hit=1000&dbkey=pathway&keywords=Osteoclast differentiation
KEGG,Other glycan degradation,https://www.genome.jp/dbget-bin/www_bfind_sub?mode=bfind&max_hit=1000&dbkey=pathway&keywords=Other glycan degradation
KEGG,Other types of O-glycan biosynthesis,https://www.genome.jp/dbget-bin/www_bfind_sub?mode=bfind&max_hit=1000&dbkey=pathway&keywords=Other types of O-glycan biosynthesis
KEGG,Ovarian steroidogenesis,https://www.genome.jp/dbget-bin/www_bfind_sub?mode=bfind&max_hit=1000&dbkey=pathway&keywords=Ovarian steroidogenesis
KEGG,Oxidative phosphorylation,https://www.genome.jp/dbget-bin/www_bfind_sub?mode=bfind&max_hit=1000&dbkey=pathway&keywords=Oxidative phosphorylation
KEGG,Oxytocin signaling pathway,https://www.genome.jp/dbget-bin/www_bfind_sub?mode=bfind&max_hit=1000&dbkey=pathway&keywords=Oxytocin signaling pathway
KEGG,PD-L1 expression and PD-1 checkpoint pathway in cancer,https://www.genome.jp/dbget-bin/www_bfind_sub?mode=bfind&max_hit=1000&dbkey=pathway&keywords=PD-L1 expression and PD-1 checkpoint pathway in cancer
KEGG,PI3K-Akt signaling pathway,https://www.genome.jp/dbget-bin/www_bfind_sub?mode=bfind&max_hit=1000&dbkey=pathway&keywords=PI3K-Akt signaling pathway
KEGG,PPAR signaling pathway,https://www.genome.jp/dbget-bin/www_bfind_sub?mode=bfind&max_hit=1000&dbkey=pathway&keywords=PPAR signaling pathway
KEGG,Pancreatic cancer,https://www.genome.jp/dbget-bin/www_bfind_sub?mode=bfind&max_hit=1000&dbkey=pathway&keywords=Pancreatic cancer
KEGG,Pancreatic secretion,https://www.genome.jp/dbget-bin/www_bfind_sub?mode=bfind&max_hit=1000&dbkey=pathway&keywords=Pancreatic secretion
KEGG,Pantothenate and CoA biosynthesis,https://www.genome.jp/dbget-bin/www_bfind_sub?mode=bfind&max_hit=1000&dbkey=pathway&keywords=Pantothenate and CoA biosynthesis
KEGG,"Parathyroid hormone synthesis, secretion and action","https://www.genome.jp/dbget-bin/www_bfind_sub?mode=bfind&max_hit=1000&dbkey=pathway&keywords=Parathyroid hormone synthesis, secretion and action"
KEGG,Parkinson disease,https://www.genome.jp/dbget-bin/www_bfind_sub?mode=bfind&max_hit=1000&dbkey=pathway&keywords=Parkinson disease
KEGG,Pathogenic Escherichia coli infection,https://www.genome.jp/dbget-bin/www_bfind_sub?mode=bfind&max_hit=1000&dbkey=pathway&keywords=Pathogenic Escherichia coli infection
KEGG,Pathways in cancer,https://www.genome.jp/dbget-bin/www_bfind_sub?mode=bfind&max_hit=1000&dbkey=pathway&keywords=Pathways in cancer
KEGG,Pathways of neurodegeneration - multiple diseases,https://www.genome.jp/dbget-bin/www_bfind_sub?mode=bfind&max_hit=1000&dbkey=pathway&keywords=Pathways of neurodegeneration - multiple diseases
KEGG,Pentose and glucuronate interconversions,https://www.genome.jp/dbget-bin/www_bfind_sub?mode=bfind&max_hit=1000&dbkey=pathway&keywords=Pentose and glucuronate interconversions
KEGG,Pentose phosphate pathway,https://www.genome.jp/dbget-bin/www_bfind_sub?mode=bfind&max_hit=1000&dbkey=pathway&keywords=Pentose phosphate pathway
KEGG,Peroxisome,https://www.genome.jp/dbget-bin/www_bfind_sub?mode=bfind&max_hit=1000&dbkey=pathway&keywords=Peroxisome
KEGG,Pertussis,https://www.genome.jp/dbget-bin/www_bfind_sub?mode=bfind&max_hit=1000&dbkey=pathway&keywords=Pertussis
KEGG,Phagosome,https://www.genome.jp/dbget-bin/www_bfind_sub?mode=bfind&max_hit=1000&dbkey=pathway&keywords=Phagosome
KEGG,Phenylalanine metabolism,https://www.genome.jp/dbget-bin/www_bfind_sub?mode=bfind&max_hit=1000&dbkey=pathway&keywords=Phenylalanine metabolism
KEGG,"Phenylalanine, tyrosine and tryptophan biosynthesis","https://www.genome.jp/dbget-bin/www_bfind_sub?mode=bfind&max_hit=1000&dbkey=pathway&keywords=Phenylalanine, tyrosine and tryptophan biosynthesis"
KEGG,Phosphatidylinositol signaling system,https://www.genome.jp/dbget-bin/www_bfind_sub?mode=bfind&max_hit=1000&dbkey=pathway&keywords=Phosphatidylinositol signaling system
KEGG,Phospholipase D signaling pathway,https://www.genome.jp/dbget-bin/www_bfind_sub?mode=bfind&max_hit=1000&dbkey=pathway&keywords=Phospholipase D signaling pathway
KEGG,Phosphonate and phosphinate metabolism,https://www.genome.jp/dbget-bin/www_bfind_sub?mode=bfind&max_hit=1000&dbkey=pathway&keywords=Phosphonate and phosphinate metabolism
KEGG,Phototransduction,https://www.genome.jp/dbget-bin/www_bfind_sub?mode=bfind&max_hit=1000&dbkey=pathway&keywords=Phototransduction
KEGG,Platelet activation,https://www.genome.jp/dbget-bin/www_bfind_sub?mode=bfind&max_hit=1000&dbkey=pathway&keywords=Platelet activation
KEGG,Porphyrin and chlorophyll metabolism,https://www.genome.jp/dbget-bin/www_bfind_sub?mode=bfind&max_hit=1000&dbkey=pathway&keywords=Porphyrin and chlorophyll metabolism
KEGG,Primary bile acid biosynthesis,https://www.genome.jp/dbget-bin/www_bfind_sub?mode=bfind&max_hit=1000&dbkey=pathway&keywords=Primary bile acid biosynthesis
KEGG,Primary immunodeficiency,https://www.genome.jp/dbget-bin/www_bfind_sub?mode=bfind&max_hit=1000&dbkey=pathway&keywords=Primary immunodeficiency
KEGG,Prion disease,https://www.genome.jp/dbget-bin/www_bfind_sub?mode=bfind&max_hit=1000&dbkey=pathway&keywords=Prion disease
KEGG,Progesterone-mediated oocyte maturation,https://www.genome.jp/dbget-bin/www_bfind_sub?mode=bfind&max_hit=1000&dbkey=pathway&keywords=Progesterone-mediated oocyte maturation
KEGG,Prolactin signaling pathway,https://www.genome.jp/dbget-bin/www_bfind_sub?mode=bfind&max_hit=1000&dbkey=pathway&keywords=Prolactin signaling pathway
KEGG,Propanoate metabolism,https://www.genome.jp/dbget-bin/www_bfind_sub?mode=bfind&max_hit=1000&dbkey=pathway&keywords=Propanoate metabolism
KEGG,Prostate cancer,https://www.genome.jp/dbget-bin/www_bfind_sub?mode=bfind&max_hit=1000&dbkey=pathway&keywords=Prostate cancer
KEGG,Proteasome,https://www.genome.jp/dbget-bin/www_bfind_sub?mode=bfind&max_hit=1000&dbkey=pathway&keywords=Proteasome
KEGG,Protein digestion and absorption,https://www.genome.jp/dbget-bin/www_bfind_sub?mode=bfind&max_hit=1000&dbkey=pathway&keywords=Protein digestion and absorption
KEGG,Protein export,https://www.genome.jp/dbget-bin/www_bfind_sub?mode=bfind&max_hit=1000&dbkey=pathway&keywords=Protein export
KEGG,Protein processing in endoplasmic reticulum,https://www.genome.jp/dbget-bin/www_bfind_sub?mode=bfind&max_hit=1000&dbkey=pathway&keywords=Protein processing in endoplasmic reticulum
KEGG,Proteoglycans in cancer,https://www.genome.jp/dbget-bin/www_bfind_sub?mode=bfind&max_hit=1000&dbkey=pathway&keywords=Proteoglycans in cancer
KEGG,Proximal tubule bicarbonate reclamation,https://www.genome.jp/dbget-bin/www_bfind_sub?mode=bfind&max_hit=1000&dbkey=pathway&keywords=Proximal tubule bicarbonate reclamation
KEGG,Purine metabolism,https://www.genome.jp/dbget-bin/www_bfind_sub?mode=bfind&max_hit=1000&dbkey=pathway&keywords=Purine metabolism
KEGG,Pyrimidine metabolism,https://www.genome.jp/dbget-bin/www_bfind_sub?mode=bfind&max_hit=1000&dbkey=pathway&keywords=Pyrimidine metabolism
KEGG,Pyruvate metabolism,https://www.genome.jp/dbget-bin/www_bfind_sub?mode=bfind&max_hit=1000&dbkey=pathway&keywords=Pyruvate metabolism
KEGG,RIG-I-like receptor signaling pathway,https://www.genome.jp/dbget-bin/www_bfind_sub?mode=bfind&max_hit=1000&dbkey=pathway&keywords=RIG-I-like receptor signaling pathway
KEGG,RNA degradation,https://www.genome.jp/dbget-bin/www_bfind_sub?mode=bfind&max_hit=1000&dbkey=pathway&keywords=RNA degradation
KEGG,RNA polymerase,https://www.genome.jp/dbget-bin/www_bfind_sub?mode=bfind&max_hit=1000&dbkey=pathway&keywords=RNA polymerase
KEGG,RNA transport,https://www.genome.jp/dbget-bin/www_bfind_sub?mode=bfind&max_hit=1000&dbkey=pathway&keywords=RNA transport
KEGG,Rap1 signaling pathway,https://www.genome.jp/dbget-bin/www_bfind_sub?mode=bfind&max_hit=1000&dbkey=pathway&keywords=Rap1 signaling pathway
KEGG,Ras signaling pathway,https://www.genome.jp/dbget-bin/www_bfind_sub?mode=bfind&max_hit=1000&dbkey=pathway&keywords=Ras signaling pathway
KEGG,Regulation of actin cytoskeleton,https://www.genome.jp/dbget-bin/www_bfind_sub?mode=bfind&max_hit=1000&dbkey=pathway&keywords=Regulation of actin cytoskeleton
KEGG,Regulation of lipolysis in adipocytes,https://www.genome.jp/dbget-bin/www_bfind_sub?mode=bfind&max_hit=1000&dbkey=pathway&keywords=Regulation of lipolysis in adipocytes
KEGG,Relaxin signaling pathway,https://www.genome.jp/dbget-bin/www_bfind_sub?mode=bfind&max_hit=1000&dbkey=pathway&keywords=Relaxin signaling pathway
KEGG,Renal cell carcinoma,https://www.genome.jp/dbget-bin/www_bfind_sub?mode=bfind&max_hit=1000&dbkey=pathway&keywords=Renal cell carcinoma
KEGG,Renin secretion,https://www.genome.jp/dbget-bin/www_bfind_sub?mode=bfind&max_hit=1000&dbkey=pathway&keywords=Renin secretion
KEGG,Renin-angiotensin system,https://www.genome.jp/dbget-bin/www_bfind_sub?mode=bfind&max_hit=1000&dbkey=pathway&keywords=Renin-angiotensin system
KEGG,Retinol metabolism,https://www.genome.jp/dbget-bin/www_bfind_sub?mode=bfind&max_hit=1000&dbkey=pathway&keywords=Retinol metabolism
KEGG,Retrograde endocannabinoid signaling,https://www.genome.jp/dbget-bin/www_bfind_sub?mode=bfind&max_hit=1000&dbkey=pathway&keywords=Retrograde endocannabinoid signaling
KEGG,Rheumatoid arthritis,https://www.genome.jp/dbget-bin/www_bfind_sub?mode=bfind&max_hit=1000&dbkey=pathway&keywords=Rheumatoid arthritis
KEGG,Riboflavin metabolism,https://www.genome.jp/dbget-bin/www_bfind_sub?mode=bfind&max_hit=1000&dbkey=pathway&keywords=Riboflavin metabolism
KEGG,Ribosome,https://www.genome.jp/dbget-bin/www_bfind_sub?mode=bfind&max_hit=1000&dbkey=pathway&keywords=Ribosome
KEGG,Ribosome biogenesis in eukaryotes,https://www.genome.jp/dbget-bin/www_bfind_sub?mode=bfind&max_hit=1000&dbkey=pathway&keywords=Ribosome biogenesis in eukaryotes
KEGG,SNARE interactions in vesicular transport,https://www.genome.jp/dbget-bin/www_bfind_sub?mode=bfind&max_hit=1000&dbkey=pathway&keywords=SNARE interactions in vesicular transport
KEGG,Salivary secretion,https://www.genome.jp/dbget-bin/www_bfind_sub?mode=bfind&max_hit=1000&dbkey=pathway&keywords=Salivary secretion
KEGG,Salmonella infection,https://www.genome.jp/dbget-bin/www_bfind_sub?mode=bfind&max_hit=1000&dbkey=pathway&keywords=Salmonella infection
KEGG,Selenocompound metabolism,https://www.genome.jp/dbget-bin/www_bfind_sub?mode=bfind&max_hit=1000&dbkey=pathway&keywords=Selenocompound metabolism
KEGG,Serotonergic synapse,https://www.genome.jp/dbget-bin/www_bfind_sub?mode=bfind&max_hit=1000&dbkey=pathway&keywords=Serotonergic synapse
KEGG,Shigellosis,https://www.genome.jp/dbget-bin/www_bfind_sub?mode=bfind&max_hit=1000&dbkey=pathway&keywords=Shigellosis
KEGG,Signaling pathways regulating pluripotency of stem cells,https://www.genome.jp/dbget-bin/www_bfind_sub?mode=bfind&max_hit=1000&dbkey=pathway&keywords=Signaling pathways regulating pluripotency of stem cells
KEGG,Small cell lung cancer,https://www.genome.jp/dbget-bin/www_bfind_sub?mode=bfind&max_hit=1000&dbkey=pathway&keywords=Small cell lung cancer
KEGG,Sphingolipid metabolism,https://www.genome.jp/dbget-bin/www_bfind_sub?mode=bfind&max_hit=1000&dbkey=pathway&keywords=Sphingolipid metabolism
KEGG,Sphingolipid signaling pathway,https://www.genome.jp/dbget-bin/www_bfind_sub?mode=bfind&max_hit=1000&dbkey=pathway&keywords=Sphingolipid signaling pathway
KEGG,Spinocerebellar ataxia,https://www.genome.jp/dbget-bin/www_bfind_sub?mode=bfind&max_hit=1000&dbkey=pathway&keywords=Spinocerebellar ataxia
KEGG,Spliceosome,https://www.genome.jp/dbget-bin/www_bfind_sub?mode=bfind&max_hit=1000&dbkey=pathway&keywords=Spliceosome
KEGG,Staphylococcus aureus infection,https://www.genome.jp/dbget-bin/www_bfind_sub?mode=bfind&max_hit=1000&dbkey=pathway&keywords=Staphylococcus aureus infection
KEGG,Starch and sucrose metabolism,https://www.genome.jp/dbget-bin/www_bfind_sub?mode=bfind&max_hit=1000&dbkey=pathway&keywords=Starch and sucrose metabolism
KEGG,Steroid biosynthesis,https://www.genome.jp/dbget-bin/www_bfind_sub?mode=bfind&max_hit=1000&dbkey=pathway&keywords=Steroid biosynthesis
KEGG,Steroid hormone biosynthesis,https://www.genome.jp/dbget-bin/www_bfind_sub?mode=bfind&max_hit=1000&dbkey=pathway&keywords=Steroid hormone biosynthesis
KEGG,Sulfur metabolism,https://www.genome.jp/dbget-bin/www_bfind_sub?mode=bfind&max_hit=1000&dbkey=pathway&keywords=Sulfur metabolism
KEGG,Sulfur relay system,https://www.genome.jp/dbget-bin/www_bfind_sub?mode=bfind&max_hit=1000&dbkey=pathway&keywords=Sulfur relay system
KEGG,Synaptic vesicle cycle,https://www.genome.jp/dbget-bin/www_bfind_sub?mode=bfind&max_hit=1000&dbkey=pathway&keywords=Synaptic vesicle cycle
KEGG,Synthesis and degradation of ketone bodies,https://www.genome.jp/dbget-bin/www_bfind_sub?mode=bfind&max_hit=1000&dbkey=pathway&keywords=Synthesis and degradation of ketone bodies
KEGG,Systemic lupus erythematosus,https://www.genome.jp/dbget-bin/www_bfind_sub?mode=bfind&max_hit=1000&dbkey=pathway&keywords=Systemic lupus erythematosus
KEGG,T cell receptor signaling pathway,https://www.genome.jp/dbget-bin/www_bfind_sub?mode=bfind&max_hit=1000&dbkey=pathway&keywords=T cell receptor signaling pathway
KEGG,TGF-beta signaling pathway,https://www.genome.jp/dbget-bin/www_bfind_sub?mode=bfind&max_hit=1000&dbkey=pathway&keywords=TGF-beta signaling pathway
KEGG,TNF signaling pathway,https://www.genome.jp/dbget-bin/www_bfind_sub?mode=bfind&max_hit=1000&dbkey=pathway&keywords=TNF signaling pathway
KEGG,Taste transduction,https://www.genome.jp/dbget-bin/www_bfind_sub?mode=bfind&max_hit=1000&dbkey=pathway&keywords=Taste transduction
KEGG,Taurine and hypotaurine metabolism,https://www.genome.jp/dbget-bin/www_bfind_sub?mode=bfind&max_hit=1000&dbkey=pathway&keywords=Taurine and hypotaurine metabolism
KEGG,Terpenoid backbone biosynthesis,https://www.genome.jp/dbget-bin/www_bfind_sub?mode=bfind&max_hit=1000&dbkey=pathway&keywords=Terpenoid backbone biosynthesis
KEGG,Th1 and Th2 cell differentiation,https://www.genome.jp/dbget-bin/www_bfind_sub?mode=bfind&max_hit=1000&dbkey=pathway&keywords=Th1 and Th2 cell differentiation
KEGG,Th17 cell differentiation,https://www.genome.jp/dbget-bin/www_bfind_sub?mode=bfind&max_hit=1000&dbkey=pathway&keywords=Th17 cell differentiation
KEGG,Thermogenesis,https://www.genome.jp/dbget-bin/www_bfind_sub?mode=bfind&max_hit=1000&dbkey=pathway&keywords=Thermogenesis
KEGG,Thiamine metabolism,https://www.genome.jp/dbget-bin/www_bfind_sub?mode=bfind&max_hit=1000&dbkey=pathway&keywords=Thiamine metabolism
KEGG,Thyroid cancer,https://www.genome.jp/dbget-bin/www_bfind_sub?mode=bfind&max_hit=1000&dbkey=pathway&keywords=Thyroid cancer
KEGG,Thyroid hormone signaling pathway,https://www.genome.jp/dbget-bin/www_bfind_sub?mode=bfind&max_hit=1000&dbkey=pathway&keywords=Thyroid hormone signaling pathway
KEGG,Thyroid hormone synthesis,https://www.genome.jp/dbget-bin/www_bfind_sub?mode=bfind&max_hit=1000&dbkey=pathway&keywords=Thyroid hormone synthesis
KEGG,Tight junction,https://www.genome.jp/dbget-bin/www_bfind_sub?mode=bfind&max_hit=1000&dbkey=pathway&keywords=Tight junction
KEGG,Toll-like receptor signaling pathway,https://www.genome.jp/dbget-bin/www_bfind_sub?mode=bfind&max_hit=1000&dbkey=pathway&keywords=Toll-like receptor signaling pathway
KEGG,Toxoplasmosis,https://www.genome.jp/dbget-bin/www_bfind_sub?mode=bfind&max_hit=1000&dbkey=pathway&keywords=Toxoplasmosis
KEGG,Transcriptional misregulation in cancer,https://www.genome.jp/dbget-bin/www_bfind_sub?mode=bfind&max_hit=1000&dbkey=pathway&keywords=Transcriptional misregulation in cancer
KEGG,Tryptophan metabolism,https://www.genome.jp/dbget-bin/www_bfind_sub?mode=bfind&max_hit=1000&dbkey=pathway&keywords=Tryptophan metabolism
KEGG,Tuberculosis,https://www.genome.jp/dbget-bin/www_bfind_sub?mode=bfind&max_hit=1000&dbkey=pathway&keywords=Tuberculosis
KEGG,Type I diabetes mellitus,https://www.genome.jp/dbget-bin/www_bfind_sub?mode=bfind&max_hit=1000&dbkey=pathway&keywords=Type I diabetes mellitus
KEGG,Type II diabetes mellitus,https://www.genome.jp/dbget-bin/www_bfind_sub?mode=bfind&max_hit=1000&dbkey=pathway&keywords=Type II diabetes mellitus
KEGG,Tyrosine metabolism,https://www.genome.jp/dbget-bin/www_bfind_sub?mode=bfind&max_hit=1000&dbkey=pathway&keywords=Tyrosine metabolism
KEGG,Ubiquinone and other terpenoid-quinone biosynthesis,https://www.genome.jp/dbget-bin/www_bfind_sub?mode=bfind&max_hit=1000&dbkey=pathway&keywords=Ubiquinone and other terpenoid-quinone biosynthesis
KEGG,Ubiquitin mediated proteolysis,https://www.genome.jp/dbget-bin/www_bfind_sub?mode=bfind&max_hit=1000&dbkey=pathway&keywords=Ubiquitin mediated proteolysis
KEGG,VEGF signaling pathway,https://www.genome.jp/dbget-bin/www_bfind_sub?mode=bfind&max_hit=1000&dbkey=pathway&keywords=VEGF signaling pathway
KEGG,"Valine, leucine and isoleucine biosynthesis","https://www.genome.jp/dbget-bin/www_bfind_sub?mode=bfind&max_hit=1000&dbkey=pathway&keywords=Valine, leucine and isoleucine biosynthesis"
KEGG,"Valine, leucine and isoleucine degradation","https://www.genome.jp/dbget-bin/www_bfind_sub?mode=bfind&max_hit=1000&dbkey=pathway&keywords=Valine, leucine and isoleucine degradation"
KEGG,Various types of N-glycan biosynthesis,https://www.genome.jp/dbget-bin/www_bfind_sub?mode=bfind&max_hit=1000&dbkey=pathway&keywords=Various types of N-glycan biosynthesis
KEGG,Vascular smooth muscle contraction,https://www.genome.jp/dbget-bin/www_bfind_sub?mode=bfind&max_hit=1000&dbkey=pathway&keywords=Vascular smooth muscle contraction
KEGG,Vasopressin-regulated water reabsorption,https://www.genome.jp/dbget-bin/www_bfind_sub?mode=bfind&max_hit=1000&dbkey=pathway&keywords=Vasopressin-regulated water reabsorption
KEGG,Vibrio cholerae infection,https://www.genome.jp/dbget-bin/www_bfind_sub?mode=bfind&max_hit=1000&dbkey=pathway&keywords=Vibrio cholerae infection
KEGG,Viral carcinogenesis,https://www.genome.jp/dbget-bin/www_bfind_sub?mode=bfind&max_hit=1000&dbkey=pathway&keywords=Viral carcinogenesis
KEGG,Viral myocarditis,https://www.genome.jp/dbget-bin/www_bfind_sub?mode=bfind&max_hit=1000&dbkey=pathway&keywords=Viral myocarditis
KEGG,Viral protein interaction with cytokine and cytokine receptor,https://www.genome.jp/dbget-bin/www_bfind_sub?mode=bfind&max_hit=1000&dbkey=pathway&keywords=Viral protein interaction with cytokine and cytokine receptor
KEGG,Vitamin B6 metabolism,https://www.genome.jp/dbget-bin/www_bfind_sub?mode=bfind&max_hit=1000&dbkey=pathway&keywords=Vitamin B6 metabolism
KEGG,Vitamin digestion and absorption,https://www.genome.jp/dbget-bin/www_bfind_sub?mode=bfind&max_hit=1000&dbkey=pathway&keywords=Vitamin digestion and absorption
KEGG,Wnt signaling pathway,https://www.genome.jp/dbget-bin/www_bfind_sub?mode=bfind&max_hit=1000&dbkey=pathway&keywords=Wnt signaling pathway
KEGG,Yersinia infection,https://www.genome.jp/dbget-bin/www_bfind_sub?mode=bfind&max_hit=1000&dbkey=pathway&keywords=Yersinia infection
KEGG,alpha-Linolenic acid metabolism,https://www.genome.jp/dbget-bin/www_bfind_sub?mode=bfind&max_hit=1000&dbkey=pathway&keywords=alpha-Linolenic acid metabolism
KEGG,beta-Alanine metabolism,https://www.genome.jp/dbget-bin/www_bfind_sub?mode=bfind&max_hit=1000&dbkey=pathway&keywords=beta-Alanine metabolism
KEGG,cAMP signaling pathway,https://www.genome.jp/dbget-bin/www_bfind_sub?mode=bfind&max_hit=1000&dbkey=pathway&keywords=cAMP signaling pathway
KEGG,cGMP-PKG signaling pathway,https://www.genome.jp/dbget-bin/www_bfind_sub?mode=bfind&max_hit=1000&dbkey=pathway&keywords=cGMP-PKG signaling pathway
KEGG,mRNA surveillance pathway,https://www.genome.jp/dbget-bin/www_bfind_sub?mode=bfind&max_hit=1000&dbkey=pathway&keywords=mRNA surveillance pathway
KEGG,mTOR signaling pathway,https://www.genome.jp/dbget-bin/www_bfind_sub?mode=bfind&max_hit=1000&dbkey=pathway&keywords=mTOR signaling pathway
KEGG,p53 signaling pathway,https://www.genome.jp/dbget-bin/www_bfind_sub?mode=bfind&max_hit=1000&dbkey=pathway&keywords=p53 signaling pathway
MetabolicAtlas,acyl_coa_hydrolysis,https://metabolicatlas.org/explore/Human-GEM/gem-browser/search?term=acyl%20coa%20hydrolysis
MetabolicAtlas,acylglycerides_metabolism,https://metabolicatlas.org/explore/Human-GEM/gem-browser/search?term=acylglycerides%20metabolism
MetabolicAtlas,alanine_aspartate_and_glutamate_metabolism,https://metabolicatlas.org/explore/Human-GEM/gem-browser/search?term=alanine%20aspartate%20and%20glutamate%20metabolism
MetabolicAtlas,amino_sugar_and_nucleotide_sugar_metabolism,https://metabolicatlas.org/explore/Human-GEM/gem-browser/search?term=amino%20sugar%20and%20nucleotide%20sugar%20metabolism
MetabolicAtlas,aminoacyl_trna_biosynthesis,https://metabolicatlas.org/explore/Human-GEM/gem-browser/search?term=aminoacyl%20trna%20biosynthesis
MetabolicAtlas,androgen_metabolism,https://metabolicatlas.org/explore/Human-GEM/gem-browser/search?term=androgen%20metabolism
MetabolicAtlas,arachidonic_acid_metabolism,https://metabolicatlas.org/explore/Human-GEM/gem-browser/search?term=arachidonic%20acid%20metabolism
MetabolicAtlas,arginine_and_proline_metabolism,https://metabolicatlas.org/explore/Human-GEM/gem-browser/search?term=arginine%20and%20proline%20metabolism
MetabolicAtlas,ascorbate_and_aldarate_metabolism,https://metabolicatlas.org/explore/Human-GEM/gem-browser/search?term=ascorbate%20and%20aldarate%20metabolism
MetabolicAtlas,beta_alanine_metabolism,https://metabolicatlas.org/explore/Human-GEM/gem-browser/search?term=beta%20alanine%20metabolism
MetabolicAtlas,beta_oxidation_of_branched_chain_fatty_acids_mitochondrial,https://metabolicatlas.org/explore/Human-GEM/gem-browser/search?term=beta%20oxidation%20of%20branched%20chain%20fatty%20acids%20mitochondrial
MetabolicAtlas,beta_oxidation_of_di_unsaturated_fatty_acids_n_6_mitochondrial,https://metabolicatlas.org/explore/Human-GEM/gem-browser/search?term=beta%20oxidation%20of%20di%20unsaturated%20fatty%20acids%20n%206%20mitochondrial
MetabolicAtlas,beta_oxidation_of_di_unsaturated_fatty_acids_n_6_peroxisomal,https://metabolicatlas.org/explore/Human-GEM/gem-browser/search?term=beta%20oxidation%20of%20di%20unsaturated%20fatty%20acids%20n%206%20peroxisomal
MetabolicAtlas,beta_oxidation_of_even_chain_fatty_acids_mitochondrial,https://metabolicatlas.org/explore/Human-GEM/gem-browser/search?term=beta%20oxidation%20of%20even%20chain%20fatty%20acids%20mitochondrial
MetabolicAtlas,beta_oxidation_of_even_chain_fatty_acids_peroxisomal,https://metabolicatlas.org/explore/Human-GEM/gem-browser/search?term=beta%20oxidation%20of%20even%20chain%20fatty%20acids%20peroxisomal
MetabolicAtlas,beta_oxidation_of_odd_chain_fatty_acids_mitochondrial,https://metabolicatlas.org/explore/Human-GEM/gem-browser/search?term=beta%20oxidation%20of%20odd%20chain%20fatty%20acids%20mitochondrial
MetabolicAtlas,beta_oxidation_of_phytanic_acid_peroxisomal,https://metabolicatlas.org/explore/Human-GEM/gem-browser/search?term=beta%20oxidation%20of%20phytanic%20acid%20peroxisomal
MetabolicAtlas,beta_oxidation_of_poly_unsaturated_fatty_acids_mitochondrial,https://metabolicatlas.org/explore/Human-GEM/gem-browser/search?term=beta%20oxidation%20of%20poly%20unsaturated%20fatty%20acids%20mitochondrial
MetabolicAtlas,beta_oxidation_of_unsaturated_fatty_acids_n_7_mitochondrial,https://metabolicatlas.org/explore/Human-GEM/gem-browser/search?term=beta%20oxidation%20of%20unsaturated%20fatty%20acids%20n%207%20mitochondrial
MetabolicAtlas,beta_oxidation_of_unsaturated_fatty_acids_n_7_peroxisomal,https://metabolicatlas.org/explore/Human-GEM/gem-browser/search?term=beta%20oxidation%20of%20unsaturated%20fatty%20acids%20n%207%20peroxisomal
MetabolicAtlas,beta_oxidation_of_unsaturated_fatty_acids_n_9_mitochondrial,https://metabolicatlas.org/explore/Human-GEM/gem-browser/search?term=beta%20oxidation%20of%20unsaturated%20fatty%20acids%20n%209%20mitochondrial
MetabolicAtlas,beta_oxidation_of_unsaturated_fatty_acids_n_9_peroxisomal,https://metabolicatlas.org/explore/Human-GEM/gem-browser/search?term=beta%20oxidation%20of%20unsaturated%20fatty%20acids%20n%209%20peroxisomal
MetabolicAtlas,bile_acid_biosynthesis,https://metabolicatlas.org/explore/Human-GEM/gem-browser/search?term=bile%20acid%20biosynthesis
MetabolicAtlas,bile_acid_recycling,https://metabolicatlas.org/explore/Human-GEM/gem-browser/search?term=bile%20acid%20recycling
MetabolicAtlas,biopterin_metabolism,https://metabolicatlas.org/explore/Human-GEM/gem-browser/search?term=biopterin%20metabolism
MetabolicAtlas,biotin_metabolism,https://metabolicatlas.org/explore/Human-GEM/gem-browser/search?term=biotin%20metabolism
MetabolicAtlas,blood_group_biosynthesis,https://metabolicatlas.org/explore/Human-GEM/gem-browser/search?term=blood%20group%20biosynthesis
MetabolicAtlas,butanoate_metabolism,https://metabolicatlas.org/explore/Human-GEM/gem-browser/search?term=butanoate%20metabolism
MetabolicAtlas,c5_branched_dibasic_acid_metabolism,https://metabolicatlas.org/explore/Human-GEM/gem-browser/search?term=c5%20branched%20dibasic%20acid%20metabolism
MetabolicAtlas,carnitine_shuttle_cytosolic,https://metabolicatlas.org/explore/Human-GEM/gem-browser/search?term=carnitine%20shuttle%20cytosolic
MetabolicAtlas,carnitine_shuttle_endoplasmic_reticular,https://metabolicatlas.org/explore/Human-GEM/gem-browser/search?term=carnitine%20shuttle%20endoplasmic%20reticular
MetabolicAtlas,carnitine_shuttle_mitochondrial,https://metabolicatlas.org/explore/Human-GEM/gem-browser/search?term=carnitine%20shuttle%20mitochondrial
MetabolicAtlas,carnitine_shuttle_peroxisomal,https://metabolicatlas.org/explore/Human-GEM/gem-browser/search?term=carnitine%20shuttle%20peroxisomal
MetabolicAtlas,cholesterol_biosynthesis_1_bloch_pathway,https://metabolicatlas.org/explore/Human-GEM/gem-browser/search?term=cholesterol%20biosynthesis%201%20bloch%20pathway
MetabolicAtlas,cholesterol_biosynthesis_2,https://metabolicatlas.org/explore/Human-GEM/gem-browser/search?term=cholesterol%20biosynthesis%202
MetabolicAtlas,cholesterol_biosynthesis_3_kandustch_russell_pathway,https://metabolicatlas.org/explore/Human-GEM/gem-browser/search?term=cholesterol%20biosynthesis%203%20kandustch%20russell%20pathway
MetabolicAtlas,cholesterol_metabolism,https://metabolicatlas.org/explore/Human-GEM/gem-browser/search?term=cholesterol%20metabolism
MetabolicAtlas,chondroitin_heparan_sulfate_biosynthesis,https://metabolicatlas.org/explore/Human-GEM/gem-browser/search?term=chondroitin%20heparan%20sulfate%20biosynthesis
MetabolicAtlas,chondroitin_sulfate_degradation,https://metabolicatlas.org/explore/Human-GEM/gem-browser/search?term=chondroitin%20sulfate%20degradation
MetabolicAtlas,coa_synthesis,https://metabolicatlas.org/explore/Human-GEM/gem-browser/search?term=coa%20synthesis
MetabolicAtlas,cysteine_and_methionine_metabolism,https://metabolicatlas.org/explore/Human-GEM/gem-browser/search?term=cysteine%20and%20methionine%20metabolism
MetabolicAtlas,drug_metabolism,https://metabolicatlas.org/explore/Human-GEM/gem-browser/search?term=drug%20metabolism
MetabolicAtlas,eicosanoid_metabolism,https://metabolicatlas.org/explore/Human-GEM/gem-browser/search?term=eicosanoid%20metabolism
MetabolicAtlas,estrogen_metabolism,https://metabolicatlas.org/explore/Human-GEM/gem-browser/search?term=estrogen%20metabolism
MetabolicAtlas,ether_lipid_metabolism,https://metabolicatlas.org/explore/Human-GEM/gem-browser/search?term=ether%20lipid%20metabolism
MetabolicAtlas,fatty_acid_activation_cytosolic,https://metabolicatlas.org/explore/Human-GEM/gem-browser/search?term=fatty%20acid%20activation%20cytosolic
MetabolicAtlas,fatty_acid_activation_endoplasmic_reticular,https://metabolicatlas.org/explore/Human-GEM/gem-browser/search?term=fatty%20acid%20activation%20endoplasmic%20reticular
MetabolicAtlas,fatty_acid_biosynthesis,https://metabolicatlas.org/explore/Human-GEM/gem-browser/search?term=fatty%20acid%20biosynthesis
MetabolicAtlas,fatty_acid_biosynthesis_even_chain,https://metabolicatlas.org/explore/Human-GEM/gem-browser/search?term=fatty%20acid%20biosynthesis%20even%20chain
MetabolicAtlas,fatty_acid_biosynthesis_unsaturated,https://metabolicatlas.org/explore/Human-GEM/gem-browser/search?term=fatty%20acid%20biosynthesis%20unsaturated
MetabolicAtlas,fatty_acid_desaturation_even_chain,https://metabolicatlas.org/explore/Human-GEM/gem-browser/search?term=fatty%20acid%20desaturation%20even%20chain
MetabolicAtlas,fatty_acid_desaturation_odd_chain,https://metabolicatlas.org/explore/Human-GEM/gem-browser/search?term=fatty%20acid%20desaturation%20odd%20chain
MetabolicAtlas,fatty_acid_elongation_even_chain,https://metabolicatlas.org/explore/Human-GEM/gem-browser/search?term=fatty%20acid%20elongation%20even%20chain
MetabolicAtlas,fatty_acid_elongation_odd_chain,https://metabolicatlas.org/explore/Human-GEM/gem-browser/search?term=fatty%20acid%20elongation%20odd%20chain
MetabolicAtlas,fatty_acid_oxidation,https://metabolicatlas.org/explore/Human-GEM/gem-browser/search?term=fatty%20acid%20oxidation
MetabolicAtlas,folate_metabolism,https://metabolicatlas.org/explore/Human-GEM/gem-browser/search?term=folate%20metabolism
MetabolicAtlas,formation_and_hydrolysis_of_cholesterol_esters,https://metabolicatlas.org/explore/Human-GEM/gem-browser/search?term=formation%20and%20hydrolysis%20of%20cholesterol%20esters
MetabolicAtlas,fructose_and_mannose_metabolism,https://metabolicatlas.org/explore/Human-GEM/gem-browser/search?term=fructose%20and%20mannose%20metabolism
MetabolicAtlas,galactose_metabolism,https://metabolicatlas.org/explore/Human-GEM/gem-browser/search?term=galactose%20metabolism
MetabolicAtlas,glucocorticoid_biosynthesis,https://metabolicatlas.org/explore/Human-GEM/gem-browser/search?term=glucocorticoid%20biosynthesis
MetabolicAtlas,glutathione_metabolism,https://metabolicatlas.org/explore/Human-GEM/gem-browser/search?term=glutathione%20metabolism
MetabolicAtlas,glycerolipid_metabolism,https://metabolicatlas.org/explore/Human-GEM/gem-browser/search?term=glycerolipid%20metabolism
MetabolicAtlas,glycerophospholipid_metabolism,https://metabolicatlas.org/explore/Human-GEM/gem-browser/search?term=glycerophospholipid%20metabolism
MetabolicAtlas,glycine_serine_and_threonine_metabolism,https://metabolicatlas.org/explore/Human-GEM/gem-browser/search?term=glycine%20serine%20and%20threonine%20metabolism
MetabolicAtlas,glycolysis_gluconeogenesis,https://metabolicatlas.org/explore/Human-GEM/gem-browser/search?term=glycolysis%20gluconeogenesis
MetabolicAtlas,glycosphingolipid_biosynthesis_ganglio_series,https://metabolicatlas.org/explore/Human-GEM/gem-browser/search?term=glycosphingolipid%20biosynthesis%20ganglio%20series
MetabolicAtlas,glycosphingolipid_biosynthesis_globo_series,https://metabolicatlas.org/explore/Human-GEM/gem-browser/search?term=glycosphingolipid%20biosynthesis%20globo%20series
MetabolicAtlas,glycosphingolipid_biosynthesis_lacto_and_neolacto_series,https://metabolicatlas.org/explore/Human-GEM/gem-browser/search?term=glycosphingolipid%20biosynthesis%20lacto%20and%20neolacto%20series
MetabolicAtlas,glycosphingolipid_metabolism,https://metabolicatlas.org/explore/Human-GEM/gem-browser/search?term=glycosphingolipid%20metabolism
MetabolicAtlas,glycosylphosphatidylinositol_gpi_anchor_biosynthesis,https://metabolicatlas.org/explore/Human-GEM/gem-browser/search?term=glycosylphosphatidylinositol%20gpi%20anchor%20biosynthesis
MetabolicAtlas,heme_degradation,https://metabolicatlas.org/explore/Human-GEM/gem-browser/search?term=heme%20degradation
MetabolicAtlas,heme_synthesis,https://metabolicatlas.org/explore/Human-GEM/gem-browser/search?term=heme%20synthesis
MetabolicAtlas,heparan_sulfate_degradation,https://metabolicatlas.org/explore/Human-GEM/gem-browser/search?term=heparan%20sulfate%20degradation
MetabolicAtlas,histidine_metabolism,https://metabolicatlas.org/explore/Human-GEM/gem-browser/search?term=histidine%20metabolism
MetabolicAtlas,inositol_phosphate_metabolism,https://metabolicatlas.org/explore/Human-GEM/gem-browser/search?term=inositol%20phosphate%20metabolism
MetabolicAtlas,keratan_sulfate_biosynthesis,https://metabolicatlas.org/explore/Human-GEM/gem-browser/search?term=keratan%20sulfate%20biosynthesis
MetabolicAtlas,keratan_sulfate_degradation,https://metabolicatlas.org/explore/Human-GEM/gem-browser/search?term=keratan%20sulfate%20degradation
MetabolicAtlas,leukotriene_metabolism,https://metabolicatlas.org/explore/Human-GEM/gem-browser/search?term=leukotriene%20metabolism
MetabolicAtlas,linoleate_metabolism,https://metabolicatlas.org/explore/Human-GEM/gem-browser/search?term=linoleate%20metabolism
MetabolicAtlas,lipoic_acid_metabolism,https://metabolicatlas.org/explore/Human-GEM/gem-browser/search?term=lipoic%20acid%20metabolism
MetabolicAtlas,lysine_metabolism,https://metabolicatlas.org/explore/Human-GEM/gem-browser/search?term=lysine%20metabolism
MetabolicAtlas,metabolism_of_other_amino_acids,https://metabolicatlas.org/explore/Human-GEM/gem-browser/search?term=metabolism%20of%20other%20amino%20acids
MetabolicAtlas,n_glycan_metabolism,https://metabolicatlas.org/explore/Human-GEM/gem-browser/search?term=n%20glycan%20metabolism
MetabolicAtlas,nicotinate_and_nicotinamide_metabolism,https://metabolicatlas.org/explore/Human-GEM/gem-browser/search?term=nicotinate%20and%20nicotinamide%20metabolism
MetabolicAtlas,nucleotide_metabolism,https://metabolicatlas.org/explore/Human-GEM/gem-browser/search?term=nucleotide%20metabolism
MetabolicAtlas,o_glycan_metabolism,https://metabolicatlas.org/explore/Human-GEM/gem-browser/search?term=o%20glycan%20metabolism
MetabolicAtlas,omega_3_fatty_acid_metabolism,https://metabolicatlas.org/explore/Human-GEM/gem-browser/search?term=omega%203%20fatty%20acid%20metabolism
MetabolicAtlas,omega_6_fatty_acid_metabolism,https://metabolicatlas.org/explore/Human-GEM/gem-browser/search?term=omega%206%20fatty%20acid%20metabolism
MetabolicAtlas,oxidative_phosphorylation,https://metabolicatlas.org/explore/Human-GEM/gem-browser/search?term=oxidative%20phosphorylation
MetabolicAtlas,pantothenate_and_coa_biosynthesis,https://metabolicatlas.org/explore/Human-GEM/gem-browser/search?term=pantothenate%20and%20coa%20biosynthesis
MetabolicAtlas,pentose_and_glucuronate_interconversions,https://metabolicatlas.org/explore/Human-GEM/gem-browser/search?term=pentose%20and%20glucuronate%20interconversions
MetabolicAtlas,pentose_phosphate_pathway,https://metabolicatlas.org/explore/Human-GEM/gem-browser/search?term=pentose%20phosphate%20pathway
MetabolicAtlas,phenylalanine_metabolism,https://metabolicatlas.org/explore/Human-GEM/gem-browser/search?term=phenylalanine%20metabolism
MetabolicAtlas,phenylalanine_tyrosine_and_tryptophan_biosynthesis,https://metabolicatlas.org/explore/Human-GEM/gem-browser/search?term=phenylalanine%20tyrosine%20and%20tryptophan%20biosynthesis
MetabolicAtlas,phosphatidylinositol_phosphate_metabolism,https://metabolicatlas.org/explore/Human-GEM/gem-browser/search?term=phosphatidylinositol%20phosphate%20metabolism
MetabolicAtlas,pool_reactions,https://metabolicatlas.org/explore/Human-GEM/gem-browser/search?term=pool%20reactions
MetabolicAtlas,porphyrin_metabolism,https://metabolicatlas.org/explore/Human-GEM/gem-browser/search?term=porphyrin%20metabolism
MetabolicAtlas,propanoate_metabolism,https://metabolicatlas.org/explore/Human-GEM/gem-browser/search?term=propanoate%20metabolism
MetabolicAtlas,prostaglandin_biosynthesis,https://metabolicatlas.org/explore/Human-GEM/gem-browser/search?term=prostaglandin%20biosynthesis
MetabolicAtlas,protein_assembly,https://metabolicatlas.org/explore/Human-GEM/gem-browser/search?term=protein%20assembly
MetabolicAtlas,protein_degradation,https://metabolicatlas.org/explore/Human-GEM/gem-browser/search?term=protein%20degradation
MetabolicAtlas,protein_modification,https://metabolicatlas.org/explore/Human-GEM/gem-browser/search?term=protein%20modification
MetabolicAtlas,purine_metabolism,https://metabolicatlas.org/explore/Human-GEM/gem-browser/search?term=purine%20metabolism
MetabolicAtlas,pyrimidine_metabolism,https://metabolicatlas.org/explore/Human-GEM/gem-browser/search?term=pyrimidine%20metabolism
MetabolicAtlas,pyruvate_metabolism,https://metabolicatlas.org/explore/Human-GEM/gem-browser/search?term=pyruvate%20metabolism
MetabolicAtlas,retinol_metabolism,https://metabolicatlas.org/explore/Human-GEM/gem-browser/search?term=retinol%20metabolism
MetabolicAtlas,riboflavin_metabolism,https://metabolicatlas.org/explore/Human-GEM/gem-browser/search?term=riboflavin%20metabolism
MetabolicAtlas,ros_detoxification,https://metabolicatlas.org/explore/Human-GEM/gem-browser/search?term=ros%20detoxification
MetabolicAtlas,serotonin_and_melatonin_biosynthesis,https://metabolicatlas.org/explore/Human-GEM/gem-browser/search?term=serotonin%20and%20melatonin%20biosynthesis
MetabolicAtlas,sphingolipid_metabolism,https://metabolicatlas.org/explore/Human-GEM/gem-browser/search?term=sphingolipid%20metabolism
MetabolicAtlas,starch_and_sucrose_metabolism,https://metabolicatlas.org/explore/Human-GEM/gem-browser/search?term=starch%20and%20sucrose%20metabolism
MetabolicAtlas,steroid_metabolism,https://metabolicatlas.org/explore/Human-GEM/gem-browser/search?term=steroid%20metabolism
MetabolicAtlas,sulfur_metabolism,https://metabolicatlas.org/explore/Human-GEM/gem-browser/search?term=sulfur%20metabolism
MetabolicAtlas,terpenoid_backbone_biosynthesis,https://metabolicatlas.org/explore/Human-GEM/gem-browser/search?term=terpenoid%20backbone%20biosynthesis
MetabolicAtlas,thiamine_metabolism,https://metabolicatlas.org/explore/Human-GEM/gem-browser/search?term=thiamine%20metabolism
MetabolicAtlas,transport_reactions,https://metabolicatlas.org/explore/Human-GEM/gem-browser/search?term=transport%20reactions
MetabolicAtlas,tricarboxylic_acid_cycle_and_glyoxylate_dicarboxylate_metabolism,https://metabolicatlas.org/explore/Human-GEM/gem-browser/search?term=tricarboxylic%20acid%20cycle%20and%20glyoxylate%20dicarboxylate%20metabolism
MetabolicAtlas,tryptophan_metabolism,https://metabolicatlas.org/explore/Human-GEM/gem-browser/search?term=tryptophan%20metabolism
MetabolicAtlas,tyrosine_metabolism,https://metabolicatlas.org/explore/Human-GEM/gem-browser/search?term=tyrosine%20metabolism
MetabolicAtlas,ubiquinone_synthesis,https://metabolicatlas.org/explore/Human-GEM/gem-browser/search?term=ubiquinone%20synthesis
MetabolicAtlas,valine_leucine_and_isoleucine_metabolism,https://metabolicatlas.org/explore/Human-GEM/gem-browser/search?term=valine%20leucine%20and%20isoleucine%20metabolism
MetabolicAtlas,vitamin_a_metabolism,https://metabolicatlas.org/explore/Human-GEM/gem-browser/search?term=vitamin%20a%20metabolism
MetabolicAtlas,vitamin_b12_metabolism,https://metabolicatlas.org/explore/Human-GEM/gem-browser/search?term=vitamin%20b12%20metabolism
MetabolicAtlas,vitamin_b2_metabolism,https://metabolicatlas.org/explore/Human-GEM/gem-browser/search?term=vitamin%20b2%20metabolism
MetabolicAtlas,vitamin_b6_metabolism,https://metabolicatlas.org/explore/Human-GEM/gem-browser/search?term=vitamin%20b6%20metabolism
MetabolicAtlas,vitamin_c_metabolism,https://metabolicatlas.org/explore/Human-GEM/gem-browser/search?term=vitamin%20c%20metabolism
MetabolicAtlas,vitamin_d_metabolism,https://metabolicatlas.org/explore/Human-GEM/gem-browser/search?term=vitamin%20d%20metabolism
MetabolicAtlas,vitamin_e_metabolism,https://metabolicatlas.org/explore/Human-GEM/gem-browser/search?term=vitamin%20e%20metabolism
MetabolicAtlas,xenobiotics_metabolism,https://metabolicatlas.org/explore/Human-GEM/gem-browser/search?term=xenobiotics%20metabolism
Panther_Pathway,2-arachidonoylglycerol biosynthesis,https://www.pantherdb.org/pathway/pathwayList.do?searchType=basic&fieldName=all&organism=all&fieldValue=2-arachidonoylglycerol%20biosynthesis&listType=8
Panther_Pathway,5-Hydroxytryptamine biosynthesis,https://www.pantherdb.org/pathway/pathwayList.do?searchType=basic&fieldName=all&organism=all&fieldValue=5-Hydroxytryptamine%20biosynthesis&listType=8
Panther_Pathway,5-Hydroxytryptamine degredation,https://www.pantherdb.org/pathway/pathwayList.do?searchType=basic&fieldName=all&organism=all&fieldValue=5-Hydroxytryptamine%20degredation&listType=8
Panther_Pathway,5HT1 type receptor mediated signaling pathway,https://www.pantherdb.org/pathway/pathwayList.do?searchType=basic&fieldName=all&organism=all&fieldValue=5HT1%20type%20receptor%20mediated%20signaling%20pathway&listType=8
Panther_Pathway,5HT2 type receptor mediated signaling pathway,https://www.pantherdb.org/pathway/pathwayList.do?searchType=basic&fieldName=all&organism=all&fieldValue=5HT2%20type%20receptor%20mediated%20signaling%20pathway&listType=8
Panther_Pathway,5HT3 type receptor mediated signaling pathway,https://www.pantherdb.org/pathway/pathwayList.do?searchType=basic&fieldName=all&organism=all&fieldValue=5HT3%20type%20receptor%20mediated%20signaling%20pathway&listType=8
Panther_Pathway,5HT4 type receptor mediated signaling pathway,https://www.pantherdb.org/pathway/pathwayList.do?searchType=basic&fieldName=all&organism=all&fieldValue=5HT4%20type%20receptor%20mediated%20signaling%20pathway&listType=8
Panther_Pathway,ATP synthesis,https://www.pantherdb.org/pathway/pathwayList.do?searchType=basic&fieldName=all&organism=all&fieldValue=ATP%20synthesis&listType=8
Panther_Pathway,Acetate utilization,https://www.pantherdb.org/pathway/pathwayList.do?searchType=basic&fieldName=all&organism=all&fieldValue=Acetate%20utilization&listType=8
Panther_Pathway,Adenine and hypoxanthine salvage pathway,https://www.pantherdb.org/pathway/pathwayList.do?searchType=basic&fieldName=all&organism=all&fieldValue=Adenine%20and%20hypoxanthine%20salvage%20pathway&listType=8
Panther_Pathway,Adrenaline and noradrenaline biosynthesis,https://www.pantherdb.org/pathway/pathwayList.do?searchType=basic&fieldName=all&organism=all&fieldValue=Adrenaline%20and%20noradrenaline%20biosynthesis&listType=8
Panther_Pathway,Alanine biosynthesis,https://www.pantherdb.org/pathway/pathwayList.do?searchType=basic&fieldName=all&organism=all&fieldValue=Alanine%20biosynthesis&listType=8
Panther_Pathway,Alpha adrenergic receptor signaling pathway,https://www.pantherdb.org/pathway/pathwayList.do?searchType=basic&fieldName=all&organism=all&fieldValue=Alpha%20adrenergic%20receptor%20signaling%20pathway&listType=8
Panther_Pathway,Alzheimer disease-amyloid secretase pathway,https://www.pantherdb.org/pathway/pathwayList.do?searchType=basic&fieldName=all&organism=all&fieldValue=Alzheimer%20disease-amyloid%20secretase%20pathway&listType=8
Panther_Pathway,Alzheimer disease-presenilin pathway,https://www.pantherdb.org/pathway/pathwayList.do?searchType=basic&fieldName=all&organism=all&fieldValue=Alzheimer%20disease-presenilin%20pathway&listType=8
Panther_Pathway,Aminobutyrate degradation,https://www.pantherdb.org/pathway/pathwayList.do?searchType=basic&fieldName=all&organism=all&fieldValue=Aminobutyrate%20degradation&listType=8
Panther_Pathway,Androgen/estrogene/progesterone biosynthesis,https://www.pantherdb.org/pathway/pathwayList.do?searchType=basic&fieldName=all&organism=all&fieldValue=Androgen%2Festrogene%2Fprogesterone%20biosynthesis&listType=8
Panther_Pathway,Angiogenesis,https://www.pantherdb.org/pathway/pathwayList.do?searchType=basic&fieldName=all&organism=all&fieldValue=Angiogenesis&listType=8
Panther_Pathway,Angiotensin II-stimulated signaling through G proteins and beta-arrestin,https://www.pantherdb.org/pathway/pathwayList.do?searchType=basic&fieldName=all&organism=all&fieldValue=Angiotensin%20II-stimulated%20signaling%20through%20G%20proteins%20and%20beta-arrestin&listType=8
Panther_Pathway,Apoptosis signaling pathway,https://www.pantherdb.org/pathway/pathwayList.do?searchType=basic&fieldName=all&organism=all&fieldValue=Apoptosis%20signaling%20pathway&listType=8
Panther_Pathway,Arginine biosynthesis,https://www.pantherdb.org/pathway/pathwayList.do?searchType=basic&fieldName=all&organism=all&fieldValue=Arginine%20biosynthesis&listType=8
Panther_Pathway,Ascorbate degradation,https://www.pantherdb.org/pathway/pathwayList.do?searchType=basic&fieldName=all&organism=all&fieldValue=Ascorbate%20degradation&listType=8
Panther_Pathway,Asparagine and aspartate biosynthesis,https://www.pantherdb.org/pathway/pathwayList.do?searchType=basic&fieldName=all&organism=all&fieldValue=Asparagine%20and%20aspartate%20biosynthesis&listType=8
Panther_Pathway,Axon guidance mediated by Slit/Robo,https://www.pantherdb.org/pathway/pathwayList.do?searchType=basic&fieldName=all&organism=all&fieldValue=Axon%20guidance%20mediated%20by%20Slit%2FRobo&listType=8
Panther_Pathway,Axon guidance mediated by netrin,https://www.pantherdb.org/pathway/pathwayList.do?searchType=basic&fieldName=all&organism=all&fieldValue=Axon%20guidance%20mediated%20by%20netrin&listType=8
Panther_Pathway,Axon guidance mediated by semaphorins,https://www.pantherdb.org/pathway/pathwayList.do?searchType=basic&fieldName=all&organism=all&fieldValue=Axon%20guidance%20mediated%20by%20semaphorins&listType=8
Panther_Pathway,B cell activation,https://www.pantherdb.org/pathway/pathwayList.do?searchType=basic&fieldName=all&organism=all&fieldValue=B%20cell%20activation&listType=8
Panther_Pathway,Beta1 adrenergic receptor signaling pathway,https://www.pantherdb.org/pathway/pathwayList.do?searchType=basic&fieldName=all&organism=all&fieldValue=Beta1%20adrenergic%20receptor%20signaling%20pathway&listType=8
Panther_Pathway,Beta2 adrenergic receptor signaling pathway,https://www.pantherdb.org/pathway/pathwayList.do?searchType=basic&fieldName=all&organism=all&fieldValue=Beta2%20adrenergic%20receptor%20signaling%20pathway&listType=8
Panther_Pathway,Beta3 adrenergic receptor signaling pathway,https://www.pantherdb.org/pathway/pathwayList.do?searchType=basic&fieldName=all&organism=all&fieldValue=Beta3%20adrenergic%20receptor%20signaling%20pathway&listType=8
Panther_Pathway,Blood coagulation,https://www.pantherdb.org/pathway/pathwayList.do?searchType=basic&fieldName=all&organism=all&fieldValue=Blood%20coagulation&listType=8
Panther_Pathway,CCKR signaling map,https://www.pantherdb.org/pathway/pathwayList.do?searchType=basic&fieldName=all&organism=all&fieldValue=CCKR%20signaling%20map&listType=8
Panther_Pathway,Cadherin signaling pathway,https://www.pantherdb.org/pathway/pathwayList.do?searchType=basic&fieldName=all&organism=all&fieldValue=Cadherin%20signaling%20pathway&listType=8
Panther_Pathway,Cell cycle,https://www.pantherdb.org/pathway/pathwayList.do?searchType=basic&fieldName=all&organism=all&fieldValue=Cell%20cycle&listType=8
Panther_Pathway,Cholesterol biosynthesis,https://www.pantherdb.org/pathway/pathwayList.do?searchType=basic&fieldName=all&organism=all&fieldValue=Cholesterol%20biosynthesis&listType=8
Panther_Pathway,Circadian clock system,https://www.pantherdb.org/pathway/pathwayList.do?searchType=basic&fieldName=all&organism=all&fieldValue=Circadian%20clock%20system&listType=8
Panther_Pathway,Coenzyme A biosynthesis,https://www.pantherdb.org/pathway/pathwayList.do?searchType=basic&fieldName=all&organism=all&fieldValue=Coenzyme%20A%20biosynthesis&listType=8
Panther_Pathway,Cortocotropin releasing factor receptor signaling pathway,https://www.pantherdb.org/pathway/pathwayList.do?searchType=basic&fieldName=all&organism=all&fieldValue=Cortocotropin%20releasing%20factor%20receptor%20signaling%20pathway&listType=8
Panther_Pathway,Cytoskeletal regulation by Rho GTPase,https://www.pantherdb.org/pathway/pathwayList.do?searchType=basic&fieldName=all&organism=all&fieldValue=Cytoskeletal%20regulation%20by%20Rho%20GTPase&listType=8
Panther_Pathway,DNA replication,https://www.pantherdb.org/pathway/pathwayList.do?searchType=basic&fieldName=all&organism=all&fieldValue=DNA%20replication&listType=8
Panther_Pathway,De novo purine biosynthesis,https://www.pantherdb.org/pathway/pathwayList.do?searchType=basic&fieldName=all&organism=all&fieldValue=De%20novo%20purine%20biosynthesis&listType=8
Panther_Pathway,De novo pyrimidine deoxyribonucleotide biosynthesis,https://www.pantherdb.org/pathway/pathwayList.do?searchType=basic&fieldName=all&organism=all&fieldValue=De%20novo%20pyrimidine%20deoxyribonucleotide%20biosynthesis&listType=8
Panther_Pathway,De novo pyrimidine ribonucleotides biosythesis,https://www.pantherdb.org/pathway/pathwayList.do?searchType=basic&fieldName=all&organism=all&fieldValue=De%20novo%20pyrimidine%20ribonucleotides%20biosythesis&listType=8
Panther_Pathway,Dopamine receptor mediated signaling pathway,https://www.pantherdb.org/pathway/pathwayList.do?searchType=basic&fieldName=all&organism=all&fieldValue=Dopamine%20receptor%20mediated%20signaling%20pathway&listType=8
Panther_Pathway,EGF receptor signaling pathway,https://www.pantherdb.org/pathway/pathwayList.do?searchType=basic&fieldName=all&organism=all&fieldValue=EGF%20receptor%20signaling%20pathway&listType=8
Panther_Pathway,Endogenous cannabinoid signaling,https://www.pantherdb.org/pathway/pathwayList.do?searchType=basic&fieldName=all&organism=all&fieldValue=Endogenous%20cannabinoid%20signaling&listType=8
Panther_Pathway,Endothelin signaling pathway,https://www.pantherdb.org/pathway/pathwayList.do?searchType=basic&fieldName=all&organism=all&fieldValue=Endothelin%20signaling%20pathway&listType=8
Panther_Pathway,Enkephalin release,https://www.pantherdb.org/pathway/pathwayList.do?searchType=basic&fieldName=all&organism=all&fieldValue=Enkephalin%20release&listType=8
Panther_Pathway,FAS signaling pathway,https://www.pantherdb.org/pathway/pathwayList.do?searchType=basic&fieldName=all&organism=all&fieldValue=FAS%20signaling%20pathway&listType=8
Panther_Pathway,FGF signaling pathway,https://www.pantherdb.org/pathway/pathwayList.do?searchType=basic&fieldName=all&organism=all&fieldValue=FGF%20signaling%20pathway&listType=8
Panther_Pathway,Flavin biosynthesis,https://www.pantherdb.org/pathway/pathwayList.do?searchType=basic&fieldName=all&organism=all&fieldValue=Flavin%20biosynthesis&listType=8
Panther_Pathway,Formyltetrahydrofolate biosynthesis,https://www.pantherdb.org/pathway/pathwayList.do?searchType=basic&fieldName=all&organism=all&fieldValue=Formyltetrahydrofolate%20biosynthesis&listType=8
Panther_Pathway,Fructose galactose metabolism,https://www.pantherdb.org/pathway/pathwayList.do?searchType=basic&fieldName=all&organism=all&fieldValue=Fructose%20galactose%20metabolism&listType=8
Panther_Pathway,GABA-B receptor II signaling,https://www.pantherdb.org/pathway/pathwayList.do?searchType=basic&fieldName=all&organism=all&fieldValue=GABA-B%20receptor%20II%20signaling&listType=8
Panther_Pathway,Gamma-aminobutyric acid synthesis,https://www.pantherdb.org/pathway/pathwayList.do?searchType=basic&fieldName=all&organism=all&fieldValue=Gamma-aminobutyric%20acid%20synthesis&listType=8
Panther_Pathway,General transcription by RNA polymerase I,https://www.pantherdb.org/pathway/pathwayList.do?searchType=basic&fieldName=all&organism=all&fieldValue=General%20transcription%20by%20RNA%20polymerase%20I&listType=8
Panther_Pathway,General transcription regulation,https://www.pantherdb.org/pathway/pathwayList.do?searchType=basic&fieldName=all&organism=all&fieldValue=General%20transcription%20regulation&listType=8
Panther_Pathway,Glutamine glutamate conversion,https://www.pantherdb.org/pathway/pathwayList.do?searchType=basic&fieldName=all&organism=all&fieldValue=Glutamine%20glutamate%20conversion&listType=8
Panther_Pathway,Glycolysis,https://www.pantherdb.org/pathway/pathwayList.do?searchType=basic&fieldName=all&organism=all&fieldValue=Glycolysis&listType=8
Panther_Pathway,Gonadotropin-releasing hormone receptor pathway,https://www.pantherdb.org/pathway/pathwayList.do?searchType=basic&fieldName=all&organism=all&fieldValue=Gonadotropin-releasing%20hormone%20receptor%20pathway&listType=8
Panther_Pathway,Hedgehog signaling pathway,https://www.pantherdb.org/pathway/pathwayList.do?searchType=basic&fieldName=all&organism=all&fieldValue=Hedgehog%20signaling%20pathway&listType=8
Panther_Pathway,Heme biosynthesis,https://www.pantherdb.org/pathway/pathwayList.do?searchType=basic&fieldName=all&organism=all&fieldValue=Heme%20biosynthesis&listType=8
Panther_Pathway,Heterotrimeric G-protein signaling pathway-Gi alpha and Gs alpha mediated pathway,https://www.pantherdb.org/pathway/pathwayList.do?searchType=basic&fieldName=all&organism=all&fieldValue=Heterotrimeric%20G-protein%20signaling%20pathway-Gi%20alpha%20and%20Gs%20alpha%20mediated%20pathway&listType=8
Panther_Pathway,Heterotrimeric G-protein signaling pathway-Gq alpha and Go alpha mediated pathway,https://www.pantherdb.org/pathway/pathwayList.do?searchType=basic&fieldName=all&organism=all&fieldValue=Heterotrimeric%20G-protein%20signaling%20pathway-Gq%20alpha%20and%20Go%20alpha%20mediated%20pathway&listType=8
Panther_Pathway,Heterotrimeric G-protein signaling pathway-rod outer segment phototransduction,https://www.pantherdb.org/pathway/pathwayList.do?searchType=basic&fieldName=all&organism=all&fieldValue=Heterotrimeric%20G-protein%20signaling%20pathway-rod%20outer%20segment%20phototransduction&listType=8
Panther_Pathway,Histamine H1 receptor mediated signaling pathway,https://www.pantherdb.org/pathway/pathwayList.do?searchType=basic&fieldName=all&organism=all&fieldValue=Histamine%20H1%20receptor%20mediated%20signaling%20pathway&listType=8
Panther_Pathway,Histamine H2 receptor mediated signaling pathway,https://www.pantherdb.org/pathway/pathwayList.do?searchType=basic&fieldName=all&organism=all&fieldValue=Histamine%20H2%20receptor%20mediated%20signaling%20pathway&listType=8
Panther_Pathway,Huntington disease,https://www.pantherdb.org/pathway/pathwayList.do?searchType=basic&fieldName=all&organism=all&fieldValue=Huntington%20disease&listType=8
Panther_Pathway,Hypoxia response via HIF activation,https://www.pantherdb.org/pathway/pathwayList.do?searchType=basic&fieldName=all&organism=all&fieldValue=Hypoxia%20response%20via%20HIF%20activation&listType=8
Panther_Pathway,Inflammation mediated by chemokine and cytokine signaling pathway,https://www.pantherdb.org/pathway/pathwayList.do?searchType=basic&fieldName=all&organism=all&fieldValue=Inflammation%20mediated%20by%20chemokine%20and%20cytokine%20signaling%20pathway&listType=8
Panther_Pathway,Insulin/IGF pathway-mitogen activated protein kinase kinase/MAP kinase cascade,https://www.pantherdb.org/pathway/pathwayList.do?searchType=basic&fieldName=all&organism=all&fieldValue=Insulin%2FIGF%20pathway-mitogen%20activated%20protein%20kinase%20kinase%2FMAP%20kinase%20cascade&listType=8
Panther_Pathway,Insulin/IGF pathway-protein kinase B signaling cascade,https://www.pantherdb.org/pathway/pathwayList.do?searchType=basic&fieldName=all&organism=all&fieldValue=Insulin%2FIGF%20pathway-protein%20kinase%20B%20signaling%20cascade&listType=8
Panther_Pathway,Integrin signalling pathway,https://www.pantherdb.org/pathway/pathwayList.do?searchType=basic&fieldName=all&organism=all&fieldValue=Integrin%20signalling%20pathway&listType=8
Panther_Pathway,Interferon-gamma signaling pathway,https://www.pantherdb.org/pathway/pathwayList.do?searchType=basic&fieldName=all&organism=all&fieldValue=Interferon-gamma%20signaling%20pathway&listType=8
Panther_Pathway,Interleukin signaling pathway,https://www.pantherdb.org/pathway/pathwayList.do?searchType=basic&fieldName=all&organism=all&fieldValue=Interleukin%20signaling%20pathway&listType=8
Panther_Pathway,Ionotropic glutamate receptor pathway,https://www.pantherdb.org/pathway/pathwayList.do?searchType=basic&fieldName=all&organism=all&fieldValue=Ionotropic%20glutamate%20receptor%20pathway&listType=8
Panther_Pathway,Isoleucine biosynthesis,https://www.pantherdb.org/pathway/pathwayList.do?searchType=basic&fieldName=all&organism=all&fieldValue=Isoleucine%20biosynthesis&listType=8
Panther_Pathway,JAK/STAT signaling pathway,https://www.pantherdb.org/pathway/pathwayList.do?searchType=basic&fieldName=all&organism=all&fieldValue=JAK%2FSTAT%20signaling%20pathway&listType=8
Panther_Pathway,Leucine biosynthesis,https://www.pantherdb.org/pathway/pathwayList.do?searchType=basic&fieldName=all&organism=all&fieldValue=Leucine%20biosynthesis&listType=8
Panther_Pathway,Mannose metabolism,https://www.pantherdb.org/pathway/pathwayList.do?searchType=basic&fieldName=all&organism=all&fieldValue=Mannose%20metabolism&listType=8
Panther_Pathway,Metabotropic glutamate receptor group I pathway,https://www.pantherdb.org/pathway/pathwayList.do?searchType=basic&fieldName=all&organism=all&fieldValue=Metabotropic%20glutamate%20receptor%20group%20I%20pathway&listType=8
Panther_Pathway,Metabotropic glutamate receptor group II pathway,https://www.pantherdb.org/pathway/pathwayList.do?searchType=basic&fieldName=all&organism=all&fieldValue=Metabotropic%20glutamate%20receptor%20group%20II%20pathway&listType=8
Panther_Pathway,Metabotropic glutamate receptor group III pathway,https://www.pantherdb.org/pathway/pathwayList.do?searchType=basic&fieldName=all&organism=all&fieldValue=Metabotropic%20glutamate%20receptor%20group%20III%20pathway&listType=8
Panther_Pathway,Methylcitrate cycle,https://www.pantherdb.org/pathway/pathwayList.do?searchType=basic&fieldName=all&organism=all&fieldValue=Methylcitrate%20cycle&listType=8
Panther_Pathway,Methylmalonyl pathway,https://www.pantherdb.org/pathway/pathwayList.do?searchType=basic&fieldName=all&organism=all&fieldValue=Methylmalonyl%20pathway&listType=8
Panther_Pathway,Muscarinic acetylcholine receptor 1 and 3 signaling pathway,https://www.pantherdb.org/pathway/pathwayList.do?searchType=basic&fieldName=all&organism=all&fieldValue=Muscarinic%20acetylcholine%20receptor%201%20and%203%20signaling%20pathway&listType=8
Panther_Pathway,Muscarinic acetylcholine receptor 2 and 4 signaling pathway,https://www.pantherdb.org/pathway/pathwayList.do?searchType=basic&fieldName=all&organism=all&fieldValue=Muscarinic%20acetylcholine%20receptor%202%20and%204%20signaling%20pathway&listType=8
Panther_Pathway,N-acetylglucosamine metabolism,https://www.pantherdb.org/pathway/pathwayList.do?searchType=basic&fieldName=all&organism=all&fieldValue=N-acetylglucosamine%20metabolism&listType=8
Panther_Pathway,Nicotine degradation,https://www.pantherdb.org/pathway/pathwayList.do?searchType=basic&fieldName=all&organism=all&fieldValue=Nicotine%20degradation&listType=8
Panther_Pathway,Nicotine pharmacodynamics pathway,https://www.pantherdb.org/pathway/pathwayList.do?searchType=basic&fieldName=all&organism=all&fieldValue=Nicotine%20pharmacodynamics%20pathway&listType=8
Panther_Pathway,Nicotinic acetylcholine receptor signaling pathway,https://www.pantherdb.org/pathway/pathwayList.do?searchType=basic&fieldName=all&organism=all&fieldValue=Nicotinic%20acetylcholine%20receptor%20signaling%20pathway&listType=8
Panther_Pathway,Notch signaling pathway,https://www.pantherdb.org/pathway/pathwayList.do?searchType=basic&fieldName=all&organism=all&fieldValue=Notch%20signaling%20pathway&listType=8
Panther_Pathway,O-antigen biosynthesis,https://www.pantherdb.org/pathway/pathwayList.do?searchType=basic&fieldName=all&organism=all&fieldValue=O-antigen%20biosynthesis&listType=8
Panther_Pathway,Opioid prodynorphin pathway,https://www.pantherdb.org/pathway/pathwayList.do?searchType=basic&fieldName=all&organism=all&fieldValue=Opioid%20prodynorphin%20pathway&listType=8
Panther_Pathway,Opioid proenkephalin pathway,https://www.pantherdb.org/pathway/pathwayList.do?searchType=basic&fieldName=all&organism=all&fieldValue=Opioid%20proenkephalin%20pathway&listType=8
Panther_Pathway,Opioid proopiomelanocortin pathway,https://www.pantherdb.org/pathway/pathwayList.do?searchType=basic&fieldName=all&organism=all&fieldValue=Opioid%20proopiomelanocortin%20pathway&listType=8
Panther_Pathway,Ornithine degradation,https://www.pantherdb.org/pathway/pathwayList.do?searchType=basic&fieldName=all&organism=all&fieldValue=Ornithine%20degradation&listType=8
Panther_Pathway,Oxidative stress response,https://www.pantherdb.org/pathway/pathwayList.do?searchType=basic&fieldName=all&organism=all&fieldValue=Oxidative%20stress%20response&listType=8
Panther_Pathway,Oxytocin receptor mediated signaling pathway,https://www.pantherdb.org/pathway/pathwayList.do?searchType=basic&fieldName=all&organism=all&fieldValue=Oxytocin%20receptor%20mediated%20signaling%20pathway&listType=8
Panther_Pathway,P53 pathway feedback loops 1,https://www.pantherdb.org/pathway/pathwayList.do?searchType=basic&fieldName=all&organism=all&fieldValue=P53%20pathway%20feedback%20loops%201&listType=8
Panther_Pathway,PDGF signaling pathway,https://www.pantherdb.org/pathway/pathwayList.do?searchType=basic&fieldName=all&organism=all&fieldValue=PDGF%20signaling%20pathway&listType=8
Panther_Pathway,PI3 kinase pathway,https://www.pantherdb.org/pathway/pathwayList.do?searchType=basic&fieldName=all&organism=all&fieldValue=PI3%20kinase%20pathway&listType=8
Panther_Pathway,Parkinson disease,https://www.pantherdb.org/pathway/pathwayList.do?searchType=basic&fieldName=all&organism=all&fieldValue=Parkinson%20disease&listType=8
Panther_Pathway,Pentose phosphate pathway,https://www.pantherdb.org/pathway/pathwayList.do?searchType=basic&fieldName=all&organism=all&fieldValue=Pentose%20phosphate%20pathway&listType=8
Panther_Pathway,Phenylethylamine degradation,https://www.pantherdb.org/pathway/pathwayList.do?searchType=basic&fieldName=all&organism=all&fieldValue=Phenylethylamine%20degradation&listType=8
Panther_Pathway,Plasminogen activating cascade,https://www.pantherdb.org/pathway/pathwayList.do?searchType=basic&fieldName=all&organism=all&fieldValue=Plasminogen%20activating%20cascade&listType=8
Panther_Pathway,Proline biosynthesis,https://www.pantherdb.org/pathway/pathwayList.do?searchType=basic&fieldName=all&organism=all&fieldValue=Proline%20biosynthesis&listType=8
Panther_Pathway,Purine metabolism,https://www.pantherdb.org/pathway/pathwayList.do?searchType=basic&fieldName=all&organism=all&fieldValue=Purine%20metabolism&listType=8
Panther_Pathway,Pyridoxal phosphate salvage pathway,https://www.pantherdb.org/pathway/pathwayList.do?searchType=basic&fieldName=all&organism=all&fieldValue=Pyridoxal%20phosphate%20salvage%20pathway&listType=8
Panther_Pathway,Pyridoxal-5-phosphate biosynthesis,https://www.pantherdb.org/pathway/pathwayList.do?searchType=basic&fieldName=all&organism=all&fieldValue=Pyridoxal-5-phosphate%20biosynthesis&listType=8
Panther_Pathway,Pyrimidine Metabolism,https://www.pantherdb.org/pathway/pathwayList.do?searchType=basic&fieldName=all&organism=all&fieldValue=Pyrimidine%20Metabolism&listType=8
Panther_Pathway,Pyruvate metabolism,https://www.pantherdb.org/pathway/pathwayList.do?searchType=basic&fieldName=all&organism=all&fieldValue=Pyruvate%20metabolism&listType=8
Panther_Pathway,Ras Pathway,https://www.pantherdb.org/pathway/pathwayList.do?searchType=basic&fieldName=all&organism=all&fieldValue=Ras%20Pathway&listType=8
Panther_Pathway,S-adenosylmethionine biosynthesis,https://www.pantherdb.org/pathway/pathwayList.do?searchType=basic&fieldName=all&organism=all&fieldValue=S-adenosylmethionine%20biosynthesis&listType=8
Panther_Pathway,Salvage pyrimidine deoxyribonucleotides,https://www.pantherdb.org/pathway/pathwayList.do?searchType=basic&fieldName=all&organism=all&fieldValue=Salvage%20pyrimidine%20deoxyribonucleotides&listType=8
Panther_Pathway,Salvage pyrimidine ribonucleotides,https://www.pantherdb.org/pathway/pathwayList.do?searchType=basic&fieldName=all&organism=all&fieldValue=Salvage%20pyrimidine%20ribonucleotides&listType=8
Panther_Pathway,Serine glycine biosynthesis,https://www.pantherdb.org/pathway/pathwayList.do?searchType=basic&fieldName=all&organism=all&fieldValue=Serine%20glycine%20biosynthesis&listType=8
Panther_Pathway,Succinate to proprionate conversion,https://www.pantherdb.org/pathway/pathwayList.do?searchType=basic&fieldName=all&organism=all&fieldValue=Succinate%20to%20proprionate%20conversion&listType=8
Panther_Pathway,Sulfate assimilation,https://www.pantherdb.org/pathway/pathwayList.do?searchType=basic&fieldName=all&organism=all&fieldValue=Sulfate%20assimilation&listType=8
Panther_Pathway,Synaptic vesicle trafficking,https://www.pantherdb.org/pathway/pathwayList.do?searchType=basic&fieldName=all&organism=all&fieldValue=Synaptic%20vesicle%20trafficking&listType=8
Panther_Pathway,T cell activation,https://www.pantherdb.org/pathway/pathwayList.do?searchType=basic&fieldName=all&organism=all&fieldValue=T%20cell%20activation&listType=8
Panther_Pathway,TCA cycle,https://www.pantherdb.org/pathway/pathwayList.do?searchType=basic&fieldName=all&organism=all&fieldValue=TCA%20cycle&listType=8
Panther_Pathway,TGF-beta signaling pathway,https://www.pantherdb.org/pathway/pathwayList.do?searchType=basic&fieldName=all&organism=all&fieldValue=TGF-beta%20signaling%20pathway&listType=8
Panther_Pathway,Tetrahydrofolate biosynthesis,https://www.pantherdb.org/pathway/pathwayList.do?searchType=basic&fieldName=all&organism=all&fieldValue=Tetrahydrofolate%20biosynthesis&listType=8
Panther_Pathway,Thiamin metabolism,https://www.pantherdb.org/pathway/pathwayList.do?searchType=basic&fieldName=all&organism=all&fieldValue=Thiamin%20metabolism&listType=8
Panther_Pathway,Thyrotropin-releasing hormone receptor signaling pathway,https://www.pantherdb.org/pathway/pathwayList.do?searchType=basic&fieldName=all&organism=all&fieldValue=Thyrotropin-releasing%20hormone%20receptor%20signaling%20pathway&listType=8
Panther_Pathway,Toll receptor signaling pathway,https://www.pantherdb.org/pathway/pathwayList.do?searchType=basic&fieldName=all&organism=all&fieldValue=Toll%20receptor%20signaling%20pathway&listType=8
Panther_Pathway,Transcription regulation by bZIP transcription factor,https://www.pantherdb.org/pathway/pathwayList.do?searchType=basic&fieldName=all&organism=all&fieldValue=Transcription%20regulation%20by%20bZIP%20transcription%20factor&listType=8
Panther_Pathway,Triacylglycerol metabolism,https://www.pantherdb.org/pathway/pathwayList.do?searchType=basic&fieldName=all&organism=all&fieldValue=Triacylglycerol%20metabolism&listType=8
Panther_Pathway,Ubiquitin proteasome pathway,https://www.pantherdb.org/pathway/pathwayList.do?searchType=basic&fieldName=all&organism=all&fieldValue=Ubiquitin%20proteasome%20pathway&listType=8
Panther_Pathway,VEGF signaling pathway,https://www.pantherdb.org/pathway/pathwayList.do?searchType=basic&fieldName=all&organism=all&fieldValue=VEGF%20signaling%20pathway&listType=8
Panther_Pathway,Valine biosynthesis,https://www.pantherdb.org/pathway/pathwayList.do?searchType=basic&fieldName=all&organism=all&fieldValue=Valine%20biosynthesis&listType=8
Panther_Pathway,Vasopressin synthesis,https://www.pantherdb.org/pathway/pathwayList.do?searchType=basic&fieldName=all&organism=all&fieldValue=Vasopressin%20synthesis&listType=8
Panther_Pathway,Vitamin B6 metabolism,https://www.pantherdb.org/pathway/pathwayList.do?searchType=basic&fieldName=all&organism=all&fieldValue=Vitamin%20B6%20metabolism&listType=8
Panther_Pathway,Vitamin D metabolism and pathway,https://www.pantherdb.org/pathway/pathwayList.do?searchType=basic&fieldName=all&organism=all&fieldValue=Vitamin%20D%20metabolism%20and%20pathway&listType=8
Panther_Pathway,Wnt signaling pathway,https://www.pantherdb.org/pathway/pathwayList.do?searchType=basic&fieldName=all&organism=all&fieldValue=Wnt%20signaling%20pathway&listType=8
Panther_Pathway,Xanthine and guanine salvage pathway,https://www.pantherdb.org/pathway/pathwayList.do?searchType=basic&fieldName=all&organism=all&fieldValue=Xanthine%20and%20guanine%20salvage%20pathway&listType=8
Panther_Pathway,mRNA splicing,https://www.pantherdb.org/pathway/pathwayList.do?searchType=basic&fieldName=all&organism=all&fieldValue=mRNA%20splicing&listType=8
Panther_Pathway,p38 MAPK pathway,https://www.pantherdb.org/pathway/pathwayList.do?searchType=basic&fieldName=all&organism=all&fieldValue=p38%20MAPK%20pathway&listType=8
Panther_Pathway,p53 pathway,https://www.pantherdb.org/pathway/pathwayList.do?searchType=basic&fieldName=all&organism=all&fieldValue=p53%20pathway&listType=8
Panther_Pathway,p53 pathway by glucose deprivation,https://www.pantherdb.org/pathway/pathwayList.do?searchType=basic&fieldName=all&organism=all&fieldValue=p53%20pathway%20by%20glucose%20deprivation&listType=8
Panther_Pathway,p53 pathway feedback loops 2,https://www.pantherdb.org/pathway/pathwayList.do?searchType=basic&fieldName=all&organism=all&fieldValue=p53%20pathway%20feedback%20loops%202&listType=8
PathBank,11-beta-Hydroxylase Deficiency (CYP11B1),https://pathbank.org/search?q=11-beta-Hydroxylase%20Deficiency%20%28CYP11B1%29&searcher=pathways&filter_species=Homo+sapiens
PathBank,17-alpha-Hydroxylase Deficiency (CYP17),https://pathbank.org/search?q=17-alpha-Hydroxylase%20Deficiency%20%28CYP17%29&searcher=pathways&filter_species=Homo+sapiens
PathBank,17-beta Hydroxysteroid Dehydrogenase III Deficiency,https://pathbank.org/search?q=17-beta%20Hydroxysteroid%20Dehydrogenase%20III%20Deficiency&searcher=pathways&filter_species=Homo+sapiens
PathBank,2-Amino-3-Carboxymuconate Semialdehyde Degradation,https://pathbank.org/search?q=2-Amino-3-Carboxymuconate%20Semialdehyde%20Degradation&searcher=pathways&filter_species=Homo+sapiens
PathBank,2-Aminoadipic 2-Oxoadipic Aciduria,https://pathbank.org/search?q=2-Aminoadipic%202-Oxoadipic%20Aciduria&searcher=pathways&filter_species=Homo+sapiens
PathBank,2-Hydroxyglutric Aciduria (D and L Form),https://pathbank.org/search?q=2-Hydroxyglutric%20Aciduria%20%28D%20and%20L%20Form%29&searcher=pathways&filter_species=Homo+sapiens
PathBank,2-Ketoglutarate Dehydrogenase Complex Deficiency,https://pathbank.org/search?q=2-Ketoglutarate%20Dehydrogenase%20Complex%20Deficiency&searcher=pathways&filter_species=Homo+sapiens
PathBank,2-Methyl-3-hydroxybutyryl-CoA Dehydrogenase Deficiency,https://pathbank.org/search?q=2-Methyl-3-hydroxybutyryl-CoA%20Dehydrogenase%20Deficiency&searcher=pathways&filter_species=Homo+sapiens
PathBank,21-Hydroxylase Deficiency (CYP21),https://pathbank.org/search?q=21-Hydroxylase%20Deficiency%20%28CYP21%29&searcher=pathways&filter_species=Homo+sapiens
PathBank,27-Hydroxylase Deficiency,https://pathbank.org/search?q=27-Hydroxylase%20Deficiency&searcher=pathways&filter_species=Homo+sapiens
PathBank,3-Hydroxy-3-methylglutaryl-CoA Lyase Deficiency,https://pathbank.org/search?q=3-Hydroxy-3-methylglutaryl-CoA%20Lyase%20Deficiency&searcher=pathways&filter_species=Homo+sapiens
PathBank,3-Hydroxyisobutyric Acid Dehydrogenase Deficiency,https://pathbank.org/search?q=3-Hydroxyisobutyric%20Acid%20Dehydrogenase%20Deficiency&searcher=pathways&filter_species=Homo+sapiens
PathBank,3-Hydroxyisobutyric Aciduria,https://pathbank.org/search?q=3-Hydroxyisobutyric%20Aciduria&searcher=pathways&filter_species=Homo+sapiens
PathBank,3-Methylcrotonyl-CoA Carboxylase Deficiency Type I,https://pathbank.org/search?q=3-Methylcrotonyl-CoA%20Carboxylase%20Deficiency%20Type%20I&searcher=pathways&filter_species=Homo+sapiens
PathBank,3-Methylglutaconic Aciduria Type I,https://pathbank.org/search?q=3-Methylglutaconic%20Aciduria%20Type%20I&searcher=pathways&filter_species=Homo+sapiens
PathBank,3-Methylglutaconic Aciduria Type III,https://pathbank.org/search?q=3-Methylglutaconic%20Aciduria%20Type%20III&searcher=pathways&filter_species=Homo+sapiens
PathBank,3-Methylglutaconic Aciduria Type IV,https://pathbank.org/search?q=3-Methylglutaconic%20Aciduria%20Type%20IV&searcher=pathways&filter_species=Homo+sapiens
PathBank,3-Methylthiofentanyl Action Pathway,https://pathbank.org/search?q=3-Methylthiofentanyl%20Action%20Pathway&searcher=pathways&filter_species=Homo+sapiens
PathBank,3-Phosphoglycerate Dehydrogenase Deficiency,https://pathbank.org/search?q=3-Phosphoglycerate%20Dehydrogenase%20Deficiency&searcher=pathways&filter_species=Homo+sapiens
PathBank,3-beta-Hydroxysteroid Dehydrogenase Deficiency,https://pathbank.org/search?q=3-beta-Hydroxysteroid%20Dehydrogenase%20Deficiency&searcher=pathways&filter_species=Homo+sapiens
PathBank,4-Hydroxybutyric Aciduria/Succinic Semialdehyde Dehydrogenase Deficiency,https://pathbank.org/search?q=4-Hydroxybutyric%20Aciduria%2FSuccinic%20Semialdehyde%20Dehydrogenase%20Deficiency&searcher=pathways&filter_species=Homo+sapiens
PathBank,5-Oxoprolinase Deficiency,https://pathbank.org/search?q=5-Oxoprolinase%20Deficiency&searcher=pathways&filter_species=Homo+sapiens
PathBank,5-Oxoprolinuria,https://pathbank.org/search?q=5-Oxoprolinuria&searcher=pathways&filter_species=Homo+sapiens
PathBank,AICA-Ribosiduria,https://pathbank.org/search?q=AICA-Ribosiduria&searcher=pathways&filter_species=Homo+sapiens
PathBank,Abciximab Action Pathway,https://pathbank.org/search?q=Abciximab%20Action%20Pathway&searcher=pathways&filter_species=Homo+sapiens
PathBank,Acebutolol Action Pathway,https://pathbank.org/search?q=Acebutolol%20Action%20Pathway&searcher=pathways&filter_species=Homo+sapiens
PathBank,Acenocoumarol Action Pathway,https://pathbank.org/search?q=Acenocoumarol%20Action%20Pathway&searcher=pathways&filter_species=Homo+sapiens
PathBank,Acetaminophen Action Pathway,https://pathbank.org/search?q=Acetaminophen%20Action%20Pathway&searcher=pathways&filter_species=Homo+sapiens
PathBank,Acetaminophen Metabolism Pathway,https://pathbank.org/search?q=Acetaminophen%20Metabolism%20Pathway&searcher=pathways&filter_species=Homo+sapiens
PathBank,Acetylsalicylic Acid Action Pathway,https://pathbank.org/search?q=Acetylsalicylic%20Acid%20Action%20Pathway&searcher=pathways&filter_species=Homo+sapiens
PathBank,Acrivastine H1-Antihistamine Action,https://pathbank.org/search?q=Acrivastine%20H1-Antihistamine%20Action&searcher=pathways&filter_species=Homo+sapiens
PathBank,Activation of PKC Through G Protein-Coupled Receptor,https://pathbank.org/search?q=Activation%20of%20PKC%20Through%20G%20Protein-Coupled%20Receptor&searcher=pathways&filter_species=Homo+sapiens
PathBank,"Activation of cAMP-dependent protein kinase, PKA",https://pathbank.org/search?q=Activation%20of%20cAMP-dependent%20protein%20kinase%2C%20PKA&searcher=pathways&filter_species=Homo+sapiens
PathBank,Acute Intermittent Porphyria,https://pathbank.org/search?q=Acute%20Intermittent%20Porphyria&searcher=pathways&filter_species=Homo+sapiens
PathBank,Adefovir Dipivoxil Metabolism Pathway,https://pathbank.org/search?q=Adefovir%20Dipivoxil%20Metabolism%20Pathway&searcher=pathways&filter_species=Homo+sapiens
PathBank,Adenine Phosphoribosyltransferase Deficiency (APRT),https://pathbank.org/search?q=Adenine%20Phosphoribosyltransferase%20Deficiency%20%28APRT%29&searcher=pathways&filter_species=Homo+sapiens
PathBank,Adenosine Deaminase Deficiency,https://pathbank.org/search?q=Adenosine%20Deaminase%20Deficiency&searcher=pathways&filter_species=Homo+sapiens
PathBank,Adenylosuccinate Lyase Deficiency,https://pathbank.org/search?q=Adenylosuccinate%20Lyase%20Deficiency&searcher=pathways&filter_species=Homo+sapiens
PathBank,Adrenal Hyperplasia Type 3 or Congenital Adrenal Hyperplasia Due to 21-Hydroxylase Deficiency,https://pathbank.org/search?q=Adrenal%20Hyperplasia%20Type%203%20or%20Congenital%20Adrenal%20Hyperplasia%20Due%20to%2021-Hydroxylase%20Deficiency&searcher=pathways&filter_species=Homo+sapiens
PathBank,Adrenal Hyperplasia Type 5 or Congenital Adrenal Hyperplasia Due to 17 alpha-Hydroxylase Deficiency,https://pathbank.org/search?q=Adrenal%20Hyperplasia%20Type%205%20or%20Congenital%20Adrenal%20Hyperplasia%20Due%20to%2017%20alpha-Hydroxylase%20Deficiency&searcher=pathways&filter_species=Homo+sapiens
PathBank,"Adrenoleukodystrophy, X-Linked",https://pathbank.org/search?q=Adrenoleukodystrophy%2C%20X-Linked&searcher=pathways&filter_species=Homo+sapiens
PathBank,Ahr Signal Transduction Pathway,https://pathbank.org/search?q=Ahr%20Signal%20Transduction%20Pathway&searcher=pathways&filter_species=Homo+sapiens
PathBank,Alanine Metabolism,https://pathbank.org/search?q=Alanine%20Metabolism&searcher=pathways&filter_species=Homo+sapiens
PathBank,Alcaftadine H1-Antihistamine Action,https://pathbank.org/search?q=Alcaftadine%20H1-Antihistamine%20Action&searcher=pathways&filter_species=Homo+sapiens
PathBank,Aldosterone from Steroidogenesis,https://pathbank.org/search?q=Aldosterone%20from%20Steroidogenesis&searcher=pathways&filter_species=Homo+sapiens
PathBank,Alendronate Action Pathway,https://pathbank.org/search?q=Alendronate%20Action%20Pathway&searcher=pathways&filter_species=Homo+sapiens
PathBank,Alfentanil Action Pathway,https://pathbank.org/search?q=Alfentanil%20Action%20Pathway&searcher=pathways&filter_species=Homo+sapiens
PathBank,Alimemazine H1-Antihistamine Action,https://pathbank.org/search?q=Alimemazine%20H1-Antihistamine%20Action&searcher=pathways&filter_species=Homo+sapiens
PathBank,Alkaptonuria,https://pathbank.org/search?q=Alkaptonuria&searcher=pathways&filter_species=Homo+sapiens
PathBank,Alpha Linolenic Acid and Linoleic Acid Metabolism,https://pathbank.org/search?q=Alpha%20Linolenic%20Acid%20and%20Linoleic%20Acid%20Metabolism&searcher=pathways&filter_species=Homo+sapiens
PathBank,Alprenolol Action Pathway,https://pathbank.org/search?q=Alprenolol%20Action%20Pathway&searcher=pathways&filter_species=Homo+sapiens
PathBank,Alteplase Action Pathway,https://pathbank.org/search?q=Alteplase%20Action%20Pathway&searcher=pathways&filter_species=Homo+sapiens
PathBank,Alternative Complement Pathway,https://pathbank.org/search?q=Alternative%20Complement%20Pathway&searcher=pathways&filter_species=Homo+sapiens
PathBank,Alvimopan Action Pathway,https://pathbank.org/search?q=Alvimopan%20Action%20Pathway&searcher=pathways&filter_species=Homo+sapiens
PathBank,Amiloride Action Pathway,https://pathbank.org/search?q=Amiloride%20Action%20Pathway&searcher=pathways&filter_species=Homo+sapiens
PathBank,Amino Sugar Metabolism,https://pathbank.org/search?q=Amino%20Sugar%20Metabolism&searcher=pathways&filter_species=Homo+sapiens
PathBank,Aminocaproic Acid Action Pathway,https://pathbank.org/search?q=Aminocaproic%20Acid%20Action%20Pathway&searcher=pathways&filter_species=Homo+sapiens
PathBank,Amiodarone Action Pathway,https://pathbank.org/search?q=Amiodarone%20Action%20Pathway&searcher=pathways&filter_species=Homo+sapiens
PathBank,Amlodipine Action Pathway,https://pathbank.org/search?q=Amlodipine%20Action%20Pathway&searcher=pathways&filter_species=Homo+sapiens
PathBank,Ammonia Recycling,https://pathbank.org/search?q=Ammonia%20Recycling&searcher=pathways&filter_species=Homo+sapiens
PathBank,Androgen and Estrogen Metabolism,https://pathbank.org/search?q=Androgen%20and%20Estrogen%20Metabolism&searcher=pathways&filter_species=Homo+sapiens
PathBank,Androstenedione Metabolism,https://pathbank.org/search?q=Androstenedione%20Metabolism&searcher=pathways&filter_species=Homo+sapiens
PathBank,Angiotensin Metabolism,https://pathbank.org/search?q=Angiotensin%20Metabolism&searcher=pathways&filter_species=Homo+sapiens
PathBank,Anileridine Action Pathway,https://pathbank.org/search?q=Anileridine%20Action%20Pathway&searcher=pathways&filter_species=Homo+sapiens
PathBank,Anistreplase Action Pathway,https://pathbank.org/search?q=Anistreplase%20Action%20Pathway&searcher=pathways&filter_species=Homo+sapiens
PathBank,Antazoline H1-Antihistamine Action,https://pathbank.org/search?q=Antazoline%20H1-Antihistamine%20Action&searcher=pathways&filter_species=Homo+sapiens
PathBank,Antipyrine Action Pathway,https://pathbank.org/search?q=Antipyrine%20Action%20Pathway&searcher=pathways&filter_species=Homo+sapiens
PathBank,Antrafenine Action Pathway,https://pathbank.org/search?q=Antrafenine%20Action%20Pathway&searcher=pathways&filter_species=Homo+sapiens
PathBank,Apoptotic DNA Fragmentation and Tissue Homeostasis,https://pathbank.org/search?q=Apoptotic%20DNA%20Fragmentation%20and%20Tissue%20Homeostasis&searcher=pathways&filter_species=Homo+sapiens
PathBank,Apparent Mineralocorticoid Excess Syndrome,https://pathbank.org/search?q=Apparent%20Mineralocorticoid%20Excess%20Syndrome&searcher=pathways&filter_species=Homo+sapiens
PathBank,Aprotinin Action Pathway,https://pathbank.org/search?q=Aprotinin%20Action%20Pathway&searcher=pathways&filter_species=Homo+sapiens
PathBank,Arachidonic Acid Metabolism,https://pathbank.org/search?q=Arachidonic%20Acid%20Metabolism&searcher=pathways&filter_species=Homo+sapiens
PathBank,Arbutamine Action Pathway,https://pathbank.org/search?q=Arbutamine%20Action%20Pathway&searcher=pathways&filter_species=Homo+sapiens
PathBank,Ardeparin Action Pathway,https://pathbank.org/search?q=Ardeparin%20Action%20Pathway&searcher=pathways&filter_species=Homo+sapiens
PathBank,Argatroban Action Pathway,https://pathbank.org/search?q=Argatroban%20Action%20Pathway&searcher=pathways&filter_species=Homo+sapiens
PathBank,Arginine and Proline Metabolism,https://pathbank.org/search?q=Arginine%20and%20Proline%20Metabolism&searcher=pathways&filter_species=Homo+sapiens
PathBank,Arginine: Glycine Amidinotransferase Deficiency (AGAT Deficiency),https://pathbank.org/search?q=Arginine%3A%20Glycine%20Amidinotransferase%20Deficiency%20%28AGAT%20Deficiency%29&searcher=pathways&filter_species=Homo+sapiens
PathBank,Argininemia,https://pathbank.org/search?q=Argininemia&searcher=pathways&filter_species=Homo+sapiens
PathBank,Argininosuccinic Aciduria,https://pathbank.org/search?q=Argininosuccinic%20Aciduria&searcher=pathways&filter_species=Homo+sapiens
PathBank,Aromatase Deficiency,https://pathbank.org/search?q=Aromatase%20Deficiency&searcher=pathways&filter_species=Homo+sapiens
PathBank,Aromatic L-Aminoacid Decarboxylase Deficiency,https://pathbank.org/search?q=Aromatic%20L-Aminoacid%20Decarboxylase%20Deficiency&searcher=pathways&filter_species=Homo+sapiens
PathBank,Arsenate Detoxification,https://pathbank.org/search?q=Arsenate%20Detoxification&searcher=pathways&filter_species=Homo+sapiens
PathBank,Artemether Metabolism Pathway,https://pathbank.org/search?q=Artemether%20Metabolism%20Pathway&searcher=pathways&filter_species=Homo+sapiens
PathBank,Aspartate Metabolism,https://pathbank.org/search?q=Aspartate%20Metabolism&searcher=pathways&filter_species=Homo+sapiens
PathBank,Astemizole H1-Antihistamine Action,https://pathbank.org/search?q=Astemizole%20H1-Antihistamine%20Action&searcher=pathways&filter_species=Homo+sapiens
PathBank,Atenolol Action Pathway,https://pathbank.org/search?q=Atenolol%20Action%20Pathway&searcher=pathways&filter_species=Homo+sapiens
PathBank,Atorvastatin Action Pathway,https://pathbank.org/search?q=Atorvastatin%20Action%20Pathway&searcher=pathways&filter_species=Homo+sapiens
PathBank,Azatadine H1-Antihistamine Action,https://pathbank.org/search?q=Azatadine%20H1-Antihistamine%20Action&searcher=pathways&filter_species=Homo+sapiens
PathBank,Azathioprine Action Pathway,https://pathbank.org/search?q=Azathioprine%20Action%20Pathway&searcher=pathways&filter_species=Homo+sapiens
PathBank,Azelastine H1-Antihistamine Action,https://pathbank.org/search?q=Azelastine%20H1-Antihistamine%20Action&searcher=pathways&filter_species=Homo+sapiens
PathBank,BCR Signaling Pathway,https://pathbank.org/search?q=BCR%20Signaling%20Pathway&searcher=pathways&filter_species=Homo+sapiens
PathBank,BCR-ABL Action in CML Pathogenesis,https://pathbank.org/search?q=BCR-ABL%20Action%20in%20CML%20Pathogenesis&searcher=pathways&filter_species=Homo+sapiens
PathBank,BTG Family Proteins and Cell Cycle Regulation,https://pathbank.org/search?q=BTG%20Family%20Proteins%20and%20Cell%20Cycle%20Regulation&searcher=pathways&filter_species=Homo+sapiens
PathBank,Bafetinib Inhibition of BCR-ABL,https://pathbank.org/search?q=Bafetinib%20Inhibition%20of%20BCR-ABL&searcher=pathways&filter_species=Homo+sapiens
PathBank,Bamipine H1-Antihistamine Action,https://pathbank.org/search?q=Bamipine%20H1-Antihistamine%20Action&searcher=pathways&filter_species=Homo+sapiens
PathBank,Benazepril Action Pathway,https://pathbank.org/search?q=Benazepril%20Action%20Pathway&searcher=pathways&filter_species=Homo+sapiens
PathBank,Bendroflumethiazide Action Pathway,https://pathbank.org/search?q=Bendroflumethiazide%20Action%20Pathway&searcher=pathways&filter_species=Homo+sapiens
PathBank,Benzocaine Action Pathway,https://pathbank.org/search?q=Benzocaine%20Action%20Pathway&searcher=pathways&filter_species=Homo+sapiens
PathBank,Bepotastine H1-Antihistamine Action,https://pathbank.org/search?q=Bepotastine%20H1-Antihistamine%20Action&searcher=pathways&filter_species=Homo+sapiens
PathBank,Beta Oxidation of Very Long Chain Fatty Acids,https://pathbank.org/search?q=Beta%20Oxidation%20of%20Very%20Long%20Chain%20Fatty%20Acids&searcher=pathways&filter_species=Homo+sapiens
PathBank,Betahistine H1-Antihistamine Action,https://pathbank.org/search?q=Betahistine%20H1-Antihistamine%20Action&searcher=pathways&filter_species=Homo+sapiens
PathBank,Betaine Metabolism,https://pathbank.org/search?q=Betaine%20Metabolism&searcher=pathways&filter_species=Homo+sapiens
PathBank,Betaxolol Action Pathway,https://pathbank.org/search?q=Betaxolol%20Action%20Pathway&searcher=pathways&filter_species=Homo+sapiens
PathBank,Betazole Action Pathway,https://pathbank.org/search?q=Betazole%20Action%20Pathway&searcher=pathways&filter_species=Homo+sapiens
PathBank,Bevacizumab Action Pathway,https://pathbank.org/search?q=Bevacizumab%20Action%20Pathway&searcher=pathways&filter_species=Homo+sapiens
PathBank,Bevantolol Action Pathway,https://pathbank.org/search?q=Bevantolol%20Action%20Pathway&searcher=pathways&filter_species=Homo+sapiens
PathBank,Bilastine H1-Antihistamine Action,https://pathbank.org/search?q=Bilastine%20H1-Antihistamine%20Action&searcher=pathways&filter_species=Homo+sapiens
PathBank,Bile Acid Biosynthesis,https://pathbank.org/search?q=Bile%20Acid%20Biosynthesis&searcher=pathways&filter_species=Homo+sapiens
PathBank,Bile Acid Direct Signalling Pathway (1),https://pathbank.org/search?q=Bile%20Acid%20Direct%20Signalling%20Pathway%20%281%29&searcher=pathways&filter_species=Homo+sapiens
PathBank,Bile Acid Direct Signalling Pathway (2),https://pathbank.org/search?q=Bile%20Acid%20Direct%20Signalling%20Pathway%20%282%29&searcher=pathways&filter_species=Homo+sapiens
PathBank,Bile Acid Indirect Signalling Pathway,https://pathbank.org/search?q=Bile%20Acid%20Indirect%20Signalling%20Pathway&searcher=pathways&filter_species=Homo+sapiens
PathBank,Biotin Metabolism,https://pathbank.org/search?q=Biotin%20Metabolism&searcher=pathways&filter_species=Homo+sapiens
PathBank,Biotinidase Deficiency,https://pathbank.org/search?q=Biotinidase%20Deficiency&searcher=pathways&filter_species=Homo+sapiens
PathBank,Bisoprolol Action Pathway,https://pathbank.org/search?q=Bisoprolol%20Action%20Pathway&searcher=pathways&filter_species=Homo+sapiens
PathBank,Bivalirudin Action Pathway,https://pathbank.org/search?q=Bivalirudin%20Action%20Pathway&searcher=pathways&filter_species=Homo+sapiens
PathBank,Bloch Pathway (Cholesterol Biosynthesis),https://pathbank.org/search?q=Bloch%20Pathway%20%28Cholesterol%20Biosynthesis%29&searcher=pathways&filter_species=Homo+sapiens
PathBank,Blue Diaper Syndrome,https://pathbank.org/search?q=Blue%20Diaper%20Syndrome&searcher=pathways&filter_species=Homo+sapiens
PathBank,Bopindolol Action Pathway,https://pathbank.org/search?q=Bopindolol%20Action%20Pathway&searcher=pathways&filter_species=Homo+sapiens
PathBank,Bosutinib Inhibition of BCR-ABL,https://pathbank.org/search?q=Bosutinib%20Inhibition%20of%20BCR-ABL&searcher=pathways&filter_species=Homo+sapiens
PathBank,Bromfenac Action Pathway,https://pathbank.org/search?q=Bromfenac%20Action%20Pathway&searcher=pathways&filter_species=Homo+sapiens
PathBank,Bromodiphenhydramine H1-Antihistamine Action,https://pathbank.org/search?q=Bromodiphenhydramine%20H1-Antihistamine%20Action&searcher=pathways&filter_species=Homo+sapiens
PathBank,Brompheniramine H1-Antihistamine Action,https://pathbank.org/search?q=Brompheniramine%20H1-Antihistamine%20Action&searcher=pathways&filter_species=Homo+sapiens
PathBank,Buclizine H1-Antihistamine Action,https://pathbank.org/search?q=Buclizine%20H1-Antihistamine%20Action&searcher=pathways&filter_species=Homo+sapiens
PathBank,Bumetanide Action Pathway,https://pathbank.org/search?q=Bumetanide%20Action%20Pathway&searcher=pathways&filter_species=Homo+sapiens
PathBank,Bupivacaine Action Pathway,https://pathbank.org/search?q=Bupivacaine%20Action%20Pathway&searcher=pathways&filter_species=Homo+sapiens
PathBank,Bupranolol Action Pathway,https://pathbank.org/search?q=Bupranolol%20Action%20Pathway&searcher=pathways&filter_species=Homo+sapiens
PathBank,Buprenorphine Action Pathway,https://pathbank.org/search?q=Buprenorphine%20Action%20Pathway&searcher=pathways&filter_species=Homo+sapiens
PathBank,Butyrate Metabolism,https://pathbank.org/search?q=Butyrate%20Metabolism&searcher=pathways&filter_species=Homo+sapiens
PathBank,CD40L Signalling Pathway,https://pathbank.org/search?q=CD40L%20Signalling%20Pathway&searcher=pathways&filter_species=Homo+sapiens
PathBank,CHILD Syndrome,https://pathbank.org/search?q=CHILD%20Syndrome&searcher=pathways&filter_species=Homo+sapiens
PathBank,CXCR4 Signaling Pathway,https://pathbank.org/search?q=CXCR4%20Signaling%20Pathway&searcher=pathways&filter_species=Homo+sapiens
PathBank,Cadmium Induces DNA Synthesis and Proliferation in Macrophages,https://pathbank.org/search?q=Cadmium%20Induces%20DNA%20Synthesis%20and%20Proliferation%20in%20Macrophages&searcher=pathways&filter_species=Homo+sapiens
PathBank,Caffeine Metabolism,https://pathbank.org/search?q=Caffeine%20Metabolism&searcher=pathways&filter_species=Homo+sapiens
PathBank,Canavan Disease,https://pathbank.org/search?q=Canavan%20Disease&searcher=pathways&filter_species=Homo+sapiens
PathBank,Candesartan Action Pathway,https://pathbank.org/search?q=Candesartan%20Action%20Pathway&searcher=pathways&filter_species=Homo+sapiens
PathBank,Capecitabine Action Pathway,https://pathbank.org/search?q=Capecitabine%20Action%20Pathway&searcher=pathways&filter_species=Homo+sapiens
PathBank,Capecitabine Metabolism Pathway,https://pathbank.org/search?q=Capecitabine%20Metabolism%20Pathway&searcher=pathways&filter_species=Homo+sapiens
PathBank,Captopril Action Pathway,https://pathbank.org/search?q=Captopril%20Action%20Pathway&searcher=pathways&filter_species=Homo+sapiens
PathBank,Carbamazepine Metabolism Pathway,https://pathbank.org/search?q=Carbamazepine%20Metabolism%20Pathway&searcher=pathways&filter_species=Homo+sapiens
PathBank,Carbamoyl Phosphate Synthetase Deficiency,https://pathbank.org/search?q=Carbamoyl%20Phosphate%20Synthetase%20Deficiency&searcher=pathways&filter_species=Homo+sapiens
PathBank,Carbinoxamine H1-Antihistamine Action,https://pathbank.org/search?q=Carbinoxamine%20H1-Antihistamine%20Action&searcher=pathways&filter_species=Homo+sapiens
PathBank,Cardiolipin Biosynthesis,https://pathbank.org/search?q=Cardiolipin%20Biosynthesis&searcher=pathways&filter_species=Homo+sapiens
PathBank,Cardiolipin Biosynthesis (Barth Syndrome),https://pathbank.org/search?q=Cardiolipin%20Biosynthesis%20%28Barth%20Syndrome%29&searcher=pathways&filter_species=Homo+sapiens
PathBank,Carfentanil Action Pathway,https://pathbank.org/search?q=Carfentanil%20Action%20Pathway&searcher=pathways&filter_species=Homo+sapiens
PathBank,Carnitine Palmitoyl Transferase Deficiency I,https://pathbank.org/search?q=Carnitine%20Palmitoyl%20Transferase%20Deficiency%20I&searcher=pathways&filter_species=Homo+sapiens
PathBank,Carnitine Palmitoyl Transferase Deficiency II,https://pathbank.org/search?q=Carnitine%20Palmitoyl%20Transferase%20Deficiency%20II&searcher=pathways&filter_species=Homo+sapiens
PathBank,Carnitine Synthesis,https://pathbank.org/search?q=Carnitine%20Synthesis&searcher=pathways&filter_species=Homo+sapiens
PathBank,Carnitine-Acylcarnitine Translocase Deficiency,https://pathbank.org/search?q=Carnitine-Acylcarnitine%20Translocase%20Deficiency&searcher=pathways&filter_species=Homo+sapiens
PathBank,"Carnosinuria, Carnosinemia",https://pathbank.org/search?q=Carnosinuria%2C%20Carnosinemia&searcher=pathways&filter_species=Homo+sapiens
PathBank,Carprofen Action Pathway,https://pathbank.org/search?q=Carprofen%20Action%20Pathway&searcher=pathways&filter_species=Homo+sapiens
PathBank,Carteolol Action Pathway,https://pathbank.org/search?q=Carteolol%20Action%20Pathway&searcher=pathways&filter_species=Homo+sapiens
PathBank,Carvedilol Action Pathway,https://pathbank.org/search?q=Carvedilol%20Action%20Pathway&searcher=pathways&filter_species=Homo+sapiens
PathBank,Catecholamine Biosynthesis,https://pathbank.org/search?q=Catecholamine%20Biosynthesis&searcher=pathways&filter_species=Homo+sapiens
PathBank,Celecoxib Action Pathway,https://pathbank.org/search?q=Celecoxib%20Action%20Pathway&searcher=pathways&filter_species=Homo+sapiens
PathBank,Celecoxib Metabolism Pathway,https://pathbank.org/search?q=Celecoxib%20Metabolism%20Pathway&searcher=pathways&filter_species=Homo+sapiens
PathBank,Cerebrotendinous Xanthomatosis (CTX),https://pathbank.org/search?q=Cerebrotendinous%20Xanthomatosis%20%28CTX%29&searcher=pathways&filter_species=Homo+sapiens
PathBank,Cerivastatin Action Pathway,https://pathbank.org/search?q=Cerivastatin%20Action%20Pathway&searcher=pathways&filter_species=Homo+sapiens
PathBank,Cetirizine H1-Antihistamine Action,https://pathbank.org/search?q=Cetirizine%20H1-Antihistamine%20Action&searcher=pathways&filter_species=Homo+sapiens
PathBank,Chlorcyclizine H1-Antihistamine Action,https://pathbank.org/search?q=Chlorcyclizine%20H1-Antihistamine%20Action&searcher=pathways&filter_species=Homo+sapiens
PathBank,Chloroprocaine Action Pathway,https://pathbank.org/search?q=Chloroprocaine%20Action%20Pathway&searcher=pathways&filter_species=Homo+sapiens
PathBank,Chloropyramine H1-Antihistamine Action,https://pathbank.org/search?q=Chloropyramine%20H1-Antihistamine%20Action&searcher=pathways&filter_species=Homo+sapiens
PathBank,Chlorothiazide Action Pathway,https://pathbank.org/search?q=Chlorothiazide%20Action%20Pathway&searcher=pathways&filter_species=Homo+sapiens
PathBank,Chlorphenamine H1-Antihistamine Action,https://pathbank.org/search?q=Chlorphenamine%20H1-Antihistamine%20Action&searcher=pathways&filter_species=Homo+sapiens
PathBank,Chlorphenoxamine H1-Antihistamine Action,https://pathbank.org/search?q=Chlorphenoxamine%20H1-Antihistamine%20Action&searcher=pathways&filter_species=Homo+sapiens
PathBank,Chlorthalidone Action Pathway,https://pathbank.org/search?q=Chlorthalidone%20Action%20Pathway&searcher=pathways&filter_species=Homo+sapiens
PathBank,Cholesteryl Ester Storage Disease,https://pathbank.org/search?q=Cholesteryl%20Ester%20Storage%20Disease&searcher=pathways&filter_species=Homo+sapiens
PathBank,"Chondrodysplasia Punctata II, X-Linked Dominant (CDPX2)",https://pathbank.org/search?q=Chondrodysplasia%20Punctata%20II%2C%20X-Linked%20Dominant%20%28CDPX2%29&searcher=pathways&filter_species=Homo+sapiens
PathBank,Cilazapril Action Pathway,https://pathbank.org/search?q=Cilazapril%20Action%20Pathway&searcher=pathways&filter_species=Homo+sapiens
PathBank,Cilostazol Action Pathway,https://pathbank.org/search?q=Cilostazol%20Action%20Pathway&searcher=pathways&filter_species=Homo+sapiens
PathBank,Cimetidine Action Pathway,https://pathbank.org/search?q=Cimetidine%20Action%20Pathway&searcher=pathways&filter_species=Homo+sapiens
PathBank,Cinnarizine H1-Antihistamine Action,https://pathbank.org/search?q=Cinnarizine%20H1-Antihistamine%20Action&searcher=pathways&filter_species=Homo+sapiens
PathBank,Circadian Rhythms,https://pathbank.org/search?q=Circadian%20Rhythms&searcher=pathways&filter_species=Homo+sapiens
PathBank,Citalopram Action Pathway,https://pathbank.org/search?q=Citalopram%20Action%20Pathway&searcher=pathways&filter_species=Homo+sapiens
PathBank,Citalopram Metabolism Pathway,https://pathbank.org/search?q=Citalopram%20Metabolism%20Pathway&searcher=pathways&filter_species=Homo+sapiens
PathBank,Citric Acid Cycle,https://pathbank.org/search?q=Citric%20Acid%20Cycle&searcher=pathways&filter_species=Homo+sapiens
PathBank,Citrullinemia Type I,https://pathbank.org/search?q=Citrullinemia%20Type%20I&searcher=pathways&filter_species=Homo+sapiens
PathBank,Classical Complement Pathway,https://pathbank.org/search?q=Classical%20Complement%20Pathway&searcher=pathways&filter_species=Homo+sapiens
PathBank,Clemastine H1-Antihistamine Action,https://pathbank.org/search?q=Clemastine%20H1-Antihistamine%20Action&searcher=pathways&filter_species=Homo+sapiens
PathBank,Clocinizine H1-Antihistamine Action,https://pathbank.org/search?q=Clocinizine%20H1-Antihistamine%20Action&searcher=pathways&filter_species=Homo+sapiens
PathBank,Clomipramine Metabolism Pathway,https://pathbank.org/search?q=Clomipramine%20Metabolism%20Pathway&searcher=pathways&filter_species=Homo+sapiens
PathBank,Clopidogrel Action Pathway,https://pathbank.org/search?q=Clopidogrel%20Action%20Pathway&searcher=pathways&filter_species=Homo+sapiens
PathBank,Clopidogrel Metabolism Pathway,https://pathbank.org/search?q=Clopidogrel%20Metabolism%20Pathway&searcher=pathways&filter_species=Homo+sapiens
PathBank,Coagulation,https://pathbank.org/search?q=Coagulation&searcher=pathways&filter_species=Homo+sapiens
PathBank,Cocaine Action Pathway,https://pathbank.org/search?q=Cocaine%20Action%20Pathway&searcher=pathways&filter_species=Homo+sapiens
PathBank,Codeine Action Pathway,https://pathbank.org/search?q=Codeine%20Action%20Pathway&searcher=pathways&filter_species=Homo+sapiens
PathBank,Codeine Metabolism Pathway,https://pathbank.org/search?q=Codeine%20Metabolism%20Pathway&searcher=pathways&filter_species=Homo+sapiens
PathBank,Complement Pathway,https://pathbank.org/search?q=Complement%20Pathway&searcher=pathways&filter_species=Homo+sapiens
PathBank,Congenital Bile Acid Synthesis Defect Type II,https://pathbank.org/search?q=Congenital%20Bile%20Acid%20Synthesis%20Defect%20Type%20II&searcher=pathways&filter_species=Homo+sapiens
PathBank,Congenital Bile Acid Synthesis Defect Type III,https://pathbank.org/search?q=Congenital%20Bile%20Acid%20Synthesis%20Defect%20Type%20III&searcher=pathways&filter_species=Homo+sapiens
PathBank,Congenital Disorder of Glycosylation CDG-IId,https://pathbank.org/search?q=Congenital%20Disorder%20of%20Glycosylation%20CDG-IId&searcher=pathways&filter_species=Homo+sapiens
PathBank,Congenital Erythropoietic Porphyria (CEP) or Gunther Disease,https://pathbank.org/search?q=Congenital%20Erythropoietic%20Porphyria%20%28CEP%29%20or%20Gunther%20Disease&searcher=pathways&filter_species=Homo+sapiens
PathBank,Congenital Lactic Acidosis,https://pathbank.org/search?q=Congenital%20Lactic%20Acidosis&searcher=pathways&filter_species=Homo+sapiens
PathBank,Congenital Lipoid Adrenal Hyperplasia (CLAH) or Lipoid CAH,https://pathbank.org/search?q=Congenital%20Lipoid%20Adrenal%20Hyperplasia%20%28CLAH%29%20or%20Lipoid%20CAH&searcher=pathways&filter_species=Homo+sapiens
PathBank,Corticosterone Methyl Oxidase I Deficiency (CMO I),https://pathbank.org/search?q=Corticosterone%20Methyl%20Oxidase%20I%20Deficiency%20%28CMO%20I%29&searcher=pathways&filter_species=Homo+sapiens
PathBank,Corticosterone Methyl Oxidase II Deficiency (CMO II),https://pathbank.org/search?q=Corticosterone%20Methyl%20Oxidase%20II%20Deficiency%20%28CMO%20II%29&searcher=pathways&filter_species=Homo+sapiens
PathBank,Corticotropin Activation of Cortisol Production,https://pathbank.org/search?q=Corticotropin%20Activation%20of%20Cortisol%20Production&searcher=pathways&filter_species=Homo+sapiens
PathBank,"Creatine Deficiency, Guanidinoacetate Methyltransferase Deficiency",https://pathbank.org/search?q=Creatine%20Deficiency%2C%20Guanidinoacetate%20Methyltransferase%20Deficiency&searcher=pathways&filter_species=Homo+sapiens
PathBank,Cyclizine H1-Antihistamine Action,https://pathbank.org/search?q=Cyclizine%20H1-Antihistamine%20Action&searcher=pathways&filter_species=Homo+sapiens
PathBank,Cyclophosphamide Action Pathway,https://pathbank.org/search?q=Cyclophosphamide%20Action%20Pathway&searcher=pathways&filter_species=Homo+sapiens
PathBank,Cyclophosphamide Metabolism Pathway,https://pathbank.org/search?q=Cyclophosphamide%20Metabolism%20Pathway&searcher=pathways&filter_species=Homo+sapiens
PathBank,Cyclothiazide Action Pathway,https://pathbank.org/search?q=Cyclothiazide%20Action%20Pathway&searcher=pathways&filter_species=Homo+sapiens
PathBank,Cyproheptadine H1-Antihistamine Action,https://pathbank.org/search?q=Cyproheptadine%20H1-Antihistamine%20Action&searcher=pathways&filter_species=Homo+sapiens
PathBank,Cystathionine beta-Synthase Deficiency,https://pathbank.org/search?q=Cystathionine%20beta-Synthase%20Deficiency&searcher=pathways&filter_species=Homo+sapiens
PathBank,Cysteine Metabolism,https://pathbank.org/search?q=Cysteine%20Metabolism&searcher=pathways&filter_species=Homo+sapiens
PathBank,"Cystinosis, Ocular Nonnephropathic",https://pathbank.org/search?q=Cystinosis%2C%20Ocular%20Nonnephropathic&searcher=pathways&filter_species=Homo+sapiens
PathBank,Cystinuria,https://pathbank.org/search?q=Cystinuria&searcher=pathways&filter_species=Homo+sapiens
PathBank,D-Glyceric Acidura,https://pathbank.org/search?q=D-Glyceric%20Acidura&searcher=pathways&filter_species=Homo+sapiens
PathBank,D4-GDI Signaling Pathway,https://pathbank.org/search?q=D4-GDI%20Signaling%20Pathway&searcher=pathways&filter_species=Homo+sapiens
PathBank,DOPA-Responsive Dystonia,https://pathbank.org/search?q=DOPA-Responsive%20Dystonia&searcher=pathways&filter_species=Homo+sapiens
PathBank,Dasatinib Inhibition of BCR-ABL,https://pathbank.org/search?q=Dasatinib%20Inhibition%20of%20BCR-ABL&searcher=pathways&filter_species=Homo+sapiens
PathBank,De Novo Triacylglycerol Biosynthesis,https://pathbank.org/search?q=De%20Novo%20Triacylglycerol%20Biosynthesis&searcher=pathways&filter_species=Homo+sapiens
PathBank,Degradation of Superoxides,https://pathbank.org/search?q=Degradation%20of%20Superoxides&searcher=pathways&filter_species=Homo+sapiens
PathBank,Deptropine H1-Antihistamine Action,https://pathbank.org/search?q=Deptropine%20H1-Antihistamine%20Action&searcher=pathways&filter_species=Homo+sapiens
PathBank,Desipramine Action Pathway,https://pathbank.org/search?q=Desipramine%20Action%20Pathway&searcher=pathways&filter_species=Homo+sapiens
PathBank,Desipramine Metabolism Pathway,https://pathbank.org/search?q=Desipramine%20Metabolism%20Pathway&searcher=pathways&filter_species=Homo+sapiens
PathBank,Desloratadine H1-Antihistamine Action,https://pathbank.org/search?q=Desloratadine%20H1-Antihistamine%20Action&searcher=pathways&filter_species=Homo+sapiens
PathBank,Desmosterolosis,https://pathbank.org/search?q=Desmosterolosis&searcher=pathways&filter_species=Homo+sapiens
PathBank,Dexbrompheniramine H1-Antihistamine Action,https://pathbank.org/search?q=Dexbrompheniramine%20H1-Antihistamine%20Action&searcher=pathways&filter_species=Homo+sapiens
PathBank,Dexchlorpheniramine H1-Antihistamine Action,https://pathbank.org/search?q=Dexchlorpheniramine%20H1-Antihistamine%20Action&searcher=pathways&filter_species=Homo+sapiens
PathBank,Dezocine Action Pathway,https://pathbank.org/search?q=Dezocine%20Action%20Pathway&searcher=pathways&filter_species=Homo+sapiens
PathBank,Dibucaine Action Pathway,https://pathbank.org/search?q=Dibucaine%20Action%20Pathway&searcher=pathways&filter_species=Homo+sapiens
PathBank,Diclofenac Action Pathway,https://pathbank.org/search?q=Diclofenac%20Action%20Pathway&searcher=pathways&filter_species=Homo+sapiens
PathBank,Dicoumarol Action Pathway,https://pathbank.org/search?q=Dicoumarol%20Action%20Pathway&searcher=pathways&filter_species=Homo+sapiens
PathBank,Dicumarol Action Pathway,https://pathbank.org/search?q=Dicumarol%20Action%20Pathway&searcher=pathways&filter_species=Homo+sapiens
PathBank,Diflunisal Action Pathway,https://pathbank.org/search?q=Diflunisal%20Action%20Pathway&searcher=pathways&filter_species=Homo+sapiens
PathBank,Dihydromorphine Action Pathway,https://pathbank.org/search?q=Dihydromorphine%20Action%20Pathway&searcher=pathways&filter_species=Homo+sapiens
PathBank,Dihydropyrimidinase Deficiency,https://pathbank.org/search?q=Dihydropyrimidinase%20Deficiency&searcher=pathways&filter_species=Homo+sapiens
PathBank,Dihydropyrimidine Dehydrogenase Deficiency (DHPD),https://pathbank.org/search?q=Dihydropyrimidine%20Dehydrogenase%20Deficiency%20%28DHPD%29&searcher=pathways&filter_species=Homo+sapiens
PathBank,Diltiazem Action Pathway,https://pathbank.org/search?q=Diltiazem%20Action%20Pathway&searcher=pathways&filter_species=Homo+sapiens
PathBank,Dimethylglycine Dehydrogenase Deficiency,https://pathbank.org/search?q=Dimethylglycine%20Dehydrogenase%20Deficiency&searcher=pathways&filter_species=Homo+sapiens
PathBank,Dimethylthiambutene Action Pathway,https://pathbank.org/search?q=Dimethylthiambutene%20Action%20Pathway&searcher=pathways&filter_species=Homo+sapiens
PathBank,Dimetindene H1-Antihistamine Action,https://pathbank.org/search?q=Dimetindene%20H1-Antihistamine%20Action&searcher=pathways&filter_species=Homo+sapiens
PathBank,Diphenhydramine H1-Antihistamine Action,https://pathbank.org/search?q=Diphenhydramine%20H1-Antihistamine%20Action&searcher=pathways&filter_species=Homo+sapiens
PathBank,Diphenoxylate Action Pathway,https://pathbank.org/search?q=Diphenoxylate%20Action%20Pathway&searcher=pathways&filter_species=Homo+sapiens
PathBank,Diphenylpyraline H1-Antihistamine Action,https://pathbank.org/search?q=Diphenylpyraline%20H1-Antihistamine%20Action&searcher=pathways&filter_species=Homo+sapiens
PathBank,Disopyramide Action Pathway,https://pathbank.org/search?q=Disopyramide%20Action%20Pathway&searcher=pathways&filter_species=Homo+sapiens
PathBank,Disulfiram Action Pathway,https://pathbank.org/search?q=Disulfiram%20Action%20Pathway&searcher=pathways&filter_species=Homo+sapiens
PathBank,Dobutamine Action Pathway,https://pathbank.org/search?q=Dobutamine%20Action%20Pathway&searcher=pathways&filter_species=Homo+sapiens
PathBank,Docetaxel Action Pathway,https://pathbank.org/search?q=Docetaxel%20Action%20Pathway&searcher=pathways&filter_species=Homo+sapiens
PathBank,Dopamine Activation of Neurological Reward System,https://pathbank.org/search?q=Dopamine%20Activation%20of%20Neurological%20Reward%20System&searcher=pathways&filter_species=Homo+sapiens
PathBank,Dopamine beta-Hydroxylase Deficiency,https://pathbank.org/search?q=Dopamine%20beta-Hydroxylase%20Deficiency&searcher=pathways&filter_species=Homo+sapiens
PathBank,Doxepin H1-Antihistamine Action,https://pathbank.org/search?q=Doxepin%20H1-Antihistamine%20Action&searcher=pathways&filter_species=Homo+sapiens
PathBank,Doxepin Metabolism Pathway,https://pathbank.org/search?q=Doxepin%20Metabolism%20Pathway&searcher=pathways&filter_species=Homo+sapiens
PathBank,Doxorubicin Metabolism Pathway,https://pathbank.org/search?q=Doxorubicin%20Metabolism%20Pathway&searcher=pathways&filter_species=Homo+sapiens
PathBank,Doxylamine H1-Antihistamine Action,https://pathbank.org/search?q=Doxylamine%20H1-Antihistamine%20Action&searcher=pathways&filter_species=Homo+sapiens
PathBank,EGF Signalling Pathway,https://pathbank.org/search?q=EGF%20Signalling%20Pathway&searcher=pathways&filter_species=Homo+sapiens
PathBank,EPO Signaling Pathway,https://pathbank.org/search?q=EPO%20Signaling%20Pathway&searcher=pathways&filter_species=Homo+sapiens
PathBank,Ebastine H1-Antihistamine Action,https://pathbank.org/search?q=Ebastine%20H1-Antihistamine%20Action&searcher=pathways&filter_species=Homo+sapiens
PathBank,Embramine H1-Antihistamine Action,https://pathbank.org/search?q=Embramine%20H1-Antihistamine%20Action&searcher=pathways&filter_species=Homo+sapiens
PathBank,Emedastine H1-Antihistamine Action,https://pathbank.org/search?q=Emedastine%20H1-Antihistamine%20Action&searcher=pathways&filter_species=Homo+sapiens
PathBank,Enalapril Action Pathway,https://pathbank.org/search?q=Enalapril%20Action%20Pathway&searcher=pathways&filter_species=Homo+sapiens
PathBank,Enoxaparin Action Pathway,https://pathbank.org/search?q=Enoxaparin%20Action%20Pathway&searcher=pathways&filter_species=Homo+sapiens
PathBank,Epinastine H1-Antihistamine Action,https://pathbank.org/search?q=Epinastine%20H1-Antihistamine%20Action&searcher=pathways&filter_species=Homo+sapiens
PathBank,Epinephrine Action Pathway,https://pathbank.org/search?q=Epinephrine%20Action%20Pathway&searcher=pathways&filter_species=Homo+sapiens
PathBank,Eplerenone Action Pathway,https://pathbank.org/search?q=Eplerenone%20Action%20Pathway&searcher=pathways&filter_species=Homo+sapiens
PathBank,Eprosartan Action Pathway,https://pathbank.org/search?q=Eprosartan%20Action%20Pathway&searcher=pathways&filter_species=Homo+sapiens
PathBank,Eptifibatide Action Pathway,https://pathbank.org/search?q=Eptifibatide%20Action%20Pathway&searcher=pathways&filter_species=Homo+sapiens
PathBank,Erlotinib Action Pathway,https://pathbank.org/search?q=Erlotinib%20Action%20Pathway&searcher=pathways&filter_species=Homo+sapiens
PathBank,Escitalopram Action Pathway,https://pathbank.org/search?q=Escitalopram%20Action%20Pathway&searcher=pathways&filter_species=Homo+sapiens
PathBank,Esmolol Action Pathway,https://pathbank.org/search?q=Esmolol%20Action%20Pathway&searcher=pathways&filter_species=Homo+sapiens
PathBank,Esomeprazole Action Pathway,https://pathbank.org/search?q=Esomeprazole%20Action%20Pathway&searcher=pathways&filter_species=Homo+sapiens
PathBank,Esomeprazole Metabolism Pathway,https://pathbank.org/search?q=Esomeprazole%20Metabolism%20Pathway&searcher=pathways&filter_species=Homo+sapiens
PathBank,Estrone Metabolism,https://pathbank.org/search?q=Estrone%20Metabolism&searcher=pathways&filter_species=Homo+sapiens
PathBank,Ethacrynic Acid Action Pathway,https://pathbank.org/search?q=Ethacrynic%20Acid%20Action%20Pathway&searcher=pathways&filter_species=Homo+sapiens
PathBank,Ethanol Degradation,https://pathbank.org/search?q=Ethanol%20Degradation&searcher=pathways&filter_species=Homo+sapiens
PathBank,Ethylmalonic Encephalopathy,https://pathbank.org/search?q=Ethylmalonic%20Encephalopathy&searcher=pathways&filter_species=Homo+sapiens
PathBank,Ethylmorphine Action Pathway,https://pathbank.org/search?q=Ethylmorphine%20Action%20Pathway&searcher=pathways&filter_species=Homo+sapiens
PathBank,Etodolac Action Pathway,https://pathbank.org/search?q=Etodolac%20Action%20Pathway&searcher=pathways&filter_species=Homo+sapiens
PathBank,Etoposide Action Pathway,https://pathbank.org/search?q=Etoposide%20Action%20Pathway&searcher=pathways&filter_species=Homo+sapiens
PathBank,Etoposide Metabolism Pathway,https://pathbank.org/search?q=Etoposide%20Metabolism%20Pathway&searcher=pathways&filter_species=Homo+sapiens
PathBank,Etoricoxib Action Pathway,https://pathbank.org/search?q=Etoricoxib%20Action%20Pathway&searcher=pathways&filter_species=Homo+sapiens
PathBank,Eumelanin Biosynthesis,https://pathbank.org/search?q=Eumelanin%20Biosynthesis&searcher=pathways&filter_species=Homo+sapiens
PathBank,Excitatory Neural Signalling Through 5-HTR 4 and Serotonin,https://pathbank.org/search?q=Excitatory%20Neural%20Signalling%20Through%205-HTR%204%20and%20Serotonin&searcher=pathways&filter_species=Homo+sapiens
PathBank,Excitatory Neural Signalling Through 5-HTR 6 and Serotonin,https://pathbank.org/search?q=Excitatory%20Neural%20Signalling%20Through%205-HTR%206%20and%20Serotonin&searcher=pathways&filter_species=Homo+sapiens
PathBank,Excitatory Neural Signalling Through 5-HTR 7 and Serotonin,https://pathbank.org/search?q=Excitatory%20Neural%20Signalling%20Through%205-HTR%207%20and%20Serotonin&searcher=pathways&filter_species=Homo+sapiens
PathBank,FAS signaling pathway ( CD95 ),https://pathbank.org/search?q=FAS%20signaling%20pathway%20%28%20CD95%20%29&searcher=pathways&filter_species=Homo+sapiens
PathBank,Fabry Disease,https://pathbank.org/search?q=Fabry%20Disease&searcher=pathways&filter_species=Homo+sapiens
PathBank,Familial Hypercholanemia (FHCA),https://pathbank.org/search?q=Familial%20Hypercholanemia%20%28FHCA%29&searcher=pathways&filter_species=Homo+sapiens
PathBank,Familial Lipoprotein Lipase Deficiency,https://pathbank.org/search?q=Familial%20Lipoprotein%20Lipase%20Deficiency&searcher=pathways&filter_species=Homo+sapiens
PathBank,Famotidine Action Pathway,https://pathbank.org/search?q=Famotidine%20Action%20Pathway&searcher=pathways&filter_species=Homo+sapiens
PathBank,Fanconi-Bickel Syndrome,https://pathbank.org/search?q=Fanconi-Bickel%20Syndrome&searcher=pathways&filter_species=Homo+sapiens
PathBank,Fatty Acid Biosynthesis,https://pathbank.org/search?q=Fatty%20Acid%20Biosynthesis&searcher=pathways&filter_species=Homo+sapiens
PathBank,Fatty Acid Elongation in Mitochondria,https://pathbank.org/search?q=Fatty%20Acid%20Elongation%20in%20Mitochondria&searcher=pathways&filter_species=Homo+sapiens
PathBank,Fatty Acid Metabolism,https://pathbank.org/search?q=Fatty%20Acid%20Metabolism&searcher=pathways&filter_species=Homo+sapiens
PathBank,Fc Epsilon Receptor I Signaling in Mast Cells,https://pathbank.org/search?q=Fc%20Epsilon%20Receptor%20I%20Signaling%20in%20Mast%20Cells&searcher=pathways&filter_species=Homo+sapiens
PathBank,Felbamate Metabolism Pathway,https://pathbank.org/search?q=Felbamate%20Metabolism%20Pathway&searcher=pathways&filter_species=Homo+sapiens
PathBank,Felodipine Action Pathway,https://pathbank.org/search?q=Felodipine%20Action%20Pathway&searcher=pathways&filter_species=Homo+sapiens
PathBank,Felodipine Metabolism Pathway,https://pathbank.org/search?q=Felodipine%20Metabolism%20Pathway&searcher=pathways&filter_species=Homo+sapiens
PathBank,Fenethazine H1-Antihistamine Action,https://pathbank.org/search?q=Fenethazine%20H1-Antihistamine%20Action&searcher=pathways&filter_species=Homo+sapiens
PathBank,Fenoprofen Action Pathway,https://pathbank.org/search?q=Fenoprofen%20Action%20Pathway&searcher=pathways&filter_species=Homo+sapiens
PathBank,Fentanyl Action Pathway,https://pathbank.org/search?q=Fentanyl%20Action%20Pathway&searcher=pathways&filter_species=Homo+sapiens
PathBank,Fexofenadine H1-Antihistamine Action,https://pathbank.org/search?q=Fexofenadine%20H1-Antihistamine%20Action&searcher=pathways&filter_species=Homo+sapiens
PathBank,Flecainide Action Pathway,https://pathbank.org/search?q=Flecainide%20Action%20Pathway&searcher=pathways&filter_species=Homo+sapiens
PathBank,Flunarizine H1-Antihistamine Action,https://pathbank.org/search?q=Flunarizine%20H1-Antihistamine%20Action&searcher=pathways&filter_species=Homo+sapiens
PathBank,Fluoxetine Action Pathway,https://pathbank.org/search?q=Fluoxetine%20Action%20Pathway&searcher=pathways&filter_species=Homo+sapiens
PathBank,Fluoxetine Metabolism Pathway,https://pathbank.org/search?q=Fluoxetine%20Metabolism%20Pathway&searcher=pathways&filter_species=Homo+sapiens
PathBank,Flurbiprofen Action Pathway,https://pathbank.org/search?q=Flurbiprofen%20Action%20Pathway&searcher=pathways&filter_species=Homo+sapiens
PathBank,Fluvastatin Action Pathway,https://pathbank.org/search?q=Fluvastatin%20Action%20Pathway&searcher=pathways&filter_species=Homo+sapiens
PathBank,"Folate Malabsorption, Hereditary",https://pathbank.org/search?q=Folate%20Malabsorption%2C%20Hereditary&searcher=pathways&filter_species=Homo+sapiens
PathBank,Folate Metabolism,https://pathbank.org/search?q=Folate%20Metabolism&searcher=pathways&filter_species=Homo+sapiens
PathBank,Fondaparinux Action Pathway,https://pathbank.org/search?q=Fondaparinux%20Action%20Pathway&searcher=pathways&filter_species=Homo+sapiens
PathBank,Forasartan Action Pathway,https://pathbank.org/search?q=Forasartan%20Action%20Pathway&searcher=pathways&filter_species=Homo+sapiens
PathBank,Fosinopril Action Pathway,https://pathbank.org/search?q=Fosinopril%20Action%20Pathway&searcher=pathways&filter_species=Homo+sapiens
PathBank,Fosphenytoin (Antiarrhythmic) Action Pathway,https://pathbank.org/search?q=Fosphenytoin%20%28Antiarrhythmic%29%20Action%20Pathway&searcher=pathways&filter_species=Homo+sapiens
PathBank,Fosphenytoin (Antiarrhythmic) Metabolism Pathway,https://pathbank.org/search?q=Fosphenytoin%20%28Antiarrhythmic%29%20Metabolism%20Pathway&searcher=pathways&filter_species=Homo+sapiens
PathBank,"Fructose Intolerance, Hereditary",https://pathbank.org/search?q=Fructose%20Intolerance%2C%20Hereditary&searcher=pathways&filter_species=Homo+sapiens
PathBank,Fructose and Mannose Degradation,https://pathbank.org/search?q=Fructose%20and%20Mannose%20Degradation&searcher=pathways&filter_species=Homo+sapiens
PathBank,"Fructose-1,6-diphosphatase Deficiency",https://pathbank.org/search?q=Fructose-1%2C6-diphosphatase%20Deficiency&searcher=pathways&filter_species=Homo+sapiens
PathBank,Fructosuria,https://pathbank.org/search?q=Fructosuria&searcher=pathways&filter_species=Homo+sapiens
PathBank,Fumarase Deficiency,https://pathbank.org/search?q=Fumarase%20Deficiency&searcher=pathways&filter_species=Homo+sapiens
PathBank,Furosemide Action Pathway,https://pathbank.org/search?q=Furosemide%20Action%20Pathway&searcher=pathways&filter_species=Homo+sapiens
PathBank,"G(M2)-Gangliosidosis: Variant B, Tay-Sachs Disease",https://pathbank.org/search?q=G%28M2%29-Gangliosidosis%3A%20Variant%20B%2C%20Tay-Sachs%20Disease&searcher=pathways&filter_species=Homo+sapiens
PathBank,G-Protein Signaling Through Tubby Proteins,https://pathbank.org/search?q=G-Protein%20Signaling%20Through%20Tubby%20Proteins&searcher=pathways&filter_species=Homo+sapiens
PathBank,GABA-Transaminase Deficiency,https://pathbank.org/search?q=GABA-Transaminase%20Deficiency&searcher=pathways&filter_species=Homo+sapiens
PathBank,GLUT-1 Deficiency Syndrome,https://pathbank.org/search?q=GLUT-1%20Deficiency%20Syndrome&searcher=pathways&filter_species=Homo+sapiens
PathBank,Galactose Metabolism,https://pathbank.org/search?q=Galactose%20Metabolism&searcher=pathways&filter_species=Homo+sapiens
PathBank,Galactosemia,https://pathbank.org/search?q=Galactosemia&searcher=pathways&filter_species=Homo+sapiens
PathBank,Galactosemia II (GALK),https://pathbank.org/search?q=Galactosemia%20II%20%28GALK%29&searcher=pathways&filter_species=Homo+sapiens
PathBank,Galactosemia III,https://pathbank.org/search?q=Galactosemia%20III&searcher=pathways&filter_species=Homo+sapiens
PathBank,Gastric Acid Production,https://pathbank.org/search?q=Gastric%20Acid%20Production&searcher=pathways&filter_species=Homo+sapiens
PathBank,Gaucher Disease,https://pathbank.org/search?q=Gaucher%20Disease&searcher=pathways&filter_species=Homo+sapiens
PathBank,Gemcitabine Action Pathway,https://pathbank.org/search?q=Gemcitabine%20Action%20Pathway&searcher=pathways&filter_species=Homo+sapiens
PathBank,Gemcitabine Metabolism Pathway,https://pathbank.org/search?q=Gemcitabine%20Metabolism%20Pathway&searcher=pathways&filter_species=Homo+sapiens
PathBank,Glibenclamide Action Pathway,https://pathbank.org/search?q=Glibenclamide%20Action%20Pathway&searcher=pathways&filter_species=Homo+sapiens
PathBank,Gliclazide Action Pathway,https://pathbank.org/search?q=Gliclazide%20Action%20Pathway&searcher=pathways&filter_species=Homo+sapiens
PathBank,Globoid Cell Leukodystrophy,https://pathbank.org/search?q=Globoid%20Cell%20Leukodystrophy&searcher=pathways&filter_species=Homo+sapiens
PathBank,Gluconeogenesis,https://pathbank.org/search?q=Gluconeogenesis&searcher=pathways&filter_species=Homo+sapiens
PathBank,Glucose Transporter Defect (SGLT2),https://pathbank.org/search?q=Glucose%20Transporter%20Defect%20%28SGLT2%29&searcher=pathways&filter_species=Homo+sapiens
PathBank,Glucose-6-phosphate Dehydrogenase Deficiency,https://pathbank.org/search?q=Glucose-6-phosphate%20Dehydrogenase%20Deficiency&searcher=pathways&filter_species=Homo+sapiens
PathBank,Glucose-Alanine Cycle,https://pathbank.org/search?q=Glucose-Alanine%20Cycle&searcher=pathways&filter_species=Homo+sapiens
PathBank,Glutamate Metabolism,https://pathbank.org/search?q=Glutamate%20Metabolism&searcher=pathways&filter_species=Homo+sapiens
PathBank,Glutaminolysis and Cancer,https://pathbank.org/search?q=Glutaminolysis%20and%20Cancer&searcher=pathways&filter_species=Homo+sapiens
PathBank,Glutaric Aciduria Type I,https://pathbank.org/search?q=Glutaric%20Aciduria%20Type%20I&searcher=pathways&filter_species=Homo+sapiens
PathBank,Glutathione Metabolism,https://pathbank.org/search?q=Glutathione%20Metabolism&searcher=pathways&filter_species=Homo+sapiens
PathBank,Glutathione Synthetase Deficiency,https://pathbank.org/search?q=Glutathione%20Synthetase%20Deficiency&searcher=pathways&filter_species=Homo+sapiens
PathBank,Glycerol Kinase Deficiency,https://pathbank.org/search?q=Glycerol%20Kinase%20Deficiency&searcher=pathways&filter_species=Homo+sapiens
PathBank,Glycerol Phosphate Shuttle,https://pathbank.org/search?q=Glycerol%20Phosphate%20Shuttle&searcher=pathways&filter_species=Homo+sapiens
PathBank,Glycerolipid Metabolism,https://pathbank.org/search?q=Glycerolipid%20Metabolism&searcher=pathways&filter_species=Homo+sapiens
PathBank,Glycine N-Methyltransferase Deficiency,https://pathbank.org/search?q=Glycine%20N-Methyltransferase%20Deficiency&searcher=pathways&filter_species=Homo+sapiens
PathBank,Glycine and Serine Metabolism,https://pathbank.org/search?q=Glycine%20and%20Serine%20Metabolism&searcher=pathways&filter_species=Homo+sapiens
PathBank,Glycogen Storage Disease Type 1A (GSD1A) or Von Gierke Disease,https://pathbank.org/search?q=Glycogen%20Storage%20Disease%20Type%201A%20%28GSD1A%29%20or%20Von%20Gierke%20Disease&searcher=pathways&filter_species=Homo+sapiens
PathBank,Glycogen Synthetase Deficiency,https://pathbank.org/search?q=Glycogen%20Synthetase%20Deficiency&searcher=pathways&filter_species=Homo+sapiens
PathBank,"Glycogenosis, Type IA. Von Gierke Disease",https://pathbank.org/search?q=Glycogenosis%2C%20Type%20IA.%20Von%20Gierke%20Disease&searcher=pathways&filter_species=Homo+sapiens
PathBank,"Glycogenosis, Type IB",https://pathbank.org/search?q=Glycogenosis%2C%20Type%20IB&searcher=pathways&filter_species=Homo+sapiens
PathBank,"Glycogenosis, Type IC",https://pathbank.org/search?q=Glycogenosis%2C%20Type%20IC&searcher=pathways&filter_species=Homo+sapiens
PathBank,"Glycogenosis, Type III. Cori Disease, Debrancher Glycogenosis",https://pathbank.org/search?q=Glycogenosis%2C%20Type%20III.%20Cori%20Disease%2C%20Debrancher%20Glycogenosis&searcher=pathways&filter_species=Homo+sapiens
PathBank,"Glycogenosis, Type IV. Amylopectinosis, Anderson Disease",https://pathbank.org/search?q=Glycogenosis%2C%20Type%20IV.%20Amylopectinosis%2C%20Anderson%20Disease&searcher=pathways&filter_species=Homo+sapiens
PathBank,"Glycogenosis, Type VI. Hers Disease",https://pathbank.org/search?q=Glycogenosis%2C%20Type%20VI.%20Hers%20Disease&searcher=pathways&filter_species=Homo+sapiens
PathBank,"Glycogenosis, Type VII. Tarui Disease",https://pathbank.org/search?q=Glycogenosis%2C%20Type%20VII.%20Tarui%20Disease&searcher=pathways&filter_species=Homo+sapiens
PathBank,Glycolysis,https://pathbank.org/search?q=Glycolysis&searcher=pathways&filter_species=Homo+sapiens
PathBank,GnRH Signaling Pathway,https://pathbank.org/search?q=GnRH%20Signaling%20Pathway&searcher=pathways&filter_species=Homo+sapiens
PathBank,Gout or Kelley-Seegmiller Syndrome,https://pathbank.org/search?q=Gout%20or%20Kelley-Seegmiller%20Syndrome&searcher=pathways&filter_species=Homo+sapiens
PathBank,Growth Hormone Signaling Pathway,https://pathbank.org/search?q=Growth%20Hormone%20Signaling%20Pathway&searcher=pathways&filter_species=Homo+sapiens
PathBank,Guanidinoacetate Methyltransferase Deficiency (GAMT Deficiency),https://pathbank.org/search?q=Guanidinoacetate%20Methyltransferase%20Deficiency%20%28GAMT%20Deficiency%29&searcher=pathways&filter_species=Homo+sapiens
PathBank,Hartnup Disorder,https://pathbank.org/search?q=Hartnup%20Disorder&searcher=pathways&filter_species=Homo+sapiens
PathBank,Hawkinsinuria,https://pathbank.org/search?q=Hawkinsinuria&searcher=pathways&filter_species=Homo+sapiens
PathBank,Heparin Action Pathway,https://pathbank.org/search?q=Heparin%20Action%20Pathway&searcher=pathways&filter_species=Homo+sapiens
PathBank,Hereditary Coproporphyria (HCP),https://pathbank.org/search?q=Hereditary%20Coproporphyria%20%28HCP%29&searcher=pathways&filter_species=Homo+sapiens
PathBank,Heroin Metabolism Pathway,https://pathbank.org/search?q=Heroin%20Metabolism%20Pathway&searcher=pathways&filter_species=Homo+sapiens
PathBank,Histamine H1 Receptor Activation,https://pathbank.org/search?q=Histamine%20H1%20Receptor%20Activation&searcher=pathways&filter_species=Homo+sapiens
PathBank,Histapyrrodine H1-Antihistamine Action,https://pathbank.org/search?q=Histapyrrodine%20H1-Antihistamine%20Action&searcher=pathways&filter_species=Homo+sapiens
PathBank,Histidine Metabolism,https://pathbank.org/search?q=Histidine%20Metabolism&searcher=pathways&filter_species=Homo+sapiens
PathBank,Histidinemia,https://pathbank.org/search?q=Histidinemia&searcher=pathways&filter_species=Homo+sapiens
PathBank,Homocarnosinosis,https://pathbank.org/search?q=Homocarnosinosis&searcher=pathways&filter_species=Homo+sapiens
PathBank,Homochlorcyclizine H1-Antihistamine Action,https://pathbank.org/search?q=Homochlorcyclizine%20H1-Antihistamine%20Action&searcher=pathways&filter_species=Homo+sapiens
PathBank,Homocysteine Degradation,https://pathbank.org/search?q=Homocysteine%20Degradation&searcher=pathways&filter_species=Homo+sapiens
PathBank,"Homocystinuria, Cystathionine beta-Synthase Deficiency",https://pathbank.org/search?q=Homocystinuria%2C%20Cystathionine%20beta-Synthase%20Deficiency&searcher=pathways&filter_species=Homo+sapiens
PathBank,"Homocystinuria-Megaloblastic Anemia Due to Defect in Cobalamin Metabolism, cblG Complementation Type",https://pathbank.org/search?q=Homocystinuria-Megaloblastic%20Anemia%20Due%20to%20Defect%20in%20Cobalamin%20Metabolism%2C%20cblG%20Complementation%20Type&searcher=pathways&filter_species=Homo+sapiens
PathBank,Hop Pathway in Cardiac Development,https://pathbank.org/search?q=Hop%20Pathway%20in%20Cardiac%20Development&searcher=pathways&filter_species=Homo+sapiens
PathBank,Hydrochlorothiazide Action Pathway,https://pathbank.org/search?q=Hydrochlorothiazide%20Action%20Pathway&searcher=pathways&filter_species=Homo+sapiens
PathBank,Hydrocodone Action Pathway,https://pathbank.org/search?q=Hydrocodone%20Action%20Pathway&searcher=pathways&filter_species=Homo+sapiens
PathBank,Hydroflumethiazide Action Pathway,https://pathbank.org/search?q=Hydroflumethiazide%20Action%20Pathway&searcher=pathways&filter_species=Homo+sapiens
PathBank,Hydromorphone Action Pathway,https://pathbank.org/search?q=Hydromorphone%20Action%20Pathway&searcher=pathways&filter_species=Homo+sapiens
PathBank,Hydroxyethylpromethazine H1-Antihistamine Action,https://pathbank.org/search?q=Hydroxyethylpromethazine%20H1-Antihistamine%20Action&searcher=pathways&filter_species=Homo+sapiens
PathBank,Hydroxyzine H1-Antihistamine Action,https://pathbank.org/search?q=Hydroxyzine%20H1-Antihistamine%20Action&searcher=pathways&filter_species=Homo+sapiens
PathBank,Hyper-IgD Syndrome,https://pathbank.org/search?q=Hyper-IgD%20Syndrome&searcher=pathways&filter_species=Homo+sapiens
PathBank,Hypercholesterolemia,https://pathbank.org/search?q=Hypercholesterolemia&searcher=pathways&filter_species=Homo+sapiens
PathBank,"Hyperglycinemia, Non-Ketotic",https://pathbank.org/search?q=Hyperglycinemia%2C%20Non-Ketotic&searcher=pathways&filter_species=Homo+sapiens
PathBank,Hyperinsulinism-Hyperammonemia Syndrome,https://pathbank.org/search?q=Hyperinsulinism-Hyperammonemia%20Syndrome&searcher=pathways&filter_species=Homo+sapiens
PathBank,"Hyperlysinemia I, Familial",https://pathbank.org/search?q=Hyperlysinemia%20I%2C%20Familial&searcher=pathways&filter_species=Homo+sapiens
PathBank,Hyperlysinemia II or Saccharopinuria,https://pathbank.org/search?q=Hyperlysinemia%20II%20or%20Saccharopinuria&searcher=pathways&filter_species=Homo+sapiens
PathBank,Hypermethioninemia,https://pathbank.org/search?q=Hypermethioninemia&searcher=pathways&filter_species=Homo+sapiens
PathBank,Hyperornithinemia with Gyrate Atrophy (HOGA),https://pathbank.org/search?q=Hyperornithinemia%20with%20Gyrate%20Atrophy%20%28HOGA%29&searcher=pathways&filter_species=Homo+sapiens
PathBank,Hyperornithinemia-Hyperammonemia-Homocitrullinuria (HHH-syndrome),https://pathbank.org/search?q=Hyperornithinemia-Hyperammonemia-Homocitrullinuria%20%28HHH-syndrome%29&searcher=pathways&filter_species=Homo+sapiens
PathBank,Hyperphenylalaninemia Due to 6-Pyruvoyltetrahydropterin Synthase Deficiency (ptps),https://pathbank.org/search?q=Hyperphenylalaninemia%20Due%20to%206-Pyruvoyltetrahydropterin%20Synthase%20Deficiency%20%28ptps%29&searcher=pathways&filter_species=Homo+sapiens
PathBank,Hyperphenylalaninemia Due to DHPR-Deficiency,https://pathbank.org/search?q=Hyperphenylalaninemia%20Due%20to%20DHPR-Deficiency&searcher=pathways&filter_species=Homo+sapiens
PathBank,Hyperphenylalaninemia Due to Guanosine Triphosphate Cyclohydrolase Deficiency,https://pathbank.org/search?q=Hyperphenylalaninemia%20Due%20to%20Guanosine%20Triphosphate%20Cyclohydrolase%20Deficiency&searcher=pathways&filter_species=Homo+sapiens
PathBank,Hyperprolinemia Type I,https://pathbank.org/search?q=Hyperprolinemia%20Type%20I&searcher=pathways&filter_species=Homo+sapiens
PathBank,Hyperprolinemia Type II,https://pathbank.org/search?q=Hyperprolinemia%20Type%20II&searcher=pathways&filter_species=Homo+sapiens
PathBank,Hypoacetylaspartia,https://pathbank.org/search?q=Hypoacetylaspartia&searcher=pathways&filter_species=Homo+sapiens
PathBank,Hypophosphatasia,https://pathbank.org/search?q=Hypophosphatasia&searcher=pathways&filter_species=Homo+sapiens
PathBank,Ibandronate Action Pathway,https://pathbank.org/search?q=Ibandronate%20Action%20Pathway&searcher=pathways&filter_species=Homo+sapiens
PathBank,Ibuprofen Action Pathway,https://pathbank.org/search?q=Ibuprofen%20Action%20Pathway&searcher=pathways&filter_species=Homo+sapiens
PathBank,Ibuprofen Metabolism Pathway,https://pathbank.org/search?q=Ibuprofen%20Metabolism%20Pathway&searcher=pathways&filter_species=Homo+sapiens
PathBank,Ibutilide Action Pathway,https://pathbank.org/search?q=Ibutilide%20Action%20Pathway&searcher=pathways&filter_species=Homo+sapiens
PathBank,Ifosfamide Action Pathway,https://pathbank.org/search?q=Ifosfamide%20Action%20Pathway&searcher=pathways&filter_species=Homo+sapiens
PathBank,Ifosfamide Metabolism Pathway,https://pathbank.org/search?q=Ifosfamide%20Metabolism%20Pathway&searcher=pathways&filter_species=Homo+sapiens
PathBank,Imatinib Inhibition of BCR-ABL,https://pathbank.org/search?q=Imatinib%20Inhibition%20of%20BCR-ABL&searcher=pathways&filter_species=Homo+sapiens
PathBank,Iminoglycinuria,https://pathbank.org/search?q=Iminoglycinuria&searcher=pathways&filter_species=Homo+sapiens
PathBank,Imipramine Action Pathway,https://pathbank.org/search?q=Imipramine%20Action%20Pathway&searcher=pathways&filter_species=Homo+sapiens
PathBank,Imipramine Metabolism Pathway,https://pathbank.org/search?q=Imipramine%20Metabolism%20Pathway&searcher=pathways&filter_species=Homo+sapiens
PathBank,Indapamide Action Pathway,https://pathbank.org/search?q=Indapamide%20Action%20Pathway&searcher=pathways&filter_species=Homo+sapiens
PathBank,Indomethacin Action Pathway,https://pathbank.org/search?q=Indomethacin%20Action%20Pathway&searcher=pathways&filter_species=Homo+sapiens
PathBank,Inositol Metabolism,https://pathbank.org/search?q=Inositol%20Metabolism&searcher=pathways&filter_species=Homo+sapiens
PathBank,Inositol Phosphate Metabolism,https://pathbank.org/search?q=Inositol%20Phosphate%20Metabolism&searcher=pathways&filter_species=Homo+sapiens
PathBank,Insulin Signalling,https://pathbank.org/search?q=Insulin%20Signalling&searcher=pathways&filter_species=Homo+sapiens
PathBank,Intracellular Signalling Through Adenosine Receptor A2a and Adenosine,https://pathbank.org/search?q=Intracellular%20Signalling%20Through%20Adenosine%20Receptor%20A2a%20and%20Adenosine&searcher=pathways&filter_species=Homo+sapiens
PathBank,Intracellular Signalling Through Adenosine Receptor A2b and Adenosine,https://pathbank.org/search?q=Intracellular%20Signalling%20Through%20Adenosine%20Receptor%20A2b%20and%20Adenosine&searcher=pathways&filter_species=Homo+sapiens
PathBank,Intracellular Signalling Through FSH Receptor and Follicle Stimulating Hormone,https://pathbank.org/search?q=Intracellular%20Signalling%20Through%20FSH%20Receptor%20and%20Follicle%20Stimulating%20Hormone&searcher=pathways&filter_species=Homo+sapiens
PathBank,Intracellular Signalling Through Histamine H2 Receptor and Histamine,https://pathbank.org/search?q=Intracellular%20Signalling%20Through%20Histamine%20H2%20Receptor%20and%20Histamine&searcher=pathways&filter_species=Homo+sapiens
PathBank,Intracellular Signalling Through LHCGR Receptor and Luteinizing Hormone/Choriogonadotropin,https://pathbank.org/search?q=Intracellular%20Signalling%20Through%20LHCGR%20Receptor%20and%20Luteinizing%20Hormone%2FChoriogonadotropin&searcher=pathways&filter_species=Homo+sapiens
PathBank,Intracellular Signalling Through PGD2 receptor and Prostaglandin D2,https://pathbank.org/search?q=Intracellular%20Signalling%20Through%20PGD2%20receptor%20and%20Prostaglandin%20D2&searcher=pathways&filter_species=Homo+sapiens
PathBank,Intracellular Signalling Through Prostacyclin Receptor and Prostacyclin,https://pathbank.org/search?q=Intracellular%20Signalling%20Through%20Prostacyclin%20Receptor%20and%20Prostacyclin&searcher=pathways&filter_species=Homo+sapiens
PathBank,Ion Channel and Phorbal Esters Signaling Pathway,https://pathbank.org/search?q=Ion%20Channel%20and%20Phorbal%20Esters%20Signaling%20Pathway&searcher=pathways&filter_species=Homo+sapiens
PathBank,Ion Channels and Their Functional Role in Vascular Endothelium,https://pathbank.org/search?q=Ion%20Channels%20and%20Their%20Functional%20Role%20in%20Vascular%20Endothelium&searcher=pathways&filter_species=Homo+sapiens
PathBank,Irbesartan Action Pathway,https://pathbank.org/search?q=Irbesartan%20Action%20Pathway&searcher=pathways&filter_species=Homo+sapiens
PathBank,Irinotecan Action Pathway,https://pathbank.org/search?q=Irinotecan%20Action%20Pathway&searcher=pathways&filter_species=Homo+sapiens
PathBank,Irinotecan Metabolism Pathway,https://pathbank.org/search?q=Irinotecan%20Metabolism%20Pathway&searcher=pathways&filter_species=Homo+sapiens
PathBank,Isobutyryl-CoA Dehydrogenase Deficiency,https://pathbank.org/search?q=Isobutyryl-CoA%20Dehydrogenase%20Deficiency&searcher=pathways&filter_species=Homo+sapiens
PathBank,Isoprenaline Action Pathway,https://pathbank.org/search?q=Isoprenaline%20Action%20Pathway&searcher=pathways&filter_species=Homo+sapiens
PathBank,Isothipendyl H1-Antihistamine Action,https://pathbank.org/search?q=Isothipendyl%20H1-Antihistamine%20Action&searcher=pathways&filter_species=Homo+sapiens
PathBank,Isovaleric Acidemia,https://pathbank.org/search?q=Isovaleric%20Acidemia&searcher=pathways&filter_species=Homo+sapiens
PathBank,Isovaleric Aciduria,https://pathbank.org/search?q=Isovaleric%20Aciduria&searcher=pathways&filter_species=Homo+sapiens
PathBank,Isradipine Action Pathway,https://pathbank.org/search?q=Isradipine%20Action%20Pathway&searcher=pathways&filter_species=Homo+sapiens
PathBank,Joubert Syndrome,https://pathbank.org/search?q=Joubert%20Syndrome&searcher=pathways&filter_species=Homo+sapiens
PathBank,Kandutsch-Russell Pathway (Cholesterol Biosynthesis),https://pathbank.org/search?q=Kandutsch-Russell%20Pathway%20%28Cholesterol%20Biosynthesis%29&searcher=pathways&filter_species=Homo+sapiens
PathBank,Ketobemidone Action Pathway,https://pathbank.org/search?q=Ketobemidone%20Action%20Pathway&searcher=pathways&filter_species=Homo+sapiens
PathBank,Ketone Body Metabolism,https://pathbank.org/search?q=Ketone%20Body%20Metabolism&searcher=pathways&filter_species=Homo+sapiens
PathBank,Ketoprofen Action Pathway,https://pathbank.org/search?q=Ketoprofen%20Action%20Pathway&searcher=pathways&filter_species=Homo+sapiens
PathBank,Ketorolac Action Pathway,https://pathbank.org/search?q=Ketorolac%20Action%20Pathway&searcher=pathways&filter_species=Homo+sapiens
PathBank,Ketotifen H1-Antihistamine Action,https://pathbank.org/search?q=Ketotifen%20H1-Antihistamine%20Action&searcher=pathways&filter_species=Homo+sapiens
PathBank,Kidney Function - Ascending Limb of The Loop of Henle,https://pathbank.org/search?q=Kidney%20Function%20-%20Ascending%20Limb%20of%20The%20Loop%20of%20Henle&searcher=pathways&filter_species=Homo+sapiens
PathBank,Kidney Function - Collecting Duct,https://pathbank.org/search?q=Kidney%20Function%20-%20Collecting%20Duct&searcher=pathways&filter_species=Homo+sapiens
PathBank,Kidney Function - Distal Convoluted Tubule,https://pathbank.org/search?q=Kidney%20Function%20-%20Distal%20Convoluted%20Tubule&searcher=pathways&filter_species=Homo+sapiens
PathBank,Kidney Function- Proximal Convoluted Tubule,https://pathbank.org/search?q=Kidney%20Function-%20Proximal%20Convoluted%20Tubule&searcher=pathways&filter_species=Homo+sapiens
PathBank,Krabbe Disease,https://pathbank.org/search?q=Krabbe%20Disease&searcher=pathways&filter_species=Homo+sapiens
PathBank,L-Arginine:Glycine Amidinotransferase Deficiency,https://pathbank.org/search?q=L-Arginine%3AGlycine%20Amidinotransferase%20Deficiency&searcher=pathways&filter_species=Homo+sapiens
PathBank,LPS and Citrate Signaling and Inflammation,https://pathbank.org/search?q=LPS%20and%20Citrate%20Signaling%20and%20Inflammation&searcher=pathways&filter_species=Homo+sapiens
PathBank,Labetalol Action Pathway,https://pathbank.org/search?q=Labetalol%20Action%20Pathway&searcher=pathways&filter_species=Homo+sapiens
PathBank,Lactic Acidemia,https://pathbank.org/search?q=Lactic%20Acidemia&searcher=pathways&filter_species=Homo+sapiens
PathBank,Lactose Degradation,https://pathbank.org/search?q=Lactose%20Degradation&searcher=pathways&filter_species=Homo+sapiens
PathBank,Lactose Intolerance,https://pathbank.org/search?q=Lactose%20Intolerance&searcher=pathways&filter_species=Homo+sapiens
PathBank,Lactose Synthesis,https://pathbank.org/search?q=Lactose%20Synthesis&searcher=pathways&filter_species=Homo+sapiens
PathBank,Lafutidine H2-Antihistamine Action,https://pathbank.org/search?q=Lafutidine%20H2-Antihistamine%20Action&searcher=pathways&filter_species=Homo+sapiens
PathBank,Lamivudine Metabolism Pathway,https://pathbank.org/search?q=Lamivudine%20Metabolism%20Pathway&searcher=pathways&filter_species=Homo+sapiens
PathBank,Lansoprazole Action Pathway,https://pathbank.org/search?q=Lansoprazole%20Action%20Pathway&searcher=pathways&filter_species=Homo+sapiens
PathBank,Lansoprazole Metabolism Pathway,https://pathbank.org/search?q=Lansoprazole%20Metabolism%20Pathway&searcher=pathways&filter_species=Homo+sapiens
PathBank,Latrepirdine H1-Antihistamine Action,https://pathbank.org/search?q=Latrepirdine%20H1-Antihistamine%20Action&searcher=pathways&filter_species=Homo+sapiens
PathBank,Lectin-Induced Complement Pathway,https://pathbank.org/search?q=Lectin-Induced%20Complement%20Pathway&searcher=pathways&filter_species=Homo+sapiens
PathBank,Leigh Syndrome,https://pathbank.org/search?q=Leigh%20Syndrome&searcher=pathways&filter_species=Homo+sapiens
PathBank,Lepirudin Action Pathway,https://pathbank.org/search?q=Lepirudin%20Action%20Pathway&searcher=pathways&filter_species=Homo+sapiens
PathBank,Lesch-Nyhan Syndrome (LNS),https://pathbank.org/search?q=Lesch-Nyhan%20Syndrome%20%28LNS%29&searcher=pathways&filter_species=Homo+sapiens
PathBank,Leucine Stimulation on Insulin Signaling,https://pathbank.org/search?q=Leucine%20Stimulation%20on%20Insulin%20Signaling&searcher=pathways&filter_species=Homo+sapiens
PathBank,Leukotriene C4 Synthesis Deficiency,https://pathbank.org/search?q=Leukotriene%20C4%20Synthesis%20Deficiency&searcher=pathways&filter_species=Homo+sapiens
PathBank,Levallorphan Action Pathway,https://pathbank.org/search?q=Levallorphan%20Action%20Pathway&searcher=pathways&filter_species=Homo+sapiens
PathBank,Levobunolol Action Pathway,https://pathbank.org/search?q=Levobunolol%20Action%20Pathway&searcher=pathways&filter_species=Homo+sapiens
PathBank,Levobupivacaine Action Pathway,https://pathbank.org/search?q=Levobupivacaine%20Action%20Pathway&searcher=pathways&filter_species=Homo+sapiens
PathBank,Levocabastine H1-Antihistamine Action,https://pathbank.org/search?q=Levocabastine%20H1-Antihistamine%20Action&searcher=pathways&filter_species=Homo+sapiens
PathBank,Levocetirizine H1-Antihistamine Action,https://pathbank.org/search?q=Levocetirizine%20H1-Antihistamine%20Action&searcher=pathways&filter_species=Homo+sapiens
PathBank,Levomethadyl Acetate Action Action Pathway,https://pathbank.org/search?q=Levomethadyl%20Acetate%20Action%20Action%20Pathway&searcher=pathways&filter_species=Homo+sapiens
PathBank,Levorphanol Action Pathway,https://pathbank.org/search?q=Levorphanol%20Action%20Pathway&searcher=pathways&filter_species=Homo+sapiens
PathBank,Lidocaine (Antiarrhythmic) Action Pathway,https://pathbank.org/search?q=Lidocaine%20%28Antiarrhythmic%29%20Action%20Pathway&searcher=pathways&filter_species=Homo+sapiens
PathBank,Lidocaine (Local Anaesthetic) Action Pathway,https://pathbank.org/search?q=Lidocaine%20%28Local%20Anaesthetic%29%20Action%20Pathway&searcher=pathways&filter_species=Homo+sapiens
PathBank,Lidocaine (Local Anaesthetic) Metabolism Pathway,https://pathbank.org/search?q=Lidocaine%20%28Local%20Anaesthetic%29%20Metabolism%20Pathway&searcher=pathways&filter_species=Homo+sapiens
PathBank,Lisinopril Action Pathway,https://pathbank.org/search?q=Lisinopril%20Action%20Pathway&searcher=pathways&filter_species=Homo+sapiens
PathBank,Long Chain Acyl-CoA Dehydrogenase Deficiency (LCAD),https://pathbank.org/search?q=Long%20Chain%20Acyl-CoA%20Dehydrogenase%20Deficiency%20%28LCAD%29&searcher=pathways&filter_species=Homo+sapiens
PathBank,Long-Chain-3-Hydroxyacyl-CoA Dehydrogenase Deficiency (LCHAD),https://pathbank.org/search?q=Long-Chain-3-Hydroxyacyl-CoA%20Dehydrogenase%20Deficiency%20%28LCHAD%29&searcher=pathways&filter_species=Homo+sapiens
PathBank,Loratadine H1-Antihistamine Action,https://pathbank.org/search?q=Loratadine%20H1-Antihistamine%20Action&searcher=pathways&filter_species=Homo+sapiens
PathBank,Lornoxicam Action Pathway,https://pathbank.org/search?q=Lornoxicam%20Action%20Pathway&searcher=pathways&filter_species=Homo+sapiens
PathBank,Losartan Action Pathway,https://pathbank.org/search?q=Losartan%20Action%20Pathway&searcher=pathways&filter_species=Homo+sapiens
PathBank,Lovastatin Action Pathway,https://pathbank.org/search?q=Lovastatin%20Action%20Pathway&searcher=pathways&filter_species=Homo+sapiens
PathBank,Lumiracoxib Action Pathway,https://pathbank.org/search?q=Lumiracoxib%20Action%20Pathway&searcher=pathways&filter_species=Homo+sapiens
PathBank,Lysine Degradation,https://pathbank.org/search?q=Lysine%20Degradation&searcher=pathways&filter_species=Homo+sapiens
PathBank,Lysinuric Protein Intolerance,https://pathbank.org/search?q=Lysinuric%20Protein%20Intolerance&searcher=pathways&filter_species=Homo+sapiens
PathBank,Lysinuric Protein Intolerance (LPI),https://pathbank.org/search?q=Lysinuric%20Protein%20Intolerance%20%28LPI%29&searcher=pathways&filter_species=Homo+sapiens
PathBank,Lysophosphatidic Acid LPA1 Signalling,https://pathbank.org/search?q=Lysophosphatidic%20Acid%20LPA1%20Signalling&searcher=pathways&filter_species=Homo+sapiens
PathBank,Lysophosphatidic Acid LPA2 Signalling,https://pathbank.org/search?q=Lysophosphatidic%20Acid%20LPA2%20Signalling&searcher=pathways&filter_species=Homo+sapiens
PathBank,Lysophosphatidic Acid LPA3 Signalling,https://pathbank.org/search?q=Lysophosphatidic%20Acid%20LPA3%20Signalling&searcher=pathways&filter_species=Homo+sapiens
PathBank,Lysophosphatidic Acid LPA4 Signalling,https://pathbank.org/search?q=Lysophosphatidic%20Acid%20LPA4%20Signalling&searcher=pathways&filter_species=Homo+sapiens
PathBank,Lysophosphatidic Acid LPA5 Signalling,https://pathbank.org/search?q=Lysophosphatidic%20Acid%20LPA5%20Signalling&searcher=pathways&filter_species=Homo+sapiens
PathBank,Lysophosphatidic Acid LPA6 Signalling,https://pathbank.org/search?q=Lysophosphatidic%20Acid%20LPA6%20Signalling&searcher=pathways&filter_species=Homo+sapiens
PathBank,Lysosomal Acid Lipase Deficiency (Wolman Disease),https://pathbank.org/search?q=Lysosomal%20Acid%20Lipase%20Deficiency%20%28Wolman%20Disease%29&searcher=pathways&filter_species=Homo+sapiens
PathBank,MNGIE (Mitochondrial Neurogastrointestinal Encephalopathy),https://pathbank.org/search?q=MNGIE%20%28Mitochondrial%20Neurogastrointestinal%20Encephalopathy%29&searcher=pathways&filter_species=Homo+sapiens
PathBank,Magnesium Salicylate Action Pathway,https://pathbank.org/search?q=Magnesium%20Salicylate%20Action%20Pathway&searcher=pathways&filter_species=Homo+sapiens
PathBank,Malate-Aspartate Shuttle,https://pathbank.org/search?q=Malate-Aspartate%20Shuttle&searcher=pathways&filter_species=Homo+sapiens
PathBank,Malonic Aciduria,https://pathbank.org/search?q=Malonic%20Aciduria&searcher=pathways&filter_species=Homo+sapiens
PathBank,Malonyl-CoA Decarboxylase Deficiency,https://pathbank.org/search?q=Malonyl-CoA%20Decarboxylase%20Deficiency&searcher=pathways&filter_species=Homo+sapiens
PathBank,Maple Syrup Urine Disease,https://pathbank.org/search?q=Maple%20Syrup%20Urine%20Disease&searcher=pathways&filter_species=Homo+sapiens
PathBank,Mebhydrolin H1-Antihistamine Action,https://pathbank.org/search?q=Mebhydrolin%20H1-Antihistamine%20Action&searcher=pathways&filter_species=Homo+sapiens
PathBank,Meclizine H1-Antihistamine Action,https://pathbank.org/search?q=Meclizine%20H1-Antihistamine%20Action&searcher=pathways&filter_species=Homo+sapiens
PathBank,Medium Chain Acyl-CoA Dehydrogenase Deficiency (MCAD),https://pathbank.org/search?q=Medium%20Chain%20Acyl-CoA%20Dehydrogenase%20Deficiency%20%28MCAD%29&searcher=pathways&filter_species=Homo+sapiens
PathBank,Mefenamic Acid Action Pathway,https://pathbank.org/search?q=Mefenamic%20Acid%20Action%20Pathway&searcher=pathways&filter_species=Homo+sapiens
PathBank,Meloxicam Action Pathway,https://pathbank.org/search?q=Meloxicam%20Action%20Pathway&searcher=pathways&filter_species=Homo+sapiens
PathBank,Mepivacaine Action Pathway,https://pathbank.org/search?q=Mepivacaine%20Action%20Pathway&searcher=pathways&filter_species=Homo+sapiens
PathBank,Mepyramine H1-Antihistamine Action,https://pathbank.org/search?q=Mepyramine%20H1-Antihistamine%20Action&searcher=pathways&filter_species=Homo+sapiens
PathBank,Mequitazine H1-Antihistamine Action,https://pathbank.org/search?q=Mequitazine%20H1-Antihistamine%20Action&searcher=pathways&filter_species=Homo+sapiens
PathBank,Mercaptopurine Action Pathway,https://pathbank.org/search?q=Mercaptopurine%20Action%20Pathway&searcher=pathways&filter_species=Homo+sapiens
PathBank,Mercaptopurine Metabolism Pathway,https://pathbank.org/search?q=Mercaptopurine%20Metabolism%20Pathway&searcher=pathways&filter_species=Homo+sapiens
PathBank,Metachromatic Leukodystrophy (MLD),https://pathbank.org/search?q=Metachromatic%20Leukodystrophy%20%28MLD%29&searcher=pathways&filter_species=Homo+sapiens
PathBank,Methadone Action Pathway,https://pathbank.org/search?q=Methadone%20Action%20Pathway&searcher=pathways&filter_species=Homo+sapiens
PathBank,Methadone Metabolism Pathway,https://pathbank.org/search?q=Methadone%20Metabolism%20Pathway&searcher=pathways&filter_species=Homo+sapiens
PathBank,Methadyl Acetate Action Pathway,https://pathbank.org/search?q=Methadyl%20Acetate%20Action%20Pathway&searcher=pathways&filter_species=Homo+sapiens
PathBank,Methapyrilene H1-Antihistamine Action,https://pathbank.org/search?q=Methapyrilene%20H1-Antihistamine%20Action&searcher=pathways&filter_species=Homo+sapiens
PathBank,Methdilazine H1-Antihistamine Action,https://pathbank.org/search?q=Methdilazine%20H1-Antihistamine%20Action&searcher=pathways&filter_species=Homo+sapiens
PathBank,Methionine Adenosyltransferase Deficiency,https://pathbank.org/search?q=Methionine%20Adenosyltransferase%20Deficiency&searcher=pathways&filter_species=Homo+sapiens
PathBank,Methionine Metabolism,https://pathbank.org/search?q=Methionine%20Metabolism&searcher=pathways&filter_species=Homo+sapiens
PathBank,Methotrexate Action Pathway,https://pathbank.org/search?q=Methotrexate%20Action%20Pathway&searcher=pathways&filter_species=Homo+sapiens
PathBank,Methyclothiazide Action Pathway,https://pathbank.org/search?q=Methyclothiazide%20Action%20Pathway&searcher=pathways&filter_species=Homo+sapiens
PathBank,Methylenetetrahydrofolate Reductase Deficiency (MTHFRD),https://pathbank.org/search?q=Methylenetetrahydrofolate%20Reductase%20Deficiency%20%28MTHFRD%29&searcher=pathways&filter_species=Homo+sapiens
PathBank,Methylmalonate Semialdehyde Dehydrogenase Deficiency,https://pathbank.org/search?q=Methylmalonate%20Semialdehyde%20Dehydrogenase%20Deficiency&searcher=pathways&filter_species=Homo+sapiens
PathBank,Methylmalonic Aciduria,https://pathbank.org/search?q=Methylmalonic%20Aciduria&searcher=pathways&filter_species=Homo+sapiens
PathBank,Methylmalonic Aciduria Due to Cobalamin-Related Disorders,https://pathbank.org/search?q=Methylmalonic%20Aciduria%20Due%20to%20Cobalamin-Related%20Disorders&searcher=pathways&filter_species=Homo+sapiens
PathBank,Metiamide Action Pathway,https://pathbank.org/search?q=Metiamide%20Action%20Pathway&searcher=pathways&filter_species=Homo+sapiens
PathBank,Metipranolol Action Pathway,https://pathbank.org/search?q=Metipranolol%20Action%20Pathway&searcher=pathways&filter_species=Homo+sapiens
PathBank,Metolazone Action Pathway,https://pathbank.org/search?q=Metolazone%20Action%20Pathway&searcher=pathways&filter_species=Homo+sapiens
PathBank,Metoprolol Action Pathway,https://pathbank.org/search?q=Metoprolol%20Action%20Pathway&searcher=pathways&filter_species=Homo+sapiens
PathBank,Mevalonate Pathway,https://pathbank.org/search?q=Mevalonate%20Pathway&searcher=pathways&filter_species=Homo+sapiens
PathBank,Mevalonic Aciduria,https://pathbank.org/search?q=Mevalonic%20Aciduria&searcher=pathways&filter_species=Homo+sapiens
PathBank,Mexiletine Action Pathway,https://pathbank.org/search?q=Mexiletine%20Action%20Pathway&searcher=pathways&filter_species=Homo+sapiens
PathBank,Mirtazapine H1-Antihistamine Action,https://pathbank.org/search?q=Mirtazapine%20H1-Antihistamine%20Action&searcher=pathways&filter_species=Homo+sapiens
PathBank,Mitochondrial Beta-Oxidation of Long Chain Saturated Fatty Acids,https://pathbank.org/search?q=Mitochondrial%20Beta-Oxidation%20of%20Long%20Chain%20Saturated%20Fatty%20Acids&searcher=pathways&filter_species=Homo+sapiens
PathBank,Mitochondrial Beta-Oxidation of Medium Chain Saturated Fatty Acids,https://pathbank.org/search?q=Mitochondrial%20Beta-Oxidation%20of%20Medium%20Chain%20Saturated%20Fatty%20Acids&searcher=pathways&filter_species=Homo+sapiens
PathBank,Mitochondrial Beta-Oxidation of Short Chain Saturated Fatty Acids,https://pathbank.org/search?q=Mitochondrial%20Beta-Oxidation%20of%20Short%20Chain%20Saturated%20Fatty%20Acids&searcher=pathways&filter_species=Homo+sapiens
PathBank,Mitochondrial Complex II Deficiency,https://pathbank.org/search?q=Mitochondrial%20Complex%20II%20Deficiency&searcher=pathways&filter_species=Homo+sapiens
PathBank,Mitochondrial DNA Depletion Syndrome-3,https://pathbank.org/search?q=Mitochondrial%20DNA%20Depletion%20Syndrome-3&searcher=pathways&filter_species=Homo+sapiens
PathBank,Mitochondrial Electron Transport Chain,https://pathbank.org/search?q=Mitochondrial%20Electron%20Transport%20Chain&searcher=pathways&filter_species=Homo+sapiens
PathBank,Mizolastine H1-Antihistamine Action,https://pathbank.org/search?q=Mizolastine%20H1-Antihistamine%20Action&searcher=pathways&filter_species=Homo+sapiens
PathBank,Moexipril Action Pathway,https://pathbank.org/search?q=Moexipril%20Action%20Pathway&searcher=pathways&filter_species=Homo+sapiens
PathBank,Molybdenum Cofactor Deficiency,https://pathbank.org/search?q=Molybdenum%20Cofactor%20Deficiency&searcher=pathways&filter_species=Homo+sapiens
PathBank,Monoamine Oxidase-A Deficiency (MAO-A),https://pathbank.org/search?q=Monoamine%20Oxidase-A%20Deficiency%20%28MAO-A%29&searcher=pathways&filter_species=Homo+sapiens
PathBank,Morphine Action Pathway,https://pathbank.org/search?q=Morphine%20Action%20Pathway&searcher=pathways&filter_species=Homo+sapiens
PathBank,Morphine Metabolism Pathway,https://pathbank.org/search?q=Morphine%20Metabolism%20Pathway&searcher=pathways&filter_species=Homo+sapiens
PathBank,Mucopolysaccharidosis VII. Sly Syndrome,https://pathbank.org/search?q=Mucopolysaccharidosis%20VII.%20Sly%20Syndrome&searcher=pathways&filter_species=Homo+sapiens
PathBank,"Multiple Carboxylase Deficiency, Neonatal or Early Onset Form",https://pathbank.org/search?q=Multiple%20Carboxylase%20Deficiency%2C%20Neonatal%20or%20Early%20Onset%20Form&searcher=pathways&filter_species=Homo+sapiens
PathBank,Mycophenolic Acid Metabolism Pathway,https://pathbank.org/search?q=Mycophenolic%20Acid%20Metabolism%20Pathway&searcher=pathways&filter_species=Homo+sapiens
PathBank,Myoadenylate Deaminase Deficiency,https://pathbank.org/search?q=Myoadenylate%20Deaminase%20Deficiency&searcher=pathways&filter_species=Homo+sapiens
PathBank,NAD+ Signalling Pathway (Cancer),https://pathbank.org/search?q=NAD%2B%20Signalling%20Pathway%20%28Cancer%29&searcher=pathways&filter_species=Homo+sapiens
PathBank,NAD+ Signalling and Aging,https://pathbank.org/search?q=NAD%2B%20Signalling%20and%20Aging&searcher=pathways&filter_species=Homo+sapiens
PathBank,NF-kB Signaling Pathway,https://pathbank.org/search?q=NF-kB%20Signaling%20Pathway&searcher=pathways&filter_species=Homo+sapiens
PathBank,Nabumetone Action Pathway,https://pathbank.org/search?q=Nabumetone%20Action%20Pathway&searcher=pathways&filter_species=Homo+sapiens
PathBank,Nadolol Action Pathway,https://pathbank.org/search?q=Nadolol%20Action%20Pathway&searcher=pathways&filter_species=Homo+sapiens
PathBank,Nalbuphine Action Pathway,https://pathbank.org/search?q=Nalbuphine%20Action%20Pathway&searcher=pathways&filter_species=Homo+sapiens
PathBank,Naloxone Action Pathway,https://pathbank.org/search?q=Naloxone%20Action%20Pathway&searcher=pathways&filter_species=Homo+sapiens
PathBank,Naltrexone Action Pathway,https://pathbank.org/search?q=Naltrexone%20Action%20Pathway&searcher=pathways&filter_species=Homo+sapiens
PathBank,Naproxen Action Pathway,https://pathbank.org/search?q=Naproxen%20Action%20Pathway&searcher=pathways&filter_species=Homo+sapiens
PathBank,Nateglinide Action Pathway,https://pathbank.org/search?q=Nateglinide%20Action%20Pathway&searcher=pathways&filter_species=Homo+sapiens
PathBank,Nebivolol Action Pathway,https://pathbank.org/search?q=Nebivolol%20Action%20Pathway&searcher=pathways&filter_species=Homo+sapiens
PathBank,Nepafenac Action Pathway,https://pathbank.org/search?q=Nepafenac%20Action%20Pathway&searcher=pathways&filter_species=Homo+sapiens
PathBank,Neuron Function,https://pathbank.org/search?q=Neuron%20Function&searcher=pathways&filter_species=Homo+sapiens
PathBank,Nevirapine Metabolism Pathway,https://pathbank.org/search?q=Nevirapine%20Metabolism%20Pathway&searcher=pathways&filter_species=Homo+sapiens
PathBank,Nicotinate and Nicotinamide Metabolism,https://pathbank.org/search?q=Nicotinate%20and%20Nicotinamide%20Metabolism&searcher=pathways&filter_species=Homo+sapiens
PathBank,Nicotine Action Pathway,https://pathbank.org/search?q=Nicotine%20Action%20Pathway&searcher=pathways&filter_species=Homo+sapiens
PathBank,Nicotine Metabolism Pathway,https://pathbank.org/search?q=Nicotine%20Metabolism%20Pathway&searcher=pathways&filter_species=Homo+sapiens
PathBank,Nifedipine Action Pathway,https://pathbank.org/search?q=Nifedipine%20Action%20Pathway&searcher=pathways&filter_species=Homo+sapiens
PathBank,Nilotinib Inhibition of BCR-ABL,https://pathbank.org/search?q=Nilotinib%20Inhibition%20of%20BCR-ABL&searcher=pathways&filter_species=Homo+sapiens
PathBank,Nimodipine Action Pathway,https://pathbank.org/search?q=Nimodipine%20Action%20Pathway&searcher=pathways&filter_species=Homo+sapiens
PathBank,Nisoldipine Action Pathway,https://pathbank.org/search?q=Nisoldipine%20Action%20Pathway&searcher=pathways&filter_species=Homo+sapiens
PathBank,Nitrendipine Action Pathway,https://pathbank.org/search?q=Nitrendipine%20Action%20Pathway&searcher=pathways&filter_species=Homo+sapiens
PathBank,Nitric Oxide Signaling Pathway,https://pathbank.org/search?q=Nitric%20Oxide%20Signaling%20Pathway&searcher=pathways&filter_species=Homo+sapiens
PathBank,Nizatidine Action Pathway,https://pathbank.org/search?q=Nizatidine%20Action%20Pathway&searcher=pathways&filter_species=Homo+sapiens
PathBank,Non-Ketotic Hyperglycinemia,https://pathbank.org/search?q=Non-Ketotic%20Hyperglycinemia&searcher=pathways&filter_species=Homo+sapiens
PathBank,Nucleotide Excision Repair,https://pathbank.org/search?q=Nucleotide%20Excision%20Repair&searcher=pathways&filter_species=Homo+sapiens
PathBank,Nucleotide Sugars Metabolism,https://pathbank.org/search?q=Nucleotide%20Sugars%20Metabolism&searcher=pathways&filter_species=Homo+sapiens
PathBank,Olmesartan Action Pathway,https://pathbank.org/search?q=Olmesartan%20Action%20Pathway&searcher=pathways&filter_species=Homo+sapiens
PathBank,Olopatadine H1-Antihistamine Action,https://pathbank.org/search?q=Olopatadine%20H1-Antihistamine%20Action&searcher=pathways&filter_species=Homo+sapiens
PathBank,Omeprazole Action Pathway,https://pathbank.org/search?q=Omeprazole%20Action%20Pathway&searcher=pathways&filter_species=Homo+sapiens
PathBank,Omeprazole Metabolism Pathway,https://pathbank.org/search?q=Omeprazole%20Metabolism%20Pathway&searcher=pathways&filter_species=Homo+sapiens
PathBank,Ornithine Aminotransferase Deficiency (OAT Deficiency),https://pathbank.org/search?q=Ornithine%20Aminotransferase%20Deficiency%20%28OAT%20Deficiency%29&searcher=pathways&filter_species=Homo+sapiens
PathBank,Ornithine Transcarbamylase Deficiency (OTC Deficiency),https://pathbank.org/search?q=Ornithine%20Transcarbamylase%20Deficiency%20%28OTC%20Deficiency%29&searcher=pathways&filter_species=Homo+sapiens
PathBank,Orphenadrine H1-Antihistamine Action,https://pathbank.org/search?q=Orphenadrine%20H1-Antihistamine%20Action&searcher=pathways&filter_species=Homo+sapiens
PathBank,Oxaprozin Action Pathway,https://pathbank.org/search?q=Oxaprozin%20Action%20Pathway&searcher=pathways&filter_species=Homo+sapiens
PathBank,Oxatomide H1-Antihistamine Action,https://pathbank.org/search?q=Oxatomide%20H1-Antihistamine%20Action&searcher=pathways&filter_species=Homo+sapiens
PathBank,Oxidation of Branched-Chain Fatty Acids,https://pathbank.org/search?q=Oxidation%20of%20Branched-Chain%20Fatty%20Acids&searcher=pathways&filter_species=Homo+sapiens
PathBank,Oxomemazine H1-Antihistamine Action,https://pathbank.org/search?q=Oxomemazine%20H1-Antihistamine%20Action&searcher=pathways&filter_species=Homo+sapiens
PathBank,Oxprenolol Action Pathway,https://pathbank.org/search?q=Oxprenolol%20Action%20Pathway&searcher=pathways&filter_species=Homo+sapiens
PathBank,Oxybuprocaine Action Pathway,https://pathbank.org/search?q=Oxybuprocaine%20Action%20Pathway&searcher=pathways&filter_species=Homo+sapiens
PathBank,Oxycodone Action Pathway,https://pathbank.org/search?q=Oxycodone%20Action%20Pathway&searcher=pathways&filter_species=Homo+sapiens
PathBank,Oxymorphone Action Pathway,https://pathbank.org/search?q=Oxymorphone%20Action%20Pathway&searcher=pathways&filter_species=Homo+sapiens
PathBank,Paclitaxel Action Pathway,https://pathbank.org/search?q=Paclitaxel%20Action%20Pathway&searcher=pathways&filter_species=Homo+sapiens
PathBank,Pamidronate Action Pathway,https://pathbank.org/search?q=Pamidronate%20Action%20Pathway&searcher=pathways&filter_species=Homo+sapiens
PathBank,Pancreas Function - Alpha Cell,https://pathbank.org/search?q=Pancreas%20Function%20-%20Alpha%20Cell&searcher=pathways&filter_species=Homo+sapiens
PathBank,Pancreas Function - Beta Cell,https://pathbank.org/search?q=Pancreas%20Function%20-%20Beta%20Cell&searcher=pathways&filter_species=Homo+sapiens
PathBank,Pancreas Function - Delta Cell,https://pathbank.org/search?q=Pancreas%20Function%20-%20Delta%20Cell&searcher=pathways&filter_species=Homo+sapiens
PathBank,Pantoprazole Action Pathway,https://pathbank.org/search?q=Pantoprazole%20Action%20Pathway&searcher=pathways&filter_species=Homo+sapiens
PathBank,Pantoprazole Metabolism Pathway,https://pathbank.org/search?q=Pantoprazole%20Metabolism%20Pathway&searcher=pathways&filter_species=Homo+sapiens
PathBank,Pantothenate and CoA Biosynthesis,https://pathbank.org/search?q=Pantothenate%20and%20CoA%20Biosynthesis&searcher=pathways&filter_species=Homo+sapiens
PathBank,Penbutolol Action Pathway,https://pathbank.org/search?q=Penbutolol%20Action%20Pathway&searcher=pathways&filter_species=Homo+sapiens
PathBank,Pentazocine Action Pathway,https://pathbank.org/search?q=Pentazocine%20Action%20Pathway&searcher=pathways&filter_species=Homo+sapiens
PathBank,Pentose Phosphate Pathway,https://pathbank.org/search?q=Pentose%20Phosphate%20Pathway&searcher=pathways&filter_species=Homo+sapiens
PathBank,Perindopril Action Pathway,https://pathbank.org/search?q=Perindopril%20Action%20Pathway&searcher=pathways&filter_species=Homo+sapiens
PathBank,Phenbenzamine H1-Antihistamine Action,https://pathbank.org/search?q=Phenbenzamine%20H1-Antihistamine%20Action&searcher=pathways&filter_species=Homo+sapiens
PathBank,Phenindamine H1-Antihistamine Action,https://pathbank.org/search?q=Phenindamine%20H1-Antihistamine%20Action&searcher=pathways&filter_species=Homo+sapiens
PathBank,Phenindione Action Pathway,https://pathbank.org/search?q=Phenindione%20Action%20Pathway&searcher=pathways&filter_species=Homo+sapiens
PathBank,Pheniramine H1-Antihistamine Action,https://pathbank.org/search?q=Pheniramine%20H1-Antihistamine%20Action&searcher=pathways&filter_species=Homo+sapiens
PathBank,Phenprocoumon Action Pathway,https://pathbank.org/search?q=Phenprocoumon%20Action%20Pathway&searcher=pathways&filter_species=Homo+sapiens
PathBank,Phenylacetate Metabolism,https://pathbank.org/search?q=Phenylacetate%20Metabolism&searcher=pathways&filter_species=Homo+sapiens
PathBank,Phenylalanine and Tyrosine Metabolism,https://pathbank.org/search?q=Phenylalanine%20and%20Tyrosine%20Metabolism&searcher=pathways&filter_species=Homo+sapiens
PathBank,Phenylbutazone Action Pathway,https://pathbank.org/search?q=Phenylbutazone%20Action%20Pathway&searcher=pathways&filter_species=Homo+sapiens
PathBank,Phenylketonuria,https://pathbank.org/search?q=Phenylketonuria&searcher=pathways&filter_species=Homo+sapiens
PathBank,Phenyltoloxamine H1-Antihistamine Action,https://pathbank.org/search?q=Phenyltoloxamine%20H1-Antihistamine%20Action&searcher=pathways&filter_species=Homo+sapiens
PathBank,Phenytoin (Antiarrhythmic) Action Pathway,https://pathbank.org/search?q=Phenytoin%20%28Antiarrhythmic%29%20Action%20Pathway&searcher=pathways&filter_species=Homo+sapiens
PathBank,Phosphatidylcholine Biosynthesis,https://pathbank.org/search?q=Phosphatidylcholine%20Biosynthesis&searcher=pathways&filter_species=Homo+sapiens
PathBank,Phosphatidylcholine Biosynthesis PC(11D3/11D3),https://pathbank.org/search?q=Phosphatidylcholine%20Biosynthesis%20PC%2811D3%2F11D3%29&searcher=pathways&filter_species=Homo+sapiens
PathBank,Phosphatidylcholine Biosynthesis PC(11D3/11D5),https://pathbank.org/search?q=Phosphatidylcholine%20Biosynthesis%20PC%2811D3%2F11D5%29&searcher=pathways&filter_species=Homo+sapiens
PathBank,Phosphatidylcholine Biosynthesis PC(11D3/11M3),https://pathbank.org/search?q=Phosphatidylcholine%20Biosynthesis%20PC%2811D3%2F11M3%29&searcher=pathways&filter_species=Homo+sapiens
PathBank,Phosphatidylcholine Biosynthesis PC(11D3/11M5),https://pathbank.org/search?q=Phosphatidylcholine%20Biosynthesis%20PC%2811D3%2F11M5%29&searcher=pathways&filter_species=Homo+sapiens
PathBank,Phosphatidylcholine Biosynthesis PC(11D3/13D5),https://pathbank.org/search?q=Phosphatidylcholine%20Biosynthesis%20PC%2811D3%2F13D5%29&searcher=pathways&filter_species=Homo+sapiens
PathBank,Phosphatidylcholine Biosynthesis PC(11D3/13M5),https://pathbank.org/search?q=Phosphatidylcholine%20Biosynthesis%20PC%2811D3%2F13M5%29&searcher=pathways&filter_species=Homo+sapiens
PathBank,Phosphatidylcholine Biosynthesis PC(11D3/9D3),https://pathbank.org/search?q=Phosphatidylcholine%20Biosynthesis%20PC%2811D3%2F9D3%29&searcher=pathways&filter_species=Homo+sapiens
PathBank,Phosphatidylcholine Biosynthesis PC(11D3/9D5),https://pathbank.org/search?q=Phosphatidylcholine%20Biosynthesis%20PC%2811D3%2F9D5%29&searcher=pathways&filter_species=Homo+sapiens
PathBank,Phosphatidylcholine Biosynthesis PC(11D3/9M5),https://pathbank.org/search?q=Phosphatidylcholine%20Biosynthesis%20PC%2811D3%2F9M5%29&searcher=pathways&filter_species=Homo+sapiens
PathBank,Phosphatidylcholine Biosynthesis PC(11D5/11D3),https://pathbank.org/search?q=Phosphatidylcholine%20Biosynthesis%20PC%2811D5%2F11D3%29&searcher=pathways&filter_species=Homo+sapiens
PathBank,Phosphatidylcholine Biosynthesis PC(11D5/11D5),https://pathbank.org/search?q=Phosphatidylcholine%20Biosynthesis%20PC%2811D5%2F11D5%29&searcher=pathways&filter_species=Homo+sapiens
PathBank,Phosphatidylcholine Biosynthesis PC(11D5/11M3),https://pathbank.org/search?q=Phosphatidylcholine%20Biosynthesis%20PC%2811D5%2F11M3%29&searcher=pathways&filter_species=Homo+sapiens
PathBank,Phosphatidylcholine Biosynthesis PC(11D5/11M5),https://pathbank.org/search?q=Phosphatidylcholine%20Biosynthesis%20PC%2811D5%2F11M5%29&searcher=pathways&filter_species=Homo+sapiens
PathBank,Phosphatidylcholine Biosynthesis PC(11D5/13D5),https://pathbank.org/search?q=Phosphatidylcholine%20Biosynthesis%20PC%2811D5%2F13D5%29&searcher=pathways&filter_species=Homo+sapiens
PathBank,Phosphatidylcholine Biosynthesis PC(11D5/13M5),https://pathbank.org/search?q=Phosphatidylcholine%20Biosynthesis%20PC%2811D5%2F13M5%29&searcher=pathways&filter_species=Homo+sapiens
PathBank,Phosphatidylcholine Biosynthesis PC(11D5/9D3),https://pathbank.org/search?q=Phosphatidylcholine%20Biosynthesis%20PC%2811D5%2F9D3%29&searcher=pathways&filter_species=Homo+sapiens
PathBank,Phosphatidylcholine Biosynthesis PC(11D5/9D5),https://pathbank.org/search?q=Phosphatidylcholine%20Biosynthesis%20PC%2811D5%2F9D5%29&searcher=pathways&filter_species=Homo+sapiens
PathBank,Phosphatidylcholine Biosynthesis PC(11D5/9M5),https://pathbank.org/search?q=Phosphatidylcholine%20Biosynthesis%20PC%2811D5%2F9M5%29&searcher=pathways&filter_species=Homo+sapiens
PathBank,Phosphatidylcholine Biosynthesis PC(11M3/11D3),https://pathbank.org/search?q=Phosphatidylcholine%20Biosynthesis%20PC%2811M3%2F11D3%29&searcher=pathways&filter_species=Homo+sapiens
PathBank,Phosphatidylcholine Biosynthesis PC(11M3/11D5),https://pathbank.org/search?q=Phosphatidylcholine%20Biosynthesis%20PC%2811M3%2F11D5%29&searcher=pathways&filter_species=Homo+sapiens
PathBank,Phosphatidylcholine Biosynthesis PC(11M3/11M3),https://pathbank.org/search?q=Phosphatidylcholine%20Biosynthesis%20PC%2811M3%2F11M3%29&searcher=pathways&filter_species=Homo+sapiens
PathBank,Phosphatidylcholine Biosynthesis PC(11M3/11M5),https://pathbank.org/search?q=Phosphatidylcholine%20Biosynthesis%20PC%2811M3%2F11M5%29&searcher=pathways&filter_species=Homo+sapiens
PathBank,Phosphatidylcholine Biosynthesis PC(11M3/13D5),https://pathbank.org/search?q=Phosphatidylcholine%20Biosynthesis%20PC%2811M3%2F13D5%29&searcher=pathways&filter_species=Homo+sapiens
PathBank,Phosphatidylcholine Biosynthesis PC(11M3/13M5),https://pathbank.org/search?q=Phosphatidylcholine%20Biosynthesis%20PC%2811M3%2F13M5%29&searcher=pathways&filter_species=Homo+sapiens
PathBank,Phosphatidylcholine Biosynthesis PC(11M3/9D3),https://pathbank.org/search?q=Phosphatidylcholine%20Biosynthesis%20PC%2811M3%2F9D3%29&searcher=pathways&filter_species=Homo+sapiens
PathBank,Phosphatidylcholine Biosynthesis PC(11M3/9D5),https://pathbank.org/search?q=Phosphatidylcholine%20Biosynthesis%20PC%2811M3%2F9D5%29&searcher=pathways&filter_species=Homo+sapiens
PathBank,Phosphatidylcholine Biosynthesis PC(11M3/9M5),https://pathbank.org/search?q=Phosphatidylcholine%20Biosynthesis%20PC%2811M3%2F9M5%29&searcher=pathways&filter_species=Homo+sapiens
PathBank,Phosphatidylcholine Biosynthesis PC(11M5/11D3),https://pathbank.org/search?q=Phosphatidylcholine%20Biosynthesis%20PC%2811M5%2F11D3%29&searcher=pathways&filter_species=Homo+sapiens
PathBank,Phosphatidylcholine Biosynthesis PC(11M5/11D5),https://pathbank.org/search?q=Phosphatidylcholine%20Biosynthesis%20PC%2811M5%2F11D5%29&searcher=pathways&filter_species=Homo+sapiens
PathBank,Phosphatidylcholine Biosynthesis PC(11M5/11M3),https://pathbank.org/search?q=Phosphatidylcholine%20Biosynthesis%20PC%2811M5%2F11M3%29&searcher=pathways&filter_species=Homo+sapiens
PathBank,Phosphatidylcholine Biosynthesis PC(11M5/11M5),https://pathbank.org/search?q=Phosphatidylcholine%20Biosynthesis%20PC%2811M5%2F11M5%29&searcher=pathways&filter_species=Homo+sapiens
PathBank,Phosphatidylcholine Biosynthesis PC(11M5/13D5),https://pathbank.org/search?q=Phosphatidylcholine%20Biosynthesis%20PC%2811M5%2F13D5%29&searcher=pathways&filter_species=Homo+sapiens
PathBank,Phosphatidylcholine Biosynthesis PC(11M5/13M5),https://pathbank.org/search?q=Phosphatidylcholine%20Biosynthesis%20PC%2811M5%2F13M5%29&searcher=pathways&filter_species=Homo+sapiens
PathBank,Phosphatidylcholine Biosynthesis PC(11M5/9D3),https://pathbank.org/search?q=Phosphatidylcholine%20Biosynthesis%20PC%2811M5%2F9D3%29&searcher=pathways&filter_species=Homo+sapiens
PathBank,Phosphatidylcholine Biosynthesis PC(11M5/9D5),https://pathbank.org/search?q=Phosphatidylcholine%20Biosynthesis%20PC%2811M5%2F9D5%29&searcher=pathways&filter_species=Homo+sapiens
PathBank,Phosphatidylcholine Biosynthesis PC(11M5/9M5),https://pathbank.org/search?q=Phosphatidylcholine%20Biosynthesis%20PC%2811M5%2F9M5%29&searcher=pathways&filter_species=Homo+sapiens
PathBank,Phosphatidylcholine Biosynthesis PC(13D5/11D3),https://pathbank.org/search?q=Phosphatidylcholine%20Biosynthesis%20PC%2813D5%2F11D3%29&searcher=pathways&filter_species=Homo+sapiens
PathBank,Phosphatidylcholine Biosynthesis PC(13D5/11D5),https://pathbank.org/search?q=Phosphatidylcholine%20Biosynthesis%20PC%2813D5%2F11D5%29&searcher=pathways&filter_species=Homo+sapiens
PathBank,Phosphatidylcholine Biosynthesis PC(13D5/11M3),https://pathbank.org/search?q=Phosphatidylcholine%20Biosynthesis%20PC%2813D5%2F11M3%29&searcher=pathways&filter_species=Homo+sapiens
PathBank,Phosphatidylcholine Biosynthesis PC(13D5/11M5),https://pathbank.org/search?q=Phosphatidylcholine%20Biosynthesis%20PC%2813D5%2F11M5%29&searcher=pathways&filter_species=Homo+sapiens
PathBank,Phosphatidylcholine Biosynthesis PC(13D5/13D5),https://pathbank.org/search?q=Phosphatidylcholine%20Biosynthesis%20PC%2813D5%2F13D5%29&searcher=pathways&filter_species=Homo+sapiens
PathBank,Phosphatidylcholine Biosynthesis PC(13D5/13M5),https://pathbank.org/search?q=Phosphatidylcholine%20Biosynthesis%20PC%2813D5%2F13M5%29&searcher=pathways&filter_species=Homo+sapiens
PathBank,Phosphatidylcholine Biosynthesis PC(13D5/9D3),https://pathbank.org/search?q=Phosphatidylcholine%20Biosynthesis%20PC%2813D5%2F9D3%29&searcher=pathways&filter_species=Homo+sapiens
PathBank,Phosphatidylcholine Biosynthesis PC(13D5/9D5),https://pathbank.org/search?q=Phosphatidylcholine%20Biosynthesis%20PC%2813D5%2F9D5%29&searcher=pathways&filter_species=Homo+sapiens
PathBank,Phosphatidylcholine Biosynthesis PC(13D5/9M5),https://pathbank.org/search?q=Phosphatidylcholine%20Biosynthesis%20PC%2813D5%2F9M5%29&searcher=pathways&filter_species=Homo+sapiens
PathBank,Phosphatidylcholine Biosynthesis PC(13M5/11D3),https://pathbank.org/search?q=Phosphatidylcholine%20Biosynthesis%20PC%2813M5%2F11D3%29&searcher=pathways&filter_species=Homo+sapiens
PathBank,Phosphatidylcholine Biosynthesis PC(13M5/11D5),https://pathbank.org/search?q=Phosphatidylcholine%20Biosynthesis%20PC%2813M5%2F11D5%29&searcher=pathways&filter_species=Homo+sapiens
PathBank,Phosphatidylcholine Biosynthesis PC(13M5/11M3),https://pathbank.org/search?q=Phosphatidylcholine%20Biosynthesis%20PC%2813M5%2F11M3%29&searcher=pathways&filter_species=Homo+sapiens
PathBank,Phosphatidylcholine Biosynthesis PC(13M5/11M5),https://pathbank.org/search?q=Phosphatidylcholine%20Biosynthesis%20PC%2813M5%2F11M5%29&searcher=pathways&filter_species=Homo+sapiens
PathBank,Phosphatidylcholine Biosynthesis PC(13M5/13D5),https://pathbank.org/search?q=Phosphatidylcholine%20Biosynthesis%20PC%2813M5%2F13D5%29&searcher=pathways&filter_species=Homo+sapiens
PathBank,Phosphatidylcholine Biosynthesis PC(13M5/13M5),https://pathbank.org/search?q=Phosphatidylcholine%20Biosynthesis%20PC%2813M5%2F13M5%29&searcher=pathways&filter_species=Homo+sapiens
PathBank,Phosphatidylcholine Biosynthesis PC(13M5/9D3),https://pathbank.org/search?q=Phosphatidylcholine%20Biosynthesis%20PC%2813M5%2F9D3%29&searcher=pathways&filter_species=Homo+sapiens
PathBank,Phosphatidylcholine Biosynthesis PC(13M5/9D5),https://pathbank.org/search?q=Phosphatidylcholine%20Biosynthesis%20PC%2813M5%2F9D5%29&searcher=pathways&filter_species=Homo+sapiens
PathBank,Phosphatidylcholine Biosynthesis PC(13M5/9M5),https://pathbank.org/search?q=Phosphatidylcholine%20Biosynthesis%20PC%2813M5%2F9M5%29&searcher=pathways&filter_species=Homo+sapiens
PathBank,Phosphatidylcholine Biosynthesis PC(9D3/11D3),https://pathbank.org/search?q=Phosphatidylcholine%20Biosynthesis%20PC%289D3%2F11D3%29&searcher=pathways&filter_species=Homo+sapiens
PathBank,Phosphatidylcholine Biosynthesis PC(9D3/11D5),https://pathbank.org/search?q=Phosphatidylcholine%20Biosynthesis%20PC%289D3%2F11D5%29&searcher=pathways&filter_species=Homo+sapiens
PathBank,Phosphatidylcholine Biosynthesis PC(9D3/11M3),https://pathbank.org/search?q=Phosphatidylcholine%20Biosynthesis%20PC%289D3%2F11M3%29&searcher=pathways&filter_species=Homo+sapiens
PathBank,Phosphatidylcholine Biosynthesis PC(9D3/11M5),https://pathbank.org/search?q=Phosphatidylcholine%20Biosynthesis%20PC%289D3%2F11M5%29&searcher=pathways&filter_species=Homo+sapiens
PathBank,Phosphatidylcholine Biosynthesis PC(9D3/13D5),https://pathbank.org/search?q=Phosphatidylcholine%20Biosynthesis%20PC%289D3%2F13D5%29&searcher=pathways&filter_species=Homo+sapiens
PathBank,Phosphatidylcholine Biosynthesis PC(9D3/13M5),https://pathbank.org/search?q=Phosphatidylcholine%20Biosynthesis%20PC%289D3%2F13M5%29&searcher=pathways&filter_species=Homo+sapiens
PathBank,Phosphatidylcholine Biosynthesis PC(9D3/9D3),https://pathbank.org/search?q=Phosphatidylcholine%20Biosynthesis%20PC%289D3%2F9D3%29&searcher=pathways&filter_species=Homo+sapiens
PathBank,Phosphatidylcholine Biosynthesis PC(9D3/9D5),https://pathbank.org/search?q=Phosphatidylcholine%20Biosynthesis%20PC%289D3%2F9D5%29&searcher=pathways&filter_species=Homo+sapiens
PathBank,Phosphatidylcholine Biosynthesis PC(9D3/9M5),https://pathbank.org/search?q=Phosphatidylcholine%20Biosynthesis%20PC%289D3%2F9M5%29&searcher=pathways&filter_species=Homo+sapiens
PathBank,Phosphatidylcholine Biosynthesis PC(9D5/11D3),https://pathbank.org/search?q=Phosphatidylcholine%20Biosynthesis%20PC%289D5%2F11D3%29&searcher=pathways&filter_species=Homo+sapiens
PathBank,Phosphatidylcholine Biosynthesis PC(9D5/11D5),https://pathbank.org/search?q=Phosphatidylcholine%20Biosynthesis%20PC%289D5%2F11D5%29&searcher=pathways&filter_species=Homo+sapiens
PathBank,Phosphatidylcholine Biosynthesis PC(9D5/11M3),https://pathbank.org/search?q=Phosphatidylcholine%20Biosynthesis%20PC%289D5%2F11M3%29&searcher=pathways&filter_species=Homo+sapiens
PathBank,Phosphatidylcholine Biosynthesis PC(9D5/11M5),https://pathbank.org/search?q=Phosphatidylcholine%20Biosynthesis%20PC%289D5%2F11M5%29&searcher=pathways&filter_species=Homo+sapiens
PathBank,Phosphatidylcholine Biosynthesis PC(9D5/13D5),https://pathbank.org/search?q=Phosphatidylcholine%20Biosynthesis%20PC%289D5%2F13D5%29&searcher=pathways&filter_species=Homo+sapiens
PathBank,Phosphatidylcholine Biosynthesis PC(9D5/13M5),https://pathbank.org/search?q=Phosphatidylcholine%20Biosynthesis%20PC%289D5%2F13M5%29&searcher=pathways&filter_species=Homo+sapiens
PathBank,Phosphatidylcholine Biosynthesis PC(9D5/9D3),https://pathbank.org/search?q=Phosphatidylcholine%20Biosynthesis%20PC%289D5%2F9D3%29&searcher=pathways&filter_species=Homo+sapiens
PathBank,Phosphatidylcholine Biosynthesis PC(9D5/9D5),https://pathbank.org/search?q=Phosphatidylcholine%20Biosynthesis%20PC%289D5%2F9D5%29&searcher=pathways&filter_species=Homo+sapiens
PathBank,Phosphatidylcholine Biosynthesis PC(9D5/9M5),https://pathbank.org/search?q=Phosphatidylcholine%20Biosynthesis%20PC%289D5%2F9M5%29&searcher=pathways&filter_species=Homo+sapiens
PathBank,Phosphatidylcholine Biosynthesis PC(9M5/11D3),https://pathbank.org/search?q=Phosphatidylcholine%20Biosynthesis%20PC%289M5%2F11D3%29&searcher=pathways&filter_species=Homo+sapiens
PathBank,Phosphatidylcholine Biosynthesis PC(9M5/11D5),https://pathbank.org/search?q=Phosphatidylcholine%20Biosynthesis%20PC%289M5%2F11D5%29&searcher=pathways&filter_species=Homo+sapiens
PathBank,Phosphatidylcholine Biosynthesis PC(9M5/11M3),https://pathbank.org/search?q=Phosphatidylcholine%20Biosynthesis%20PC%289M5%2F11M3%29&searcher=pathways&filter_species=Homo+sapiens
PathBank,Phosphatidylcholine Biosynthesis PC(9M5/11M5),https://pathbank.org/search?q=Phosphatidylcholine%20Biosynthesis%20PC%289M5%2F11M5%29&searcher=pathways&filter_species=Homo+sapiens
PathBank,Phosphatidylcholine Biosynthesis PC(9M5/13D5),https://pathbank.org/search?q=Phosphatidylcholine%20Biosynthesis%20PC%289M5%2F13D5%29&searcher=pathways&filter_species=Homo+sapiens
PathBank,Phosphatidylcholine Biosynthesis PC(9M5/13M5),https://pathbank.org/search?q=Phosphatidylcholine%20Biosynthesis%20PC%289M5%2F13M5%29&searcher=pathways&filter_species=Homo+sapiens
PathBank,Phosphatidylcholine Biosynthesis PC(9M5/9D3),https://pathbank.org/search?q=Phosphatidylcholine%20Biosynthesis%20PC%289M5%2F9D3%29&searcher=pathways&filter_species=Homo+sapiens
PathBank,Phosphatidylcholine Biosynthesis PC(9M5/9D5),https://pathbank.org/search?q=Phosphatidylcholine%20Biosynthesis%20PC%289M5%2F9D5%29&searcher=pathways&filter_species=Homo+sapiens
PathBank,Phosphatidylcholine Biosynthesis PC(9M5/9M5),https://pathbank.org/search?q=Phosphatidylcholine%20Biosynthesis%20PC%289M5%2F9M5%29&searcher=pathways&filter_species=Homo+sapiens
PathBank,Phosphatidylethanolamine Biosynthesis,https://pathbank.org/search?q=Phosphatidylethanolamine%20Biosynthesis&searcher=pathways&filter_species=Homo+sapiens
PathBank,Phosphatidylethanolamine Biosynthesis PE(11D3/11D3),https://pathbank.org/search?q=Phosphatidylethanolamine%20Biosynthesis%20PE%2811D3%2F11D3%29&searcher=pathways&filter_species=Homo+sapiens
PathBank,Phosphatidylethanolamine Biosynthesis PE(11D3/11D5),https://pathbank.org/search?q=Phosphatidylethanolamine%20Biosynthesis%20PE%2811D3%2F11D5%29&searcher=pathways&filter_species=Homo+sapiens
PathBank,Phosphatidylethanolamine Biosynthesis PE(11D3/11M3),https://pathbank.org/search?q=Phosphatidylethanolamine%20Biosynthesis%20PE%2811D3%2F11M3%29&searcher=pathways&filter_species=Homo+sapiens
PathBank,Phosphatidylethanolamine Biosynthesis PE(11D3/11M5),https://pathbank.org/search?q=Phosphatidylethanolamine%20Biosynthesis%20PE%2811D3%2F11M5%29&searcher=pathways&filter_species=Homo+sapiens
PathBank,Phosphatidylethanolamine Biosynthesis PE(11D3/13D5),https://pathbank.org/search?q=Phosphatidylethanolamine%20Biosynthesis%20PE%2811D3%2F13D5%29&searcher=pathways&filter_species=Homo+sapiens
PathBank,Phosphatidylethanolamine Biosynthesis PE(11D3/13M5),https://pathbank.org/search?q=Phosphatidylethanolamine%20Biosynthesis%20PE%2811D3%2F13M5%29&searcher=pathways&filter_species=Homo+sapiens
PathBank,Phosphatidylethanolamine Biosynthesis PE(11D3/9D3),https://pathbank.org/search?q=Phosphatidylethanolamine%20Biosynthesis%20PE%2811D3%2F9D3%29&searcher=pathways&filter_species=Homo+sapiens
PathBank,Phosphatidylethanolamine Biosynthesis PE(11D3/9D5),https://pathbank.org/search?q=Phosphatidylethanolamine%20Biosynthesis%20PE%2811D3%2F9D5%29&searcher=pathways&filter_species=Homo+sapiens
PathBank,Phosphatidylethanolamine Biosynthesis PE(11D3/9M5),https://pathbank.org/search?q=Phosphatidylethanolamine%20Biosynthesis%20PE%2811D3%2F9M5%29&searcher=pathways&filter_species=Homo+sapiens
PathBank,Phosphatidylethanolamine Biosynthesis PE(11D5/11D3),https://pathbank.org/search?q=Phosphatidylethanolamine%20Biosynthesis%20PE%2811D5%2F11D3%29&searcher=pathways&filter_species=Homo+sapiens
PathBank,Phosphatidylethanolamine Biosynthesis PE(11D5/11D5),https://pathbank.org/search?q=Phosphatidylethanolamine%20Biosynthesis%20PE%2811D5%2F11D5%29&searcher=pathways&filter_species=Homo+sapiens
PathBank,Phosphatidylethanolamine Biosynthesis PE(11D5/11M3),https://pathbank.org/search?q=Phosphatidylethanolamine%20Biosynthesis%20PE%2811D5%2F11M3%29&searcher=pathways&filter_species=Homo+sapiens
PathBank,Phosphatidylethanolamine Biosynthesis PE(11D5/11M5),https://pathbank.org/search?q=Phosphatidylethanolamine%20Biosynthesis%20PE%2811D5%2F11M5%29&searcher=pathways&filter_species=Homo+sapiens
PathBank,Phosphatidylethanolamine Biosynthesis PE(11D5/13D5),https://pathbank.org/search?q=Phosphatidylethanolamine%20Biosynthesis%20PE%2811D5%2F13D5%29&searcher=pathways&filter_species=Homo+sapiens
PathBank,Phosphatidylethanolamine Biosynthesis PE(11D5/13M5),https://pathbank.org/search?q=Phosphatidylethanolamine%20Biosynthesis%20PE%2811D5%2F13M5%29&searcher=pathways&filter_species=Homo+sapiens
PathBank,Phosphatidylethanolamine Biosynthesis PE(11D5/9D3),https://pathbank.org/search?q=Phosphatidylethanolamine%20Biosynthesis%20PE%2811D5%2F9D3%29&searcher=pathways&filter_species=Homo+sapiens
PathBank,Phosphatidylethanolamine Biosynthesis PE(11D5/9D5),https://pathbank.org/search?q=Phosphatidylethanolamine%20Biosynthesis%20PE%2811D5%2F9D5%29&searcher=pathways&filter_species=Homo+sapiens
PathBank,Phosphatidylethanolamine Biosynthesis PE(11D5/9M5),https://pathbank.org/search?q=Phosphatidylethanolamine%20Biosynthesis%20PE%2811D5%2F9M5%29&searcher=pathways&filter_species=Homo+sapiens
PathBank,Phosphatidylethanolamine Biosynthesis PE(11M3/11D3),https://pathbank.org/search?q=Phosphatidylethanolamine%20Biosynthesis%20PE%2811M3%2F11D3%29&searcher=pathways&filter_species=Homo+sapiens
PathBank,Phosphatidylethanolamine Biosynthesis PE(11M3/11D5),https://pathbank.org/search?q=Phosphatidylethanolamine%20Biosynthesis%20PE%2811M3%2F11D5%29&searcher=pathways&filter_species=Homo+sapiens
PathBank,Phosphatidylethanolamine Biosynthesis PE(11M3/11M3),https://pathbank.org/search?q=Phosphatidylethanolamine%20Biosynthesis%20PE%2811M3%2F11M3%29&searcher=pathways&filter_species=Homo+sapiens
PathBank,Phosphatidylethanolamine Biosynthesis PE(11M3/11M5),https://pathbank.org/search?q=Phosphatidylethanolamine%20Biosynthesis%20PE%2811M3%2F11M5%29&searcher=pathways&filter_species=Homo+sapiens
PathBank,Phosphatidylethanolamine Biosynthesis PE(11M3/13D5),https://pathbank.org/search?q=Phosphatidylethanolamine%20Biosynthesis%20PE%2811M3%2F13D5%29&searcher=pathways&filter_species=Homo+sapiens
PathBank,Phosphatidylethanolamine Biosynthesis PE(11M3/13M5),https://pathbank.org/search?q=Phosphatidylethanolamine%20Biosynthesis%20PE%2811M3%2F13M5%29&searcher=pathways&filter_species=Homo+sapiens
PathBank,Phosphatidylethanolamine Biosynthesis PE(11M3/9D3),https://pathbank.org/search?q=Phosphatidylethanolamine%20Biosynthesis%20PE%2811M3%2F9D3%29&searcher=pathways&filter_species=Homo+sapiens
PathBank,Phosphatidylethanolamine Biosynthesis PE(11M3/9D5),https://pathbank.org/search?q=Phosphatidylethanolamine%20Biosynthesis%20PE%2811M3%2F9D5%29&searcher=pathways&filter_species=Homo+sapiens
PathBank,Phosphatidylethanolamine Biosynthesis PE(11M3/9M5),https://pathbank.org/search?q=Phosphatidylethanolamine%20Biosynthesis%20PE%2811M3%2F9M5%29&searcher=pathways&filter_species=Homo+sapiens
PathBank,Phosphatidylethanolamine Biosynthesis PE(11M5/11D3),https://pathbank.org/search?q=Phosphatidylethanolamine%20Biosynthesis%20PE%2811M5%2F11D3%29&searcher=pathways&filter_species=Homo+sapiens
PathBank,Phosphatidylethanolamine Biosynthesis PE(11M5/11D5),https://pathbank.org/search?q=Phosphatidylethanolamine%20Biosynthesis%20PE%2811M5%2F11D5%29&searcher=pathways&filter_species=Homo+sapiens
PathBank,Phosphatidylethanolamine Biosynthesis PE(11M5/11M3),https://pathbank.org/search?q=Phosphatidylethanolamine%20Biosynthesis%20PE%2811M5%2F11M3%29&searcher=pathways&filter_species=Homo+sapiens
PathBank,Phosphatidylethanolamine Biosynthesis PE(11M5/11M5),https://pathbank.org/search?q=Phosphatidylethanolamine%20Biosynthesis%20PE%2811M5%2F11M5%29&searcher=pathways&filter_species=Homo+sapiens
PathBank,Phosphatidylethanolamine Biosynthesis PE(11M5/13D5),https://pathbank.org/search?q=Phosphatidylethanolamine%20Biosynthesis%20PE%2811M5%2F13D5%29&searcher=pathways&filter_species=Homo+sapiens
PathBank,Phosphatidylethanolamine Biosynthesis PE(11M5/13M5),https://pathbank.org/search?q=Phosphatidylethanolamine%20Biosynthesis%20PE%2811M5%2F13M5%29&searcher=pathways&filter_species=Homo+sapiens
PathBank,Phosphatidylethanolamine Biosynthesis PE(11M5/9D3),https://pathbank.org/search?q=Phosphatidylethanolamine%20Biosynthesis%20PE%2811M5%2F9D3%29&searcher=pathways&filter_species=Homo+sapiens
PathBank,Phosphatidylethanolamine Biosynthesis PE(11M5/9D5),https://pathbank.org/search?q=Phosphatidylethanolamine%20Biosynthesis%20PE%2811M5%2F9D5%29&searcher=pathways&filter_species=Homo+sapiens
PathBank,Phosphatidylethanolamine Biosynthesis PE(11M5/9M5),https://pathbank.org/search?q=Phosphatidylethanolamine%20Biosynthesis%20PE%2811M5%2F9M5%29&searcher=pathways&filter_species=Homo+sapiens
PathBank,Phosphatidylethanolamine Biosynthesis PE(13D5/11D3),https://pathbank.org/search?q=Phosphatidylethanolamine%20Biosynthesis%20PE%2813D5%2F11D3%29&searcher=pathways&filter_species=Homo+sapiens
PathBank,Phosphatidylethanolamine Biosynthesis PE(13D5/11D5),https://pathbank.org/search?q=Phosphatidylethanolamine%20Biosynthesis%20PE%2813D5%2F11D5%29&searcher=pathways&filter_species=Homo+sapiens
PathBank,Phosphatidylethanolamine Biosynthesis PE(13D5/11M3),https://pathbank.org/search?q=Phosphatidylethanolamine%20Biosynthesis%20PE%2813D5%2F11M3%29&searcher=pathways&filter_species=Homo+sapiens
PathBank,Phosphatidylethanolamine Biosynthesis PE(13D5/11M5),https://pathbank.org/search?q=Phosphatidylethanolamine%20Biosynthesis%20PE%2813D5%2F11M5%29&searcher=pathways&filter_species=Homo+sapiens
PathBank,Phosphatidylethanolamine Biosynthesis PE(13D5/13D5),https://pathbank.org/search?q=Phosphatidylethanolamine%20Biosynthesis%20PE%2813D5%2F13D5%29&searcher=pathways&filter_species=Homo+sapiens
PathBank,Phosphatidylethanolamine Biosynthesis PE(13D5/13M5),https://pathbank.org/search?q=Phosphatidylethanolamine%20Biosynthesis%20PE%2813D5%2F13M5%29&searcher=pathways&filter_species=Homo+sapiens
PathBank,Phosphatidylethanolamine Biosynthesis PE(13D5/9D3),https://pathbank.org/search?q=Phosphatidylethanolamine%20Biosynthesis%20PE%2813D5%2F9D3%29&searcher=pathways&filter_species=Homo+sapiens
PathBank,Phosphatidylethanolamine Biosynthesis PE(13D5/9D5),https://pathbank.org/search?q=Phosphatidylethanolamine%20Biosynthesis%20PE%2813D5%2F9D5%29&searcher=pathways&filter_species=Homo+sapiens
PathBank,Phosphatidylethanolamine Biosynthesis PE(13D5/9M5),https://pathbank.org/search?q=Phosphatidylethanolamine%20Biosynthesis%20PE%2813D5%2F9M5%29&searcher=pathways&filter_species=Homo+sapiens
PathBank,Phosphatidylethanolamine Biosynthesis PE(13M5/11D3),https://pathbank.org/search?q=Phosphatidylethanolamine%20Biosynthesis%20PE%2813M5%2F11D3%29&searcher=pathways&filter_species=Homo+sapiens
PathBank,Phosphatidylethanolamine Biosynthesis PE(13M5/11D5),https://pathbank.org/search?q=Phosphatidylethanolamine%20Biosynthesis%20PE%2813M5%2F11D5%29&searcher=pathways&filter_species=Homo+sapiens
PathBank,Phosphatidylethanolamine Biosynthesis PE(13M5/11M3),https://pathbank.org/search?q=Phosphatidylethanolamine%20Biosynthesis%20PE%2813M5%2F11M3%29&searcher=pathways&filter_species=Homo+sapiens
PathBank,Phosphatidylethanolamine Biosynthesis PE(13M5/11M5),https://pathbank.org/search?q=Phosphatidylethanolamine%20Biosynthesis%20PE%2813M5%2F11M5%29&searcher=pathways&filter_species=Homo+sapiens
PathBank,Phosphatidylethanolamine Biosynthesis PE(13M5/13D5),https://pathbank.org/search?q=Phosphatidylethanolamine%20Biosynthesis%20PE%2813M5%2F13D5%29&searcher=pathways&filter_species=Homo+sapiens
PathBank,Phosphatidylethanolamine Biosynthesis PE(13M5/13M5),https://pathbank.org/search?q=Phosphatidylethanolamine%20Biosynthesis%20PE%2813M5%2F13M5%29&searcher=pathways&filter_species=Homo+sapiens
PathBank,Phosphatidylethanolamine Biosynthesis PE(13M5/9D3),https://pathbank.org/search?q=Phosphatidylethanolamine%20Biosynthesis%20PE%2813M5%2F9D3%29&searcher=pathways&filter_species=Homo+sapiens
PathBank,Phosphatidylethanolamine Biosynthesis PE(13M5/9D5),https://pathbank.org/search?q=Phosphatidylethanolamine%20Biosynthesis%20PE%2813M5%2F9D5%29&searcher=pathways&filter_species=Homo+sapiens
PathBank,Phosphatidylethanolamine Biosynthesis PE(13M5/9M5),https://pathbank.org/search?q=Phosphatidylethanolamine%20Biosynthesis%20PE%2813M5%2F9M5%29&searcher=pathways&filter_species=Homo+sapiens
PathBank,Phosphatidylethanolamine Biosynthesis PE(9D3/11D3),https://pathbank.org/search?q=Phosphatidylethanolamine%20Biosynthesis%20PE%289D3%2F11D3%29&searcher=pathways&filter_species=Homo+sapiens
PathBank,Phosphatidylethanolamine Biosynthesis PE(9D3/11D5),https://pathbank.org/search?q=Phosphatidylethanolamine%20Biosynthesis%20PE%289D3%2F11D5%29&searcher=pathways&filter_species=Homo+sapiens
PathBank,Phosphatidylethanolamine Biosynthesis PE(9D3/11M3),https://pathbank.org/search?q=Phosphatidylethanolamine%20Biosynthesis%20PE%289D3%2F11M3%29&searcher=pathways&filter_species=Homo+sapiens
PathBank,Phosphatidylethanolamine Biosynthesis PE(9D3/11M5),https://pathbank.org/search?q=Phosphatidylethanolamine%20Biosynthesis%20PE%289D3%2F11M5%29&searcher=pathways&filter_species=Homo+sapiens
PathBank,Phosphatidylethanolamine Biosynthesis PE(9D3/13D5),https://pathbank.org/search?q=Phosphatidylethanolamine%20Biosynthesis%20PE%289D3%2F13D5%29&searcher=pathways&filter_species=Homo+sapiens
PathBank,Phosphatidylethanolamine Biosynthesis PE(9D3/13M5),https://pathbank.org/search?q=Phosphatidylethanolamine%20Biosynthesis%20PE%289D3%2F13M5%29&searcher=pathways&filter_species=Homo+sapiens
PathBank,Phosphatidylethanolamine Biosynthesis PE(9D3/9D3),https://pathbank.org/search?q=Phosphatidylethanolamine%20Biosynthesis%20PE%289D3%2F9D3%29&searcher=pathways&filter_species=Homo+sapiens
PathBank,Phosphatidylethanolamine Biosynthesis PE(9D3/9D5),https://pathbank.org/search?q=Phosphatidylethanolamine%20Biosynthesis%20PE%289D3%2F9D5%29&searcher=pathways&filter_species=Homo+sapiens
PathBank,Phosphatidylethanolamine Biosynthesis PE(9D3/9M5),https://pathbank.org/search?q=Phosphatidylethanolamine%20Biosynthesis%20PE%289D3%2F9M5%29&searcher=pathways&filter_species=Homo+sapiens
PathBank,Phosphatidylethanolamine Biosynthesis PE(9D5/11D3),https://pathbank.org/search?q=Phosphatidylethanolamine%20Biosynthesis%20PE%289D5%2F11D3%29&searcher=pathways&filter_species=Homo+sapiens
PathBank,Phosphatidylethanolamine Biosynthesis PE(9D5/11D5),https://pathbank.org/search?q=Phosphatidylethanolamine%20Biosynthesis%20PE%289D5%2F11D5%29&searcher=pathways&filter_species=Homo+sapiens
PathBank,Phosphatidylethanolamine Biosynthesis PE(9D5/11M3),https://pathbank.org/search?q=Phosphatidylethanolamine%20Biosynthesis%20PE%289D5%2F11M3%29&searcher=pathways&filter_species=Homo+sapiens
PathBank,Phosphatidylethanolamine Biosynthesis PE(9D5/11M5),https://pathbank.org/search?q=Phosphatidylethanolamine%20Biosynthesis%20PE%289D5%2F11M5%29&searcher=pathways&filter_species=Homo+sapiens
PathBank,Phosphatidylethanolamine Biosynthesis PE(9D5/13D5),https://pathbank.org/search?q=Phosphatidylethanolamine%20Biosynthesis%20PE%289D5%2F13D5%29&searcher=pathways&filter_species=Homo+sapiens
PathBank,Phosphatidylethanolamine Biosynthesis PE(9D5/13M5),https://pathbank.org/search?q=Phosphatidylethanolamine%20Biosynthesis%20PE%289D5%2F13M5%29&searcher=pathways&filter_species=Homo+sapiens
PathBank,Phosphatidylethanolamine Biosynthesis PE(9D5/9D3),https://pathbank.org/search?q=Phosphatidylethanolamine%20Biosynthesis%20PE%289D5%2F9D3%29&searcher=pathways&filter_species=Homo+sapiens
PathBank,Phosphatidylethanolamine Biosynthesis PE(9D5/9D5),https://pathbank.org/search?q=Phosphatidylethanolamine%20Biosynthesis%20PE%289D5%2F9D5%29&searcher=pathways&filter_species=Homo+sapiens
PathBank,Phosphatidylethanolamine Biosynthesis PE(9D5/9M5),https://pathbank.org/search?q=Phosphatidylethanolamine%20Biosynthesis%20PE%289D5%2F9M5%29&searcher=pathways&filter_species=Homo+sapiens
PathBank,Phosphatidylethanolamine Biosynthesis PE(9M5/11D3),https://pathbank.org/search?q=Phosphatidylethanolamine%20Biosynthesis%20PE%289M5%2F11D3%29&searcher=pathways&filter_species=Homo+sapiens
PathBank,Phosphatidylethanolamine Biosynthesis PE(9M5/11D5),https://pathbank.org/search?q=Phosphatidylethanolamine%20Biosynthesis%20PE%289M5%2F11D5%29&searcher=pathways&filter_species=Homo+sapiens
PathBank,Phosphatidylethanolamine Biosynthesis PE(9M5/11M3),https://pathbank.org/search?q=Phosphatidylethanolamine%20Biosynthesis%20PE%289M5%2F11M3%29&searcher=pathways&filter_species=Homo+sapiens
PathBank,Phosphatidylethanolamine Biosynthesis PE(9M5/11M5),https://pathbank.org/search?q=Phosphatidylethanolamine%20Biosynthesis%20PE%289M5%2F11M5%29&searcher=pathways&filter_species=Homo+sapiens
PathBank,Phosphatidylethanolamine Biosynthesis PE(9M5/13D5),https://pathbank.org/search?q=Phosphatidylethanolamine%20Biosynthesis%20PE%289M5%2F13D5%29&searcher=pathways&filter_species=Homo+sapiens
PathBank,Phosphatidylethanolamine Biosynthesis PE(9M5/13M5),https://pathbank.org/search?q=Phosphatidylethanolamine%20Biosynthesis%20PE%289M5%2F13M5%29&searcher=pathways&filter_species=Homo+sapiens
PathBank,Phosphatidylethanolamine Biosynthesis PE(9M5/9D3),https://pathbank.org/search?q=Phosphatidylethanolamine%20Biosynthesis%20PE%289M5%2F9D3%29&searcher=pathways&filter_species=Homo+sapiens
PathBank,Phosphatidylethanolamine Biosynthesis PE(9M5/9D5),https://pathbank.org/search?q=Phosphatidylethanolamine%20Biosynthesis%20PE%289M5%2F9D5%29&searcher=pathways&filter_species=Homo+sapiens
PathBank,Phosphatidylethanolamine Biosynthesis PE(9M5/9M5),https://pathbank.org/search?q=Phosphatidylethanolamine%20Biosynthesis%20PE%289M5%2F9M5%29&searcher=pathways&filter_species=Homo+sapiens
PathBank,Phosphatidylinositol Phosphate Metabolism,https://pathbank.org/search?q=Phosphatidylinositol%20Phosphate%20Metabolism&searcher=pathways&filter_species=Homo+sapiens
PathBank,Phosphoenolpyruvate Carboxykinase Deficiency 1 (PEPCK1),https://pathbank.org/search?q=Phosphoenolpyruvate%20Carboxykinase%20Deficiency%201%20%28PEPCK1%29&searcher=pathways&filter_species=Homo+sapiens
PathBank,Phospholipase C Signaling Pathway,https://pathbank.org/search?q=Phospholipase%20C%20Signaling%20Pathway&searcher=pathways&filter_species=Homo+sapiens
PathBank,Phospholipid Biosynthesis,https://pathbank.org/search?q=Phospholipid%20Biosynthesis&searcher=pathways&filter_species=Homo+sapiens
PathBank,Phytanic Acid Peroxisomal Oxidation,https://pathbank.org/search?q=Phytanic%20Acid%20Peroxisomal%20Oxidation&searcher=pathways&filter_species=Homo+sapiens
PathBank,Pimethixene H1-Antihistamine Action,https://pathbank.org/search?q=Pimethixene%20H1-Antihistamine%20Action&searcher=pathways&filter_species=Homo+sapiens
PathBank,Pindolol Action Pathway,https://pathbank.org/search?q=Pindolol%20Action%20Pathway&searcher=pathways&filter_species=Homo+sapiens
PathBank,Pirenzepine Action Pathway,https://pathbank.org/search?q=Pirenzepine%20Action%20Pathway&searcher=pathways&filter_species=Homo+sapiens
PathBank,Piroxicam Action Pathway,https://pathbank.org/search?q=Piroxicam%20Action%20Pathway&searcher=pathways&filter_species=Homo+sapiens
PathBank,Plasmalogen Synthesis,https://pathbank.org/search?q=Plasmalogen%20Synthesis&searcher=pathways&filter_species=Homo+sapiens
PathBank,Polythiazide Action Pathway,https://pathbank.org/search?q=Polythiazide%20Action%20Pathway&searcher=pathways&filter_species=Homo+sapiens
PathBank,Ponatinib Inhibition of BCR-ABL,https://pathbank.org/search?q=Ponatinib%20Inhibition%20of%20BCR-ABL&searcher=pathways&filter_species=Homo+sapiens
PathBank,Porphyria Variegata (PV),https://pathbank.org/search?q=Porphyria%20Variegata%20%28PV%29&searcher=pathways&filter_species=Homo+sapiens
PathBank,Porphyrin Metabolism,https://pathbank.org/search?q=Porphyrin%20Metabolism&searcher=pathways&filter_species=Homo+sapiens
PathBank,Practolol Action Pathway,https://pathbank.org/search?q=Practolol%20Action%20Pathway&searcher=pathways&filter_species=Homo+sapiens
PathBank,Pravastatin Action Pathway,https://pathbank.org/search?q=Pravastatin%20Action%20Pathway&searcher=pathways&filter_species=Homo+sapiens
PathBank,Prednisolone Action Pathway,https://pathbank.org/search?q=Prednisolone%20Action%20Pathway&searcher=pathways&filter_species=Homo+sapiens
PathBank,Prednisolone Metabolism Pathway,https://pathbank.org/search?q=Prednisolone%20Metabolism%20Pathway&searcher=pathways&filter_species=Homo+sapiens
PathBank,Prilocaine Action Pathway,https://pathbank.org/search?q=Prilocaine%20Action%20Pathway&searcher=pathways&filter_species=Homo+sapiens
PathBank,"Primary Hyperoxaluria II, PH2",https://pathbank.org/search?q=Primary%20Hyperoxaluria%20II%2C%20PH2&searcher=pathways&filter_species=Homo+sapiens
PathBank,Primary Hyperoxaluria Type I,https://pathbank.org/search?q=Primary%20Hyperoxaluria%20Type%20I&searcher=pathways&filter_species=Homo+sapiens
PathBank,Procainamide (Antiarrhythmic) Action Pathway,https://pathbank.org/search?q=Procainamide%20%28Antiarrhythmic%29%20Action%20Pathway&searcher=pathways&filter_species=Homo+sapiens
PathBank,Procaine Action Pathway,https://pathbank.org/search?q=Procaine%20Action%20Pathway&searcher=pathways&filter_species=Homo+sapiens
PathBank,Prolidase Deficiency (PD),https://pathbank.org/search?q=Prolidase%20Deficiency%20%28PD%29&searcher=pathways&filter_species=Homo+sapiens
PathBank,Prolinemia Type II,https://pathbank.org/search?q=Prolinemia%20Type%20II&searcher=pathways&filter_species=Homo+sapiens
PathBank,Promethazine H1-Antihistamine Action,https://pathbank.org/search?q=Promethazine%20H1-Antihistamine%20Action&searcher=pathways&filter_species=Homo+sapiens
PathBank,Propanoate Metabolism,https://pathbank.org/search?q=Propanoate%20Metabolism&searcher=pathways&filter_species=Homo+sapiens
PathBank,Proparacaine Action Pathway,https://pathbank.org/search?q=Proparacaine%20Action%20Pathway&searcher=pathways&filter_species=Homo+sapiens
PathBank,Propiomazine H1-Antihistamine Action,https://pathbank.org/search?q=Propiomazine%20H1-Antihistamine%20Action&searcher=pathways&filter_species=Homo+sapiens
PathBank,Propionic Acidemia,https://pathbank.org/search?q=Propionic%20Acidemia&searcher=pathways&filter_species=Homo+sapiens
PathBank,Propoxyphene Action Pathway,https://pathbank.org/search?q=Propoxyphene%20Action%20Pathway&searcher=pathways&filter_species=Homo+sapiens
PathBank,Propranolol Action Pathway,https://pathbank.org/search?q=Propranolol%20Action%20Pathway&searcher=pathways&filter_species=Homo+sapiens
PathBank,Protein Synthesis: Alanine,https://pathbank.org/search?q=Protein%20Synthesis%3A%20Alanine&searcher=pathways&filter_species=Homo+sapiens
PathBank,Protein Synthesis: Arginine,https://pathbank.org/search?q=Protein%20Synthesis%3A%20Arginine&searcher=pathways&filter_species=Homo+sapiens
PathBank,Protein Synthesis: Asparagine,https://pathbank.org/search?q=Protein%20Synthesis%3A%20Asparagine&searcher=pathways&filter_species=Homo+sapiens
PathBank,Protein Synthesis: Aspartic Acid,https://pathbank.org/search?q=Protein%20Synthesis%3A%20Aspartic%20Acid&searcher=pathways&filter_species=Homo+sapiens
PathBank,Protein Synthesis: Cysteine,https://pathbank.org/search?q=Protein%20Synthesis%3A%20Cysteine&searcher=pathways&filter_species=Homo+sapiens
PathBank,Protein Synthesis: Glutamic Acid,https://pathbank.org/search?q=Protein%20Synthesis%3A%20Glutamic%20Acid&searcher=pathways&filter_species=Homo+sapiens
PathBank,Protein Synthesis: Glutamine,https://pathbank.org/search?q=Protein%20Synthesis%3A%20Glutamine&searcher=pathways&filter_species=Homo+sapiens
PathBank,Protein Synthesis: Glycine,https://pathbank.org/search?q=Protein%20Synthesis%3A%20Glycine&searcher=pathways&filter_species=Homo+sapiens
PathBank,Protein Synthesis: Histidine,https://pathbank.org/search?q=Protein%20Synthesis%3A%20Histidine&searcher=pathways&filter_species=Homo+sapiens
PathBank,Protein Synthesis: Isoleucine,https://pathbank.org/search?q=Protein%20Synthesis%3A%20Isoleucine&searcher=pathways&filter_species=Homo+sapiens
PathBank,Protein Synthesis: Leucine,https://pathbank.org/search?q=Protein%20Synthesis%3A%20Leucine&searcher=pathways&filter_species=Homo+sapiens
PathBank,Protein Synthesis: Lysine,https://pathbank.org/search?q=Protein%20Synthesis%3A%20Lysine&searcher=pathways&filter_species=Homo+sapiens
PathBank,Protein Synthesis: Methionine,https://pathbank.org/search?q=Protein%20Synthesis%3A%20Methionine&searcher=pathways&filter_species=Homo+sapiens
PathBank,Protein Synthesis: Phenylalanine,https://pathbank.org/search?q=Protein%20Synthesis%3A%20Phenylalanine&searcher=pathways&filter_species=Homo+sapiens
PathBank,Protein Synthesis: Proline,https://pathbank.org/search?q=Protein%20Synthesis%3A%20Proline&searcher=pathways&filter_species=Homo+sapiens
PathBank,Protein Synthesis: Serine,https://pathbank.org/search?q=Protein%20Synthesis%3A%20Serine&searcher=pathways&filter_species=Homo+sapiens
PathBank,Protein Synthesis: Threonine,https://pathbank.org/search?q=Protein%20Synthesis%3A%20Threonine&searcher=pathways&filter_species=Homo+sapiens
PathBank,Protein Synthesis: Tryptophan,https://pathbank.org/search?q=Protein%20Synthesis%3A%20Tryptophan&searcher=pathways&filter_species=Homo+sapiens
PathBank,Protein Synthesis: Tyrosine,https://pathbank.org/search?q=Protein%20Synthesis%3A%20Tyrosine&searcher=pathways&filter_species=Homo+sapiens
PathBank,Protein Synthesis: Valine,https://pathbank.org/search?q=Protein%20Synthesis%3A%20Valine&searcher=pathways&filter_species=Homo+sapiens
PathBank,Pterine Biosynthesis,https://pathbank.org/search?q=Pterine%20Biosynthesis&searcher=pathways&filter_species=Homo+sapiens
PathBank,Purine Metabolism,https://pathbank.org/search?q=Purine%20Metabolism&searcher=pathways&filter_species=Homo+sapiens
PathBank,Purine Nucleoside Phosphorylase Deficiency,https://pathbank.org/search?q=Purine%20Nucleoside%20Phosphorylase%20Deficiency&searcher=pathways&filter_species=Homo+sapiens
PathBank,Pyridoxine Dependency with Seizures,https://pathbank.org/search?q=Pyridoxine%20Dependency%20with%20Seizures&searcher=pathways&filter_species=Homo+sapiens
PathBank,Pyrimidine Metabolism,https://pathbank.org/search?q=Pyrimidine%20Metabolism&searcher=pathways&filter_species=Homo+sapiens
PathBank,Pyrrobutamine H1-Antihistamine Action,https://pathbank.org/search?q=Pyrrobutamine%20H1-Antihistamine%20Action&searcher=pathways&filter_species=Homo+sapiens
PathBank,Pyruvaldehyde Degradation,https://pathbank.org/search?q=Pyruvaldehyde%20Degradation&searcher=pathways&filter_species=Homo+sapiens
PathBank,Pyruvate Carboxylase Deficiency,https://pathbank.org/search?q=Pyruvate%20Carboxylase%20Deficiency&searcher=pathways&filter_species=Homo+sapiens
PathBank,Pyruvate Decarboxylase E1 Component Deficiency (PDHE1 Deficiency),https://pathbank.org/search?q=Pyruvate%20Decarboxylase%20E1%20Component%20Deficiency%20%28PDHE1%20Deficiency%29&searcher=pathways&filter_species=Homo+sapiens
PathBank,Pyruvate Dehydrogenase Complex Deficiency,https://pathbank.org/search?q=Pyruvate%20Dehydrogenase%20Complex%20Deficiency&searcher=pathways&filter_species=Homo+sapiens
PathBank,Pyruvate Dehydrogenase Deficiency (E2),https://pathbank.org/search?q=Pyruvate%20Dehydrogenase%20Deficiency%20%28E2%29&searcher=pathways&filter_species=Homo+sapiens
PathBank,Pyruvate Dehydrogenase Deficiency (E3),https://pathbank.org/search?q=Pyruvate%20Dehydrogenase%20Deficiency%20%28E3%29&searcher=pathways&filter_species=Homo+sapiens
PathBank,Pyruvate Kinase Deficiency,https://pathbank.org/search?q=Pyruvate%20Kinase%20Deficiency&searcher=pathways&filter_species=Homo+sapiens
PathBank,Pyruvate Metabolism,https://pathbank.org/search?q=Pyruvate%20Metabolism&searcher=pathways&filter_species=Homo+sapiens
PathBank,Quetiapine H1-Antihistamine Action,https://pathbank.org/search?q=Quetiapine%20H1-Antihistamine%20Action&searcher=pathways&filter_species=Homo+sapiens
PathBank,Quifenadine H1-Antihistamine Action,https://pathbank.org/search?q=Quifenadine%20H1-Antihistamine%20Action&searcher=pathways&filter_species=Homo+sapiens
PathBank,Quinapril Action Pathway,https://pathbank.org/search?q=Quinapril%20Action%20Pathway&searcher=pathways&filter_species=Homo+sapiens
PathBank,Quinethazone Action Pathway,https://pathbank.org/search?q=Quinethazone%20Action%20Pathway&searcher=pathways&filter_species=Homo+sapiens
PathBank,Quinidine Action Pathway,https://pathbank.org/search?q=Quinidine%20Action%20Pathway&searcher=pathways&filter_species=Homo+sapiens
PathBank,Rabeprazole Action Pathway,https://pathbank.org/search?q=Rabeprazole%20Action%20Pathway&searcher=pathways&filter_species=Homo+sapiens
PathBank,Rabeprazole Metabolism Pathway,https://pathbank.org/search?q=Rabeprazole%20Metabolism%20Pathway&searcher=pathways&filter_species=Homo+sapiens
PathBank,Rac 1 Cell Motility Signaling Pathway,https://pathbank.org/search?q=Rac%201%20Cell%20Motility%20Signaling%20Pathway&searcher=pathways&filter_species=Homo+sapiens
PathBank,Ramipril Action Pathway,https://pathbank.org/search?q=Ramipril%20Action%20Pathway&searcher=pathways&filter_species=Homo+sapiens
PathBank,Ranitidine Action Pathway,https://pathbank.org/search?q=Ranitidine%20Action%20Pathway&searcher=pathways&filter_species=Homo+sapiens
PathBank,Ras Signaling Pathway,https://pathbank.org/search?q=Ras%20Signaling%20Pathway&searcher=pathways&filter_species=Homo+sapiens
PathBank,Refsum Disease,https://pathbank.org/search?q=Refsum%20Disease&searcher=pathways&filter_species=Homo+sapiens
PathBank,Remifentanil Action Pathway,https://pathbank.org/search?q=Remifentanil%20Action%20Pathway&searcher=pathways&filter_species=Homo+sapiens
PathBank,Repaglinide Action Pathway,https://pathbank.org/search?q=Repaglinide%20Action%20Pathway&searcher=pathways&filter_species=Homo+sapiens
PathBank,Rescinnamine Action Pathway,https://pathbank.org/search?q=Rescinnamine%20Action%20Pathway&searcher=pathways&filter_species=Homo+sapiens
PathBank,Reteplase Action Pathway,https://pathbank.org/search?q=Reteplase%20Action%20Pathway&searcher=pathways&filter_species=Homo+sapiens
PathBank,Retinol Metabolism,https://pathbank.org/search?q=Retinol%20Metabolism&searcher=pathways&filter_species=Homo+sapiens
PathBank,Riboflavin Metabolism,https://pathbank.org/search?q=Riboflavin%20Metabolism&searcher=pathways&filter_species=Homo+sapiens
PathBank,Ribose-5-phosphate Isomerase Deficiency,https://pathbank.org/search?q=Ribose-5-phosphate%20Isomerase%20Deficiency&searcher=pathways&filter_species=Homo+sapiens
PathBank,Risedronate Action Pathway,https://pathbank.org/search?q=Risedronate%20Action%20Pathway&searcher=pathways&filter_species=Homo+sapiens
PathBank,Rofecoxib Action Pathway,https://pathbank.org/search?q=Rofecoxib%20Action%20Pathway&searcher=pathways&filter_species=Homo+sapiens
PathBank,Ropivacaine Action Pathway,https://pathbank.org/search?q=Ropivacaine%20Action%20Pathway&searcher=pathways&filter_species=Homo+sapiens
PathBank,Rosiglitazone Metabolism Pathway,https://pathbank.org/search?q=Rosiglitazone%20Metabolism%20Pathway&searcher=pathways&filter_species=Homo+sapiens
PathBank,Rosuvastatin Action Pathway,https://pathbank.org/search?q=Rosuvastatin%20Action%20Pathway&searcher=pathways&filter_species=Homo+sapiens
PathBank,Roxatidine Acetate Action Pathway,https://pathbank.org/search?q=Roxatidine%20Acetate%20Action%20Pathway&searcher=pathways&filter_species=Homo+sapiens
PathBank,Rupatadine H1-Antihistamine Action,https://pathbank.org/search?q=Rupatadine%20H1-Antihistamine%20Action&searcher=pathways&filter_species=Homo+sapiens
PathBank,S-Adenosylhomocysteine (SAH) Hydrolase Deficiency,https://pathbank.org/search?q=S-Adenosylhomocysteine%20%28SAH%29%20Hydrolase%20Deficiency&searcher=pathways&filter_species=Homo+sapiens
PathBank,Saccharopinuria/Hyperlysinemia II,https://pathbank.org/search?q=Saccharopinuria%2FHyperlysinemia%20II&searcher=pathways&filter_species=Homo+sapiens
PathBank,Salicylate-Sodium Action Pathway,https://pathbank.org/search?q=Salicylate-Sodium%20Action%20Pathway&searcher=pathways&filter_species=Homo+sapiens
PathBank,Salicylic Acid Action Pathway,https://pathbank.org/search?q=Salicylic%20Acid%20Action%20Pathway&searcher=pathways&filter_species=Homo+sapiens
PathBank,Salla Disease/Infantile Sialic Acid Storage Disease,https://pathbank.org/search?q=Salla%20Disease%2FInfantile%20Sialic%20Acid%20Storage%20Disease&searcher=pathways&filter_species=Homo+sapiens
PathBank,Salsalate Action Pathway,https://pathbank.org/search?q=Salsalate%20Action%20Pathway&searcher=pathways&filter_species=Homo+sapiens
PathBank,Sarcosine Oncometabolite Pathway,https://pathbank.org/search?q=Sarcosine%20Oncometabolite%20Pathway&searcher=pathways&filter_species=Homo+sapiens
PathBank,Sarcosinemia,https://pathbank.org/search?q=Sarcosinemia&searcher=pathways&filter_species=Homo+sapiens
PathBank,Segawa Syndrome,https://pathbank.org/search?q=Segawa%20Syndrome&searcher=pathways&filter_species=Homo+sapiens
PathBank,Selenoamino Acid Metabolism,https://pathbank.org/search?q=Selenoamino%20Acid%20Metabolism&searcher=pathways&filter_species=Homo+sapiens
PathBank,Sepiapterin Reductase Deficiency,https://pathbank.org/search?q=Sepiapterin%20Reductase%20Deficiency&searcher=pathways&filter_species=Homo+sapiens
PathBank,Short-Chain 3-Hydroxyacyl-CoA Dehydrogenase Deficiency (HADH),https://pathbank.org/search?q=Short-Chain%203-Hydroxyacyl-CoA%20Dehydrogenase%20Deficiency%20%28HADH%29&searcher=pathways&filter_species=Homo+sapiens
PathBank,Short-Chain Acyl-CoA Dehydrogenase Deficiency (SCAD Deficiency),https://pathbank.org/search?q=Short-Chain%20Acyl-CoA%20Dehydrogenase%20Deficiency%20%28SCAD%20Deficiency%29&searcher=pathways&filter_species=Homo+sapiens
PathBank,Sialuria or French Type Sialuria,https://pathbank.org/search?q=Sialuria%20or%20French%20Type%20Sialuria&searcher=pathways&filter_species=Homo+sapiens
PathBank,Simvastatin Action Pathway,https://pathbank.org/search?q=Simvastatin%20Action%20Pathway&searcher=pathways&filter_species=Homo+sapiens
PathBank,Smith-Lemli-Opitz Syndrome (SLOS),https://pathbank.org/search?q=Smith-Lemli-Opitz%20Syndrome%20%28SLOS%29&searcher=pathways&filter_species=Homo+sapiens
PathBank,Sorafenib Metabolism Pathway,https://pathbank.org/search?q=Sorafenib%20Metabolism%20Pathway&searcher=pathways&filter_species=Homo+sapiens
PathBank,Sotalol Action Pathway,https://pathbank.org/search?q=Sotalol%20Action%20Pathway&searcher=pathways&filter_species=Homo+sapiens
PathBank,Spermidine and Spermine Biosynthesis,https://pathbank.org/search?q=Spermidine%20and%20Spermine%20Biosynthesis&searcher=pathways&filter_species=Homo+sapiens
PathBank,Sphingolipid Metabolism,https://pathbank.org/search?q=Sphingolipid%20Metabolism&searcher=pathways&filter_species=Homo+sapiens
PathBank,Spirapril Action Pathway,https://pathbank.org/search?q=Spirapril%20Action%20Pathway&searcher=pathways&filter_species=Homo+sapiens
PathBank,Spironolactone Action Pathway,https://pathbank.org/search?q=Spironolactone%20Action%20Pathway&searcher=pathways&filter_species=Homo+sapiens
PathBank,Starch and Sucrose Metabolism,https://pathbank.org/search?q=Starch%20and%20Sucrose%20Metabolism&searcher=pathways&filter_species=Homo+sapiens
PathBank,Stat3 Signaling Pathway,https://pathbank.org/search?q=Stat3%20Signaling%20Pathway&searcher=pathways&filter_species=Homo+sapiens
PathBank,Steroid Biosynthesis,https://pathbank.org/search?q=Steroid%20Biosynthesis&searcher=pathways&filter_species=Homo+sapiens
PathBank,Steroidogenesis,https://pathbank.org/search?q=Steroidogenesis&searcher=pathways&filter_species=Homo+sapiens
PathBank,Streptokinase Action Pathway,https://pathbank.org/search?q=Streptokinase%20Action%20Pathway&searcher=pathways&filter_species=Homo+sapiens
PathBank,Striated Muscle Contraction,https://pathbank.org/search?q=Striated%20Muscle%20Contraction&searcher=pathways&filter_species=Homo+sapiens
PathBank,Succinate Signalling,https://pathbank.org/search?q=Succinate%20Signalling&searcher=pathways&filter_species=Homo+sapiens
PathBank,Succinate Signalling During Inflammation,https://pathbank.org/search?q=Succinate%20Signalling%20During%20Inflammation&searcher=pathways&filter_species=Homo+sapiens
PathBank,Succinic Semialdehyde Dehydrogenase Deficiency,https://pathbank.org/search?q=Succinic%20Semialdehyde%20Dehydrogenase%20Deficiency&searcher=pathways&filter_species=Homo+sapiens
PathBank,Succinyl CoA: 3-Ketoacid CoA Transferase Deficiency,https://pathbank.org/search?q=Succinyl%20CoA%3A%203-Ketoacid%20CoA%20Transferase%20Deficiency&searcher=pathways&filter_species=Homo+sapiens
PathBank,Sucrase-Isomaltase Deficiency,https://pathbank.org/search?q=Sucrase-Isomaltase%20Deficiency&searcher=pathways&filter_species=Homo+sapiens
PathBank,Sufentanil Action Pathway,https://pathbank.org/search?q=Sufentanil%20Action%20Pathway&searcher=pathways&filter_species=Homo+sapiens
PathBank,Sulfate/Sulfite Metabolism,https://pathbank.org/search?q=Sulfate%2FSulfite%20Metabolism&searcher=pathways&filter_species=Homo+sapiens
PathBank,Sulfite Oxidase Deficiency,https://pathbank.org/search?q=Sulfite%20Oxidase%20Deficiency&searcher=pathways&filter_species=Homo+sapiens
PathBank,Sulindac Action Pathway,https://pathbank.org/search?q=Sulindac%20Action%20Pathway&searcher=pathways&filter_species=Homo+sapiens
PathBank,Suprofen Action Pathway,https://pathbank.org/search?q=Suprofen%20Action%20Pathway&searcher=pathways&filter_species=Homo+sapiens
PathBank,T Cell Receptor Signaling Pathway,https://pathbank.org/search?q=T%20Cell%20Receptor%20Signaling%20Pathway&searcher=pathways&filter_species=Homo+sapiens
PathBank,TNF/Stress Related Signaling,https://pathbank.org/search?q=TNF%2FStress%20Related%20Signaling&searcher=pathways&filter_species=Homo+sapiens
PathBank,Talastine H1-Antihistamine Action,https://pathbank.org/search?q=Talastine%20H1-Antihistamine%20Action&searcher=pathways&filter_species=Homo+sapiens
PathBank,Tamoxifen Action Pathway,https://pathbank.org/search?q=Tamoxifen%20Action%20Pathway&searcher=pathways&filter_species=Homo+sapiens
PathBank,Tamoxifen Metabolism Pathway,https://pathbank.org/search?q=Tamoxifen%20Metabolism%20Pathway&searcher=pathways&filter_species=Homo+sapiens
PathBank,Taurine and Hypotaurine Metabolism,https://pathbank.org/search?q=Taurine%20and%20Hypotaurine%20Metabolism&searcher=pathways&filter_species=Homo+sapiens
PathBank,Tay-Sachs Disease,https://pathbank.org/search?q=Tay-Sachs%20Disease&searcher=pathways&filter_species=Homo+sapiens
PathBank,Telmisartan Action Pathway,https://pathbank.org/search?q=Telmisartan%20Action%20Pathway&searcher=pathways&filter_species=Homo+sapiens
PathBank,Temelastine H1-Antihistamine Action,https://pathbank.org/search?q=Temelastine%20H1-Antihistamine%20Action&searcher=pathways&filter_species=Homo+sapiens
PathBank,Temocapril Action Pathway,https://pathbank.org/search?q=Temocapril%20Action%20Pathway&searcher=pathways&filter_species=Homo+sapiens
PathBank,Tenecteplase Action Pathway,https://pathbank.org/search?q=Tenecteplase%20Action%20Pathway&searcher=pathways&filter_species=Homo+sapiens
PathBank,Teniposide Action Pathway,https://pathbank.org/search?q=Teniposide%20Action%20Pathway&searcher=pathways&filter_species=Homo+sapiens
PathBank,Teniposide Metabolism Pathway,https://pathbank.org/search?q=Teniposide%20Metabolism%20Pathway&searcher=pathways&filter_species=Homo+sapiens
PathBank,Tenofovir Metabolism Pathway,https://pathbank.org/search?q=Tenofovir%20Metabolism%20Pathway&searcher=pathways&filter_species=Homo+sapiens
PathBank,Tenoxicam Action Pathway,https://pathbank.org/search?q=Tenoxicam%20Action%20Pathway&searcher=pathways&filter_species=Homo+sapiens
PathBank,Terfenadine H1-Antihistamine Action,https://pathbank.org/search?q=Terfenadine%20H1-Antihistamine%20Action&searcher=pathways&filter_species=Homo+sapiens
PathBank,The Oncogenic Action of 2-Hydroxyglutarate,https://pathbank.org/search?q=The%20Oncogenic%20Action%20of%202-Hydroxyglutarate&searcher=pathways&filter_species=Homo+sapiens
PathBank,The Oncogenic Action of D-2-Hydroxyglutarate in Hydroxyglutaric aciduria,https://pathbank.org/search?q=The%20Oncogenic%20Action%20of%20D-2-Hydroxyglutarate%20in%20Hydroxyglutaric%20aciduria&searcher=pathways&filter_species=Homo+sapiens
PathBank,The Oncogenic Action of Fumarate,https://pathbank.org/search?q=The%20Oncogenic%20Action%20of%20Fumarate&searcher=pathways&filter_species=Homo+sapiens
PathBank,The Oncogenic Action of L-2-Hydroxyglutarate in Hydroxyglutaric aciduria,https://pathbank.org/search?q=The%20Oncogenic%20Action%20of%20L-2-Hydroxyglutarate%20in%20Hydroxyglutaric%20aciduria&searcher=pathways&filter_species=Homo+sapiens
PathBank,The Oncogenic Action of Succinate,https://pathbank.org/search?q=The%20Oncogenic%20Action%20of%20Succinate&searcher=pathways&filter_species=Homo+sapiens
PathBank,Thenalidine H1-Antihistamine Action,https://pathbank.org/search?q=Thenalidine%20H1-Antihistamine%20Action&searcher=pathways&filter_species=Homo+sapiens
PathBank,Thenyldiamine H1-Antihistamine Action,https://pathbank.org/search?q=Thenyldiamine%20H1-Antihistamine%20Action&searcher=pathways&filter_species=Homo+sapiens
PathBank,Thiamine Metabolism,https://pathbank.org/search?q=Thiamine%20Metabolism&searcher=pathways&filter_species=Homo+sapiens
PathBank,Thiazinamium H1-Antihistamine Action,https://pathbank.org/search?q=Thiazinamium%20H1-Antihistamine%20Action&searcher=pathways&filter_species=Homo+sapiens
PathBank,Thioguanine Action Pathway,https://pathbank.org/search?q=Thioguanine%20Action%20Pathway&searcher=pathways&filter_species=Homo+sapiens
PathBank,Thonzylamine H1-Antihistamine Action,https://pathbank.org/search?q=Thonzylamine%20H1-Antihistamine%20Action&searcher=pathways&filter_species=Homo+sapiens
PathBank,Threonine and 2-Oxobutanoate Degradation,https://pathbank.org/search?q=Threonine%20and%202-Oxobutanoate%20Degradation&searcher=pathways&filter_species=Homo+sapiens
PathBank,Thyroid Hormone Synthesis,https://pathbank.org/search?q=Thyroid%20Hormone%20Synthesis&searcher=pathways&filter_species=Homo+sapiens
PathBank,Tiaprofenic Acid Action Pathway,https://pathbank.org/search?q=Tiaprofenic%20Acid%20Action%20Pathway&searcher=pathways&filter_species=Homo+sapiens
PathBank,Timolol Action Pathway,https://pathbank.org/search?q=Timolol%20Action%20Pathway&searcher=pathways&filter_species=Homo+sapiens
PathBank,Tirofiban Action Pathway,https://pathbank.org/search?q=Tirofiban%20Action%20Pathway&searcher=pathways&filter_species=Homo+sapiens
PathBank,Tocainide Action Pathway,https://pathbank.org/search?q=Tocainide%20Action%20Pathway&searcher=pathways&filter_species=Homo+sapiens
PathBank,Toll-Like Receptor Pathway 1,https://pathbank.org/search?q=Toll-Like%20Receptor%20Pathway%201&searcher=pathways&filter_species=Homo+sapiens
PathBank,Toll-Like Receptor Pathway 2,https://pathbank.org/search?q=Toll-Like%20Receptor%20Pathway%202&searcher=pathways&filter_species=Homo+sapiens
PathBank,Tolmetin Action Pathway,https://pathbank.org/search?q=Tolmetin%20Action%20Pathway&searcher=pathways&filter_species=Homo+sapiens
PathBank,Tolpropamine H1-Antihistamine Action,https://pathbank.org/search?q=Tolpropamine%20H1-Antihistamine%20Action&searcher=pathways&filter_species=Homo+sapiens
PathBank,Torsemide Action Pathway,https://pathbank.org/search?q=Torsemide%20Action%20Pathway&searcher=pathways&filter_species=Homo+sapiens
PathBank,Tramadol Action Action Pathway,https://pathbank.org/search?q=Tramadol%20Action%20Action%20Pathway&searcher=pathways&filter_species=Homo+sapiens
PathBank,Tramadol Metabolism Pathway,https://pathbank.org/search?q=Tramadol%20Metabolism%20Pathway&searcher=pathways&filter_species=Homo+sapiens
PathBank,Trandolapril Action Pathway,https://pathbank.org/search?q=Trandolapril%20Action%20Pathway&searcher=pathways&filter_species=Homo+sapiens
PathBank,Tranexamic Acid Action Pathway,https://pathbank.org/search?q=Tranexamic%20Acid%20Action%20Pathway&searcher=pathways&filter_species=Homo+sapiens
PathBank,Transaldolase Deficiency,https://pathbank.org/search?q=Transaldolase%20Deficiency&searcher=pathways&filter_species=Homo+sapiens
PathBank,Transfer of Acetyl Groups into Mitochondria,https://pathbank.org/search?q=Transfer%20of%20Acetyl%20Groups%20into%20Mitochondria&searcher=pathways&filter_species=Homo+sapiens
PathBank,Trehalose Degradation,https://pathbank.org/search?q=Trehalose%20Degradation&searcher=pathways&filter_species=Homo+sapiens
PathBank,Triamterene Action Pathway,https://pathbank.org/search?q=Triamterene%20Action%20Pathway&searcher=pathways&filter_species=Homo+sapiens
PathBank,Trichlormethiazide Action Pathway,https://pathbank.org/search?q=Trichlormethiazide%20Action%20Pathway&searcher=pathways&filter_species=Homo+sapiens
PathBank,Trifunctional Protein Deficiency,https://pathbank.org/search?q=Trifunctional%20Protein%20Deficiency&searcher=pathways&filter_species=Homo+sapiens
PathBank,Triosephosphate Isomerase Deficiency,https://pathbank.org/search?q=Triosephosphate%20Isomerase%20Deficiency&searcher=pathways&filter_species=Homo+sapiens
PathBank,Tripelennamine H1-Antihistamine Action,https://pathbank.org/search?q=Tripelennamine%20H1-Antihistamine%20Action&searcher=pathways&filter_species=Homo+sapiens
PathBank,Triprolidine H1-Antihistamine Action,https://pathbank.org/search?q=Triprolidine%20H1-Antihistamine%20Action&searcher=pathways&filter_species=Homo+sapiens
PathBank,Trisalicylate-Choline Action Pathway,https://pathbank.org/search?q=Trisalicylate-Choline%20Action%20Pathway&searcher=pathways&filter_species=Homo+sapiens
PathBank,Tritoqualine H1-Antihistamine Action,https://pathbank.org/search?q=Tritoqualine%20H1-Antihistamine%20Action&searcher=pathways&filter_species=Homo+sapiens
PathBank,Tryptophan Metabolism,https://pathbank.org/search?q=Tryptophan%20Metabolism&searcher=pathways&filter_species=Homo+sapiens
PathBank,Tyrosine Hydroxylase Deficiency,https://pathbank.org/search?q=Tyrosine%20Hydroxylase%20Deficiency&searcher=pathways&filter_species=Homo+sapiens
PathBank,Tyrosine Metabolism,https://pathbank.org/search?q=Tyrosine%20Metabolism&searcher=pathways&filter_species=Homo+sapiens
PathBank,Tyrosinemia Type 2 (or Richner-Hanhart Syndrome),https://pathbank.org/search?q=Tyrosinemia%20Type%202%20%28or%20Richner-Hanhart%20Syndrome%29&searcher=pathways&filter_species=Homo+sapiens
PathBank,Tyrosinemia Type 3 (TYRO3),https://pathbank.org/search?q=Tyrosinemia%20Type%203%20%28TYRO3%29&searcher=pathways&filter_species=Homo+sapiens
PathBank,Tyrosinemia Type I,https://pathbank.org/search?q=Tyrosinemia%20Type%20I&searcher=pathways&filter_species=Homo+sapiens
PathBank,"Tyrosinemia, Transient, of the Newborn",https://pathbank.org/search?q=Tyrosinemia%2C%20Transient%2C%20of%20the%20Newborn&searcher=pathways&filter_species=Homo+sapiens
PathBank,UMP Synthase Deficiency (Orotic Aciduria),https://pathbank.org/search?q=UMP%20Synthase%20Deficiency%20%28Orotic%20Aciduria%29&searcher=pathways&filter_species=Homo+sapiens
PathBank,Ubiquinone Biosynthesis,https://pathbank.org/search?q=Ubiquinone%20Biosynthesis&searcher=pathways&filter_species=Homo+sapiens
PathBank,Ubiquitin-Proteasome Pathway,https://pathbank.org/search?q=Ubiquitin-Proteasome%20Pathway&searcher=pathways&filter_species=Homo+sapiens
PathBank,Urea Cycle,https://pathbank.org/search?q=Urea%20Cycle&searcher=pathways&filter_species=Homo+sapiens
PathBank,Urokinase Action Pathway,https://pathbank.org/search?q=Urokinase%20Action%20Pathway&searcher=pathways&filter_species=Homo+sapiens
PathBank,Valdecoxib Action Pathway,https://pathbank.org/search?q=Valdecoxib%20Action%20Pathway&searcher=pathways&filter_species=Homo+sapiens
PathBank,"Valine, Leucine, and Isoleucine Degradation",https://pathbank.org/search?q=Valine%2C%20Leucine%2C%20and%20Isoleucine%20Degradation&searcher=pathways&filter_species=Homo+sapiens
PathBank,Valproic Acid Metabolism Pathway,https://pathbank.org/search?q=Valproic%20Acid%20Metabolism%20Pathway&searcher=pathways&filter_species=Homo+sapiens
PathBank,Valsartan Action Pathway,https://pathbank.org/search?q=Valsartan%20Action%20Pathway&searcher=pathways&filter_species=Homo+sapiens
PathBank,Vasopressin Regulation of Water Homeostasis,https://pathbank.org/search?q=Vasopressin%20Regulation%20of%20Water%20Homeostasis&searcher=pathways&filter_species=Homo+sapiens
PathBank,Venlafaxine Metabolism Pathway,https://pathbank.org/search?q=Venlafaxine%20Metabolism%20Pathway&searcher=pathways&filter_species=Homo+sapiens
PathBank,Verapamil Action Pathway,https://pathbank.org/search?q=Verapamil%20Action%20Pathway&searcher=pathways&filter_species=Homo+sapiens
PathBank,Very-Long-Chain Acyl-CoA Dehydrogenase Deficiency (VLCAD),https://pathbank.org/search?q=Very-Long-Chain%20Acyl-CoA%20Dehydrogenase%20Deficiency%20%28VLCAD%29&searcher=pathways&filter_species=Homo+sapiens
PathBank,Vinblastine Action Pathway,https://pathbank.org/search?q=Vinblastine%20Action%20Pathway&searcher=pathways&filter_species=Homo+sapiens
PathBank,Vincristine Action Pathway,https://pathbank.org/search?q=Vincristine%20Action%20Pathway&searcher=pathways&filter_species=Homo+sapiens
PathBank,Vindesine Action Pathway,https://pathbank.org/search?q=Vindesine%20Action%20Pathway&searcher=pathways&filter_species=Homo+sapiens
PathBank,Vinorelbine Action Pathway,https://pathbank.org/search?q=Vinorelbine%20Action%20Pathway&searcher=pathways&filter_species=Homo+sapiens
PathBank,Vitamin A Deficiency,https://pathbank.org/search?q=Vitamin%20A%20Deficiency&searcher=pathways&filter_species=Homo+sapiens
PathBank,Vitamin B6 Metabolism,https://pathbank.org/search?q=Vitamin%20B6%20Metabolism&searcher=pathways&filter_species=Homo+sapiens
PathBank,Vitamin K Metabolism,https://pathbank.org/search?q=Vitamin%20K%20Metabolism&searcher=pathways&filter_species=Homo+sapiens
PathBank,Warburg Effect,https://pathbank.org/search?q=Warburg%20Effect&searcher=pathways&filter_species=Homo+sapiens
PathBank,Warfarin Action Pathway,https://pathbank.org/search?q=Warfarin%20Action%20Pathway&searcher=pathways&filter_species=Homo+sapiens
PathBank,Wolman Disease,https://pathbank.org/search?q=Wolman%20Disease&searcher=pathways&filter_species=Homo+sapiens
PathBank,Xanthine Dehydrogenase Deficiency (Xanthinuria),https://pathbank.org/search?q=Xanthine%20Dehydrogenase%20Deficiency%20%28Xanthinuria%29&searcher=pathways&filter_species=Homo+sapiens
PathBank,Xanthinuria Type I,https://pathbank.org/search?q=Xanthinuria%20Type%20I&searcher=pathways&filter_species=Homo+sapiens
PathBank,Xanthinuria Type II,https://pathbank.org/search?q=Xanthinuria%20Type%20II&searcher=pathways&filter_species=Homo+sapiens
PathBank,Ximelagatran Action Pathway,https://pathbank.org/search?q=Ximelagatran%20Action%20Pathway&searcher=pathways&filter_species=Homo+sapiens
PathBank,Zellweger Syndrome,https://pathbank.org/search?q=Zellweger%20Syndrome&searcher=pathways&filter_species=Homo+sapiens
PathBank,Zoledronate Action Pathway,https://pathbank.org/search?q=Zoledronate%20Action%20Pathway&searcher=pathways&filter_species=Homo+sapiens
PathBank,beta-Alanine Metabolism,https://pathbank.org/search?q=beta-Alanine%20Metabolism&searcher=pathways&filter_species=Homo+sapiens
PathBank,beta-Ketothiolase Deficiency,https://pathbank.org/search?q=beta-Ketothiolase%20Deficiency&searcher=pathways&filter_species=Homo+sapiens
PathBank,beta-Mercaptolactate-Cysteine Disulfiduria,https://pathbank.org/search?q=beta-Mercaptolactate-Cysteine%20Disulfiduria&searcher=pathways&filter_species=Homo+sapiens
PathBank,beta-Ureidopropionase Deficiency,https://pathbank.org/search?q=beta-Ureidopropionase%20Deficiency&searcher=pathways&filter_species=Homo+sapiens
PathBank,g-Secretase Mediated ErbB4 Signalling Pathway,https://pathbank.org/search?q=g-Secretase%20Mediated%20ErbB4%20Signalling%20Pathway&searcher=pathways&filter_species=Homo+sapiens
PathBank,gamma-Cystathionase Deficiency (CTH),https://pathbank.org/search?q=gamma-Cystathionase%20Deficiency%20%28CTH%29&searcher=pathways&filter_species=Homo+sapiens
PathBank,gamma-Glutamyltransferase Deficiency,https://pathbank.org/search?q=gamma-Glutamyltransferase%20Deficiency&searcher=pathways&filter_species=Homo+sapiens
PathBank,gamma-Glutamyltranspeptidase Deficiency,https://pathbank.org/search?q=gamma-Glutamyltranspeptidase%20Deficiency&searcher=pathways&filter_species=Homo+sapiens
PathBank,p53 Signaling Pathway,https://pathbank.org/search?q=p53%20Signaling%20Pathway&searcher=pathways&filter_species=Homo+sapiens
PharmGKB,ACE_Inhibitor_Pathway_Pharmacodynamics,https://www.pharmgkb.org/search?query=ACE%20Inhibitor%20Pathway%20Pharmacodynamics&contentTypes=pathway
PharmGKB,Abacavir_Pathway_Pharmacokinetics_Pharmacodynamics,https://www.pharmgkb.org/search?query=Abacavir%20Pathway%20Pharmacokinetics%20Pharmacodynamics&contentTypes=pathway
PharmGKB,Acetaminophen_Pathway_therapeutic_doses_Pharmacokinetics,https://www.pharmgkb.org/search?query=Acetaminophen%20Pathway%20therapeutic%20doses%20Pharmacokinetics&contentTypes=pathway
PharmGKB,Acetaminophen_Pathway_toxic_doses_Pharmacokinetics,https://www.pharmgkb.org/search?query=Acetaminophen%20Pathway%20toxic%20doses%20Pharmacokinetics&contentTypes=pathway
PharmGKB,Agents_Acting_on_the_Renin_Angiotensin_System_Pathway_Pharmacodynamics,https://www.pharmgkb.org/search?query=Agents%20Acting%20on%20the%20Renin%20Angiotensin%20System%20Pathway%20Pharmacodynamics&contentTypes=pathway
PharmGKB,Allopurinol_Pathway_Pharmacokinetics,https://www.pharmgkb.org/search?query=Allopurinol%20Pathway%20Pharmacokinetics&contentTypes=pathway
PharmGKB,Amodiaquine_Pathway_Pharmacokinetics,https://www.pharmgkb.org/search?query=Amodiaquine%20Pathway%20Pharmacokinetics&contentTypes=pathway
PharmGKB,Anti_diabetic_Drug_Nateglinide_Pathway_Pharmacokinetics,https://www.pharmgkb.org/search?query=Anti%20diabetic%20Drug%20Nateglinide%20Pathway%20Pharmacokinetics&contentTypes=pathway
PharmGKB,Anti_diabetic_Drug_Potassium_Channel_Inhibitors_Pathway_Pharmacodynamics,https://www.pharmgkb.org/search?query=Anti%20diabetic%20Drug%20Potassium%20Channel%20Inhibitors%20Pathway%20Pharmacodynamics&contentTypes=pathway
PharmGKB,Anti_diabetic_Drug_Repaglinide_Pathway_Pharmacokinetics,https://www.pharmgkb.org/search?query=Anti%20diabetic%20Drug%20Repaglinide%20Pathway%20Pharmacokinetics&contentTypes=pathway
PharmGKB,Antimetabolite_Pathway_Folate_Cycle_Pharmacodynamics,https://www.pharmgkb.org/search?query=Antimetabolite%20Pathway%20Folate%20Cycle%20Pharmacodynamics&contentTypes=pathway
PharmGKB,Antipsychotics_Pathway_Metabolic_Side_Effects_Pharmacodynamics,https://www.pharmgkb.org/search?query=Antipsychotics%20Pathway%20Metabolic%20Side%20Effects%20Pharmacodynamics&contentTypes=pathway
PharmGKB,Aripiprazole_Pathway_Pharmacokinetics,https://www.pharmgkb.org/search?query=Aripiprazole%20Pathway%20Pharmacokinetics&contentTypes=pathway
PharmGKB,Aromatase_Inhibitor_Pathway_Breast_Cell_Pharmacodynamics,https://www.pharmgkb.org/search?query=Aromatase%20Inhibitor%20Pathway%20Breast%20Cell%20Pharmacodynamics&contentTypes=pathway
PharmGKB,Aromatase_Inhibitor_Pathway_Multiple_Tissues_Pharmacodynamics,https://www.pharmgkb.org/search?query=Aromatase%20Inhibitor%20Pathway%20Multiple%20Tissues%20Pharmacodynamics&contentTypes=pathway
PharmGKB,Artemisinin_and_Derivatives_Pathway_Pharmacokinetics,https://www.pharmgkb.org/search?query=Artemisinin%20and%20Derivatives%20Pathway%20Pharmacokinetics&contentTypes=pathway
PharmGKB,Atenolol_Pathway_Pharmacokinetics,https://www.pharmgkb.org/search?query=Atenolol%20Pathway%20Pharmacokinetics&contentTypes=pathway
PharmGKB,Benzodiazepine_Pathway_Pharmacodynamics,https://www.pharmgkb.org/search?query=Benzodiazepine%20Pathway%20Pharmacodynamics&contentTypes=pathway
PharmGKB,Benzodiazepine_Pathway_Pharmacokinetics,https://www.pharmgkb.org/search?query=Benzodiazepine%20Pathway%20Pharmacokinetics&contentTypes=pathway
PharmGKB,Beta_agonist_Beta_blocker_Pathway_Pharmacodynamics,https://www.pharmgkb.org/search?query=Beta%20agonist%20Beta%20blocker%20Pathway%20Pharmacodynamics&contentTypes=pathway
PharmGKB,Bisphosphonate_Pathway_Pharmacodynamics,https://www.pharmgkb.org/search?query=Bisphosphonate%20Pathway%20Pharmacodynamics&contentTypes=pathway
PharmGKB,Bosutinib_Pathway_Pharmacokinetics_Pharmacodynamics,https://www.pharmgkb.org/search?query=Bosutinib%20Pathway%20Pharmacokinetics%20Pharmacodynamics&contentTypes=pathway
PharmGKB,Busulfan_Pathway_Pharmacodynamics,https://www.pharmgkb.org/search?query=Busulfan%20Pathway%20Pharmacodynamics&contentTypes=pathway
PharmGKB,Cannabidiol_Pathway_Pharmacokinetics,https://www.pharmgkb.org/search?query=Cannabidiol%20Pathway%20Pharmacokinetics&contentTypes=pathway
PharmGKB,Carbamazepine_Pathway_Pharmacokinetics,https://www.pharmgkb.org/search?query=Carbamazepine%20Pathway%20Pharmacokinetics&contentTypes=pathway
PharmGKB,Celecoxib_Pathway_Pharmacodynamics,https://www.pharmgkb.org/search?query=Celecoxib%20Pathway%20Pharmacodynamics&contentTypes=pathway
PharmGKB,Celecoxib_Pathway_Pharmacokinetics,https://www.pharmgkb.org/search?query=Celecoxib%20Pathway%20Pharmacokinetics&contentTypes=pathway
PharmGKB,Clomipramine_Pathway_Pharmacokinetics,https://www.pharmgkb.org/search?query=Clomipramine%20Pathway%20Pharmacokinetics&contentTypes=pathway
PharmGKB,Crizotinib_Pathway_Pharmacokinetics_Pharmacodynamics,https://www.pharmgkb.org/search?query=Crizotinib%20Pathway%20Pharmacokinetics%20Pharmacodynamics&contentTypes=pathway
PharmGKB,Dasatinib_Pathway_Pharmacokinetics,https://www.pharmgkb.org/search?query=Dasatinib%20Pathway%20Pharmacokinetics&contentTypes=pathway
PharmGKB,Diuretics_Pathway_Pharmacodynamics,https://www.pharmgkb.org/search?query=Diuretics%20Pathway%20Pharmacodynamics&contentTypes=pathway
PharmGKB,Doxepin_Pathway_Pharmacokinetics,https://www.pharmgkb.org/search?query=Doxepin%20Pathway%20Pharmacokinetics&contentTypes=pathway
PharmGKB,Doxorubicin_Pathway_Cancer_Cell_Pharmacodynamics,https://www.pharmgkb.org/search?query=Doxorubicin%20Pathway%20Cancer%20Cell%20Pharmacodynamics&contentTypes=pathway
PharmGKB,Doxorubicin_Pathway_Cardiomyocyte_Cell_Pharmacodynamics,https://www.pharmgkb.org/search?query=Doxorubicin%20Pathway%20Cardiomyocyte%20Cell%20Pharmacodynamics&contentTypes=pathway
PharmGKB,Doxorubicin_Pathway_Pharmacokinetics,https://www.pharmgkb.org/search?query=Doxorubicin%20Pathway%20Pharmacokinetics&contentTypes=pathway
PharmGKB,EGFR_Inhibitor_Pathway_Pharmacodynamics,https://www.pharmgkb.org/search?query=EGFR%20Inhibitor%20Pathway%20Pharmacodynamics&contentTypes=pathway
PharmGKB,Efavirenz_Pathway_Pharmacokinetics,https://www.pharmgkb.org/search?query=Efavirenz%20Pathway%20Pharmacokinetics&contentTypes=pathway
PharmGKB,Erlotinib_Pathway_Pharmacokinetics,https://www.pharmgkb.org/search?query=Erlotinib%20Pathway%20Pharmacokinetics&contentTypes=pathway
PharmGKB,Estrogen_Metabolism_Pathway,https://www.pharmgkb.org/search?query=Estrogen%20Metabolism%20Pathway&contentTypes=pathway
PharmGKB,Etoposide_Pathway_Pharmacokinetics_Pharmacodynamics,https://www.pharmgkb.org/search?query=Etoposide%20Pathway%20Pharmacokinetics%20Pharmacodynamics&contentTypes=pathway
PharmGKB,Fluoropyrimidine_Pathway_Pharmacodynamics,https://www.pharmgkb.org/search?query=Fluoropyrimidine%20Pathway%20Pharmacodynamics&contentTypes=pathway
PharmGKB,Fluoxetine_Pathway_Pharmacokinetics,https://www.pharmgkb.org/search?query=Fluoxetine%20Pathway%20Pharmacokinetics&contentTypes=pathway
PharmGKB,Fluvoxamine_Pathway_Pharmacokinetics,https://www.pharmgkb.org/search?query=Fluvoxamine%20Pathway%20Pharmacokinetics&contentTypes=pathway
PharmGKB,Gefitinib_Pathway_Pharmacokinetics,https://www.pharmgkb.org/search?query=Gefitinib%20Pathway%20Pharmacokinetics&contentTypes=pathway
PharmGKB,Gemcitabine_Pathway_Pharmacokinetics_Pharmacodynamics,https://www.pharmgkb.org/search?query=Gemcitabine%20Pathway%20Pharmacokinetics%20Pharmacodynamics&contentTypes=pathway
PharmGKB,Gemtuzumab_ozogamicin_Pathway_Pharmacokinetics_Pharmacodynamics,https://www.pharmgkb.org/search?query=Gemtuzumab%20ozogamicin%20Pathway%20Pharmacokinetics%20Pharmacodynamics&contentTypes=pathway
PharmGKB,Glucocorticoid_Pathway_HPA_Axis_Pharmacodynamics,https://www.pharmgkb.org/search?query=Glucocorticoid%20Pathway%20HPA%20Axis%20Pharmacodynamics&contentTypes=pathway
PharmGKB,Haloperidol_Pathway_Pharmacokinetics,https://www.pharmgkb.org/search?query=Haloperidol%20Pathway%20Pharmacokinetics&contentTypes=pathway
PharmGKB,Heparin_induced_Thrombocytopenia_Pathway_Adverse_Drug_Reaction,https://www.pharmgkb.org/search?query=Heparin%20induced%20Thrombocytopenia%20Pathway%20Adverse%20Drug%20Reaction&contentTypes=pathway
PharmGKB,Ibuprofen_Pathway_Pharmacodynamics,https://www.pharmgkb.org/search?query=Ibuprofen%20Pathway%20Pharmacodynamics&contentTypes=pathway
PharmGKB,Ibuprofen_Pathway_Pharmacokinetics,https://www.pharmgkb.org/search?query=Ibuprofen%20Pathway%20Pharmacokinetics&contentTypes=pathway
PharmGKB,Ifosfamide_Pathway_Pharmacodynamics,https://www.pharmgkb.org/search?query=Ifosfamide%20Pathway%20Pharmacodynamics&contentTypes=pathway
PharmGKB,Imipramine_Desipramine_Pathway_Pharmacokinetics,https://www.pharmgkb.org/search?query=Imipramine%20Desipramine%20Pathway%20Pharmacokinetics&contentTypes=pathway
PharmGKB,In_Progress_Dipyrone_Pathway_Pharmacokinetics_Pharmacodynamics,https://www.pharmgkb.org/search?query=In%20Progress%20Dipyrone%20Pathway%20Pharmacokinetics%20Pharmacodynamics&contentTypes=pathway
PharmGKB,In_Progress_Disulfiram_Pathway_Pharmacodynamics_Cocaine_and_Ethanol_PK,https://www.pharmgkb.org/search?query=In%20Progress%20Disulfiram%20Pathway%20Pharmacodynamics%20Cocaine%20and%20Ethanol%20PK&contentTypes=pathway
PharmGKB,In_Progress_Mitotane_Pathway_Pharmacokinetics_Pharmacodynamics,https://www.pharmgkb.org/search?query=In%20Progress%20Mitotane%20Pathway%20Pharmacokinetics%20Pharmacodynamics&contentTypes=pathway
PharmGKB,In_Progress_Regorafenib_Pathway_Pharmacodynamics,https://www.pharmgkb.org/search?query=In%20Progress%20Regorafenib%20Pathway%20Pharmacodynamics&contentTypes=pathway
PharmGKB,Irinotecan_Pathway_Pharmacodynamics,https://www.pharmgkb.org/search?query=Irinotecan%20Pathway%20Pharmacodynamics&contentTypes=pathway
PharmGKB,Ivacaftor_pathway_pharmacokinetics_pharmacodynamics,https://www.pharmgkb.org/search?query=Ivacaftor%20pathway%20pharmacokinetics%20pharmacodynamics&contentTypes=pathway
PharmGKB,Lamivudine_Pathway_Pharmacokinetics_Pharmacodynamics,https://www.pharmgkb.org/search?query=Lamivudine%20Pathway%20Pharmacokinetics%20Pharmacodynamics&contentTypes=pathway
PharmGKB,Lamotrigine_Pathway_Pharmacokinetics_and_Pharmacodynamics,https://www.pharmgkb.org/search?query=Lamotrigine%20Pathway%20Pharmacokinetics%20and%20Pharmacodynamics&contentTypes=pathway
PharmGKB,Leukotriene_modifiers_pathway_Pharmacodynamics,https://www.pharmgkb.org/search?query=Leukotriene%20modifiers%20pathway%20Pharmacodynamics&contentTypes=pathway
PharmGKB,Losartan_Pathway_Pharmacokinetics,https://www.pharmgkb.org/search?query=Losartan%20Pathway%20Pharmacokinetics&contentTypes=pathway
PharmGKB,Macrolide_Antibiotic_Pathway_Pharmacokinetics_Pharmacodynamics,https://www.pharmgkb.org/search?query=Macrolide%20Antibiotic%20Pathway%20Pharmacokinetics%20Pharmacodynamics&contentTypes=pathway
PharmGKB,Metformin_Pathway_Pharmacodynamics,https://www.pharmgkb.org/search?query=Metformin%20Pathway%20Pharmacodynamics&contentTypes=pathway
PharmGKB,Metformin_Pathway_Pharmacokinetics,https://www.pharmgkb.org/search?query=Metformin%20Pathway%20Pharmacokinetics&contentTypes=pathway
PharmGKB,Methadone_Pathway_Pharmacokinetics,https://www.pharmgkb.org/search?query=Methadone%20Pathway%20Pharmacokinetics&contentTypes=pathway
PharmGKB,Methotrexate_Pathway_Cancer_Cell_Pharmacodynamics_and_Pharmacokinetics,https://www.pharmgkb.org/search?query=Methotrexate%20Pathway%20Cancer%20Cell%20Pharmacodynamics%20and%20Pharmacokinetics&contentTypes=pathway
PharmGKB,Methotrexate_Pathway_Pharmacokinetics,https://www.pharmgkb.org/search?query=Methotrexate%20Pathway%20Pharmacokinetics&contentTypes=pathway
PharmGKB,Methylene_Blue_Pathway_Pharmacodynamics,https://www.pharmgkb.org/search?query=Methylene%20Blue%20Pathway%20Pharmacodynamics&contentTypes=pathway
PharmGKB,Methylphenidate_Pathway_Pharmacodynamics,https://www.pharmgkb.org/search?query=Methylphenidate%20Pathway%20Pharmacodynamics&contentTypes=pathway
PharmGKB,Mycophenolic_acid_Pathway_Pharmacokinetics_Pharmacodynamics,https://www.pharmgkb.org/search?query=Mycophenolic%20acid%20Pathway%20Pharmacokinetics%20Pharmacodynamics&contentTypes=pathway
PharmGKB,Nevirapine_Pathway_Pharmacokinetics,https://www.pharmgkb.org/search?query=Nevirapine%20Pathway%20Pharmacokinetics&contentTypes=pathway
PharmGKB,Nicotine_Pathway_Chromaffin_Cell_Pharmacodynamics,https://www.pharmgkb.org/search?query=Nicotine%20Pathway%20Chromaffin%20Cell%20Pharmacodynamics&contentTypes=pathway
PharmGKB,Nicotine_Pathway_Dopaminergic_Neuron_Pharmacodynamics,https://www.pharmgkb.org/search?query=Nicotine%20Pathway%20Dopaminergic%20Neuron%20Pharmacodynamics&contentTypes=pathway
PharmGKB,Nilotinib_Pathway_Pharmacokinetics_Pharmacodynamics,https://www.pharmgkb.org/search?query=Nilotinib%20Pathway%20Pharmacokinetics%20Pharmacodynamics&contentTypes=pathway
PharmGKB,Oxidative_Stress_Regulatory_Pathway_Erythrocyte,https://www.pharmgkb.org/search?query=Oxidative%20Stress%20Regulatory%20Pathway%20Erythrocyte&contentTypes=pathway
PharmGKB,Paroxetine_Pathway_Pharmacokinetics,https://www.pharmgkb.org/search?query=Paroxetine%20Pathway%20Pharmacokinetics&contentTypes=pathway
PharmGKB,Pazopanib_Pathway_Pharmacokinetics,https://www.pharmgkb.org/search?query=Pazopanib%20Pathway%20Pharmacokinetics&contentTypes=pathway
PharmGKB,Peginterferon_alpha_2a_Peginterferon_alpha_2b_Pathway_Hepatocyte_Pharmacodynamics,https://www.pharmgkb.org/search?query=Peginterferon%20alpha%202a%20Peginterferon%20alpha%202b%20Pathway%20Hepatocyte%20Pharmacodynamics&contentTypes=pathway
PharmGKB,Platelet_Aggregation_Inhibitor_Pathway_Pharmacodynamics,https://www.pharmgkb.org/search?query=Platelet%20Aggregation%20Inhibitor%20Pathway%20Pharmacodynamics&contentTypes=pathway
PharmGKB,Platinum_Pathway_Pharmacokinetics_Pharmacodynamics,https://www.pharmgkb.org/search?query=Platinum%20Pathway%20Pharmacokinetics%20Pharmacodynamics&contentTypes=pathway
PharmGKB,Proton_Pump_Inhibitor_Pathway_Pharmacodynamics,https://www.pharmgkb.org/search?query=Proton%20Pump%20Inhibitor%20Pathway%20Pharmacodynamics&contentTypes=pathway
PharmGKB,Reactome_PharmGKB_collaboration_Prednisone_and_Prednisolone_Pathway_Pharmacokinetics,https://www.pharmgkb.org/search?query=Reactome%20PharmGKB%20collaboration%20Prednisone%20and%20Prednisolone%20Pathway%20Pharmacokinetics&contentTypes=pathway
PharmGKB,Rosiglitazone_Pathway_Pharmacokinetics,https://www.pharmgkb.org/search?query=Rosiglitazone%20Pathway%20Pharmacokinetics&contentTypes=pathway
PharmGKB,Selective_Serotonin_Reuptake_Inhibitor_Pathway_Pharmacodynamics,https://www.pharmgkb.org/search?query=Selective%20Serotonin%20Reuptake%20Inhibitor%20Pathway%20Pharmacodynamics&contentTypes=pathway
PharmGKB,Siponimod_Pathway_Pharmacokinetics_Pharmacodynamics,https://www.pharmgkb.org/search?query=Siponimod%20Pathway%20Pharmacokinetics%20Pharmacodynamics&contentTypes=pathway
PharmGKB,Sirolimus_Pathway_Pharmacokinetics_Pharmacodynamics,https://www.pharmgkb.org/search?query=Sirolimus%20Pathway%20Pharmacokinetics%20Pharmacodynamics&contentTypes=pathway
PharmGKB,Sorafenib_Pharmacodynamics,https://www.pharmgkb.org/search?query=Sorafenib%20Pharmacodynamics&contentTypes=pathway
PharmGKB,Sorafenib_Pharmacokinetics,https://www.pharmgkb.org/search?query=Sorafenib%20Pharmacokinetics&contentTypes=pathway
PharmGKB,Statin_Pathway_Generalized_Pharmacokinetics,https://www.pharmgkb.org/search?query=Statin%20Pathway%20Generalized%20Pharmacokinetics&contentTypes=pathway
PharmGKB,Statin_Pathway_Pharmacodynamics,https://www.pharmgkb.org/search?query=Statin%20Pathway%20Pharmacodynamics&contentTypes=pathway
PharmGKB,Succinylcholine_Pathway_Pharmacokinetics_Pharmacodynamics,https://www.pharmgkb.org/search?query=Succinylcholine%20Pathway%20Pharmacokinetics%20Pharmacodynamics&contentTypes=pathway
PharmGKB,Sunitinib_Pathway_Pharmacokinetics_Pharmacodynamics,https://www.pharmgkb.org/search?query=Sunitinib%20Pathway%20Pharmacokinetics%20Pharmacodynamics&contentTypes=pathway
PharmGKB,Sympathetic_Nerve_Pathway_Neuroeffector_Junction,https://www.pharmgkb.org/search?query=Sympathetic%20Nerve%20Pathway%20Neuroeffector%20Junction&contentTypes=pathway
PharmGKB,Sympathetic_Nerve_Pathway_Pre_and_Post_Ganglionic_Junction,https://www.pharmgkb.org/search?query=Sympathetic%20Nerve%20Pathway%20Pre%20and%20Post%20Ganglionic%20Junction&contentTypes=pathway
PharmGKB,Tacrolimus_Cyclosporine_Pathway_Pharmacodynamics,https://www.pharmgkb.org/search?query=Tacrolimus%20Cyclosporine%20Pathway%20Pharmacodynamics&contentTypes=pathway
PharmGKB,Tacrolimus_Cyclosporine_Pathway_Pharmacokinetics,https://www.pharmgkb.org/search?query=Tacrolimus%20Cyclosporine%20Pathway%20Pharmacokinetics&contentTypes=pathway
PharmGKB,Tamoxifen_Pathway_Pharmacokinetics,https://www.pharmgkb.org/search?query=Tamoxifen%20Pathway%20Pharmacokinetics&contentTypes=pathway
PharmGKB,Taxane_Pathway_Pharmacokinetics,https://www.pharmgkb.org/search?query=Taxane%20Pathway%20Pharmacokinetics&contentTypes=pathway
PharmGKB,Tenofovir_Adefovir_Pathway_Pharmacokinetics,https://www.pharmgkb.org/search?query=Tenofovir%20Adefovir%20Pathway%20Pharmacokinetics&contentTypes=pathway
PharmGKB,Thiopurine_Pathway_Pharmacokinetics_Pharmacodynamics,https://www.pharmgkb.org/search?query=Thiopurine%20Pathway%20Pharmacokinetics%20Pharmacodynamics&contentTypes=pathway
PharmGKB,Tramadol_Pharmacokinetics,https://www.pharmgkb.org/search?query=Tramadol%20Pharmacokinetics&contentTypes=pathway
PharmGKB,Uric_Acid_Lowering_Drugs_Pathway_Pharmacodynamics,https://www.pharmgkb.org/search?query=Uric%20Acid%20Lowering%20Drugs%20Pathway%20Pharmacodynamics&contentTypes=pathway
PharmGKB,Uricosurics_Pathway_Pharmacodynamics,https://www.pharmgkb.org/search?query=Uricosurics%20Pathway%20Pharmacodynamics&contentTypes=pathway
PharmGKB,VEGF_Signaling_Pathway,https://www.pharmgkb.org/search?query=VEGF%20Signaling%20Pathway&contentTypes=pathway
PharmGKB,Valproic_Acid_Pathway_Pharmacodynamics,https://www.pharmgkb.org/search?query=Valproic%20Acid%20Pathway%20Pharmacodynamics&contentTypes=pathway
PharmGKB,Vemurafenib_Pathway_Pharmacodynamics,https://www.pharmgkb.org/search?query=Vemurafenib%20Pathway%20Pharmacodynamics&contentTypes=pathway
PharmGKB,Venlafaxine_Pathway_Pharmacokinetics,https://www.pharmgkb.org/search?query=Venlafaxine%20Pathway%20Pharmacokinetics&contentTypes=pathway
PharmGKB,Verapamil_Pathway_Pharmacokinetics,https://www.pharmgkb.org/search?query=Verapamil%20Pathway%20Pharmacokinetics&contentTypes=pathway
PharmGKB,Vinka_Alkaloid_Pathway_Pharmacokinetics,https://www.pharmgkb.org/search?query=Vinka%20Alkaloid%20Pathway%20Pharmacokinetics&contentTypes=pathway
PharmGKB,Warfarin_Pathway_Pharmacodynamics,https://www.pharmgkb.org/search?query=Warfarin%20Pathway%20Pharmacodynamics&contentTypes=pathway
PharmGKB,Zidovudine_Pathway_Pharmacokinetics_Pharmacodynamics,https://www.pharmgkb.org/search?query=Zidovudine%20Pathway%20Pharmacokinetics%20Pharmacodynamics&contentTypes=pathway
REACTOME,2-LTR circle formation,https://reactome.org/PathwayBrowser/#/R-HSA-73762
REACTOME,5-Phosphoribose 1-diphosphate biosynthesis,https://reactome.org/PathwayBrowser/#/R-HSA-5602566
REACTOME,A tetrasaccharide linker sequence is required for GAG synthesis,https://reactome.org/PathwayBrowser/#/R-HSA-112040
REACTOME,ABC transporter disorders,https://reactome.org/PathwayBrowser/#/R-HSA-9020265
REACTOME,ABC transporters in lipid homeostasis,https://reactome.org/PathwayBrowser/#/R-HSA-3232118
REACTOME,ABC-family proteins mediated transport,https://reactome.org/PathwayBrowser/#/R-HSA-3858494
REACTOME,ABO blood group biosynthesis,https://reactome.org/PathwayBrowser/#/R-HSA-174430
REACTOME,ADORA2B mediated anti-inflammatory cytokines production,https://reactome.org/PathwayBrowser/#/R-HSA-3656237
REACTOME,ADP signalling through P2Y purinoceptor 1,https://reactome.org/PathwayBrowser/#/R-HSA-198933
REACTOME,ADP signalling through P2Y purinoceptor 12,https://reactome.org/PathwayBrowser/#/R-HSA-3359463
REACTOME,AKT phosphorylates targets in the cytosol,https://reactome.org/PathwayBrowser/#/R-HSA-8875878
REACTOME,AKT phosphorylates targets in the nucleus,https://reactome.org/PathwayBrowser/#/R-HSA-5083627
REACTOME,AKT-mediated inactivation of FOXO1A,https://reactome.org/PathwayBrowser/#/R-HSA-166020
REACTOME,ALK mutants bind TKIs,https://reactome.org/PathwayBrowser/#/R-HSA-9630750
REACTOME,ALKBH3 mediated reversal of alkylation damage,https://reactome.org/PathwayBrowser/#/R-HSA-6793080
REACTOME,AMPK inhibits chREBP transcriptional activation activity,https://reactome.org/PathwayBrowser/#/R-HSA-2980736
REACTOME,APC truncation mutants have impaired AXIN binding,https://reactome.org/PathwayBrowser/#/R-HSA-6806667
REACTOME,APC-Cdc20 mediated degradation of Nek2A,https://reactome.org/PathwayBrowser/#/R-HSA-1660662
REACTOME,APC/C-mediated degradation of cell cycle proteins,https://reactome.org/PathwayBrowser/#/R-HSA-422475
REACTOME,APC/C:Cdc20 mediated degradation of Cyclin B,https://reactome.org/PathwayBrowser/#/R-HSA-70171
REACTOME,APC/C:Cdc20 mediated degradation of Securin,https://reactome.org/PathwayBrowser/#/R-HSA-193634
REACTOME,APC/C:Cdc20 mediated degradation of mitotic proteins,https://reactome.org/PathwayBrowser/#/R-HSA-5620922
REACTOME,APC/C:Cdh1 mediated degradation of Cdc20 and other APC/C:Cdh1 targeted proteins in late mitosis/early G1,https://reactome.org/PathwayBrowser/#/R-HSA-209563
REACTOME,APC:Cdc20 mediated degradation of cell cycle proteins prior to satisfation of the cell cycle checkpoint,https://reactome.org/PathwayBrowser/#/R-HSA-111453
REACTOME,APEX1-Independent Resolution of AP Sites via the Single Nucleotide Replacement Pathway,https://reactome.org/PathwayBrowser/#/R-HSA-373752
REACTOME,APOBEC3G mediated resistance to HIV-1 infection,https://reactome.org/PathwayBrowser/#/R-HSA-674695
REACTOME,ARL13B-mediated ciliary trafficking of INPP5E,https://reactome.org/content/query?q=ARL13B-mediated%20ciliary%20trafficking%20of%20INPP5E&types=Pathway
REACTOME,ARMS-mediated activation,https://reactome.org/PathwayBrowser/#/R-HSA-180336
REACTOME,ATF4 activates genes in response to endoplasmic reticulum stress,https://reactome.org/PathwayBrowser/#/R-HSA-5658442
REACTOME,ATF6 (ATF6-alpha) activates chaperone genes,https://reactome.org/PathwayBrowser/#/R-HSA-446219
REACTOME,ATF6 (ATF6-alpha) activates chaperones,https://reactome.org/PathwayBrowser/#/R-HSA-163358
REACTOME,ATP sensitive Potassium channels,https://reactome.org/PathwayBrowser/#/R-HSA-74259
REACTOME,AUF1 (hnRNP D0) binds and destabilizes mRNA,https://reactome.org/PathwayBrowser/#/R-HSA-194068
REACTOME,AURKA Activation by TPX2,https://reactome.org/PathwayBrowser/#/R-HSA-5678420
REACTOME,AXIN missense mutants destabilize the destruction complex,https://reactome.org/PathwayBrowser/#/R-HSA-196757
REACTOME,Abacavir ADME,https://reactome.org/PathwayBrowser/#/R-HSA-1237112
REACTOME,Abacavir metabolism,https://reactome.org/PathwayBrowser/#/R-HSA-5340588
REACTOME,Abacavir transmembrane transport,https://reactome.org/PathwayBrowser/#/R-HSA-5661231
REACTOME,Abasic sugar-phosphate removal via the single-nucleotide replacement pathway,https://reactome.org/PathwayBrowser/#/R-HSA-9753510
REACTOME,Aberrant regulation of mitotic G1/S transition in cancer due to RB1 defects,https://reactome.org/PathwayBrowser/#/R-HSA-174403
REACTOME,Aberrant regulation of mitotic cell cycle due to RB1 defects,https://reactome.org/PathwayBrowser/#/R-HSA-6783984
REACTOME,Aberrant regulation of mitotic exit in cancer due to RB1 defects,https://reactome.org/PathwayBrowser/#/R-HSA-162658
REACTOME,Abortive elongation of HIV-1 transcript in the absence of Tat,https://reactome.org/PathwayBrowser/#/R-HSA-168275
REACTOME,Acetylation,https://reactome.org/PathwayBrowser/#/R-HSA-381771
REACTOME,Acetylcholine Neurotransmitter Release Cycle,https://reactome.org/PathwayBrowser/#/R-HSA-8985947
REACTOME,Acetylcholine binding and downstream events,https://reactome.org/PathwayBrowser/#/R-HSA-2408522
REACTOME,Acetylcholine inhibits contraction of outer hair cells,https://reactome.org/PathwayBrowser/#/R-HSA-450302
REACTOME,Acetylcholine regulates insulin secretion,https://reactome.org/PathwayBrowser/#/R-HSA-191650
REACTOME,Acrosome Reaction and Sperm:Oocyte Membrane Binding,https://reactome.org/PathwayBrowser/#/R-HSA-193775
REACTOME,Activated NOTCH1 Transmits Signal to the Nucleus,https://reactome.org/PathwayBrowser/#/R-HSA-5633231
REACTOME,Activated NTRK2 signals through CDK5,https://reactome.org/PathwayBrowser/#/R-HSA-399719
REACTOME,Activated NTRK2 signals through FRS2 and FRS3,https://reactome.org/PathwayBrowser/#/R-HSA-9753281
REACTOME,Activated NTRK2 signals through FYN,https://reactome.org/PathwayBrowser/#/R-HSA-2644603
REACTOME,Activated NTRK2 signals through PI3K,https://reactome.org/PathwayBrowser/#/R-HSA-1679131
REACTOME,Activated NTRK2 signals through PLCG1,https://reactome.org/PathwayBrowser/#/R-HSA-844456
REACTOME,Activated NTRK2 signals through RAS,https://reactome.org/PathwayBrowser/#/R-HSA-9678108
REACTOME,Activated NTRK3 signals through PI3K,https://reactome.org/PathwayBrowser/#/R-HSA-5669034
REACTOME,Activated NTRK3 signals through PLCG1,https://reactome.org/PathwayBrowser/#/R-HSA-1663150
REACTOME,Activated NTRK3 signals through RAS,https://reactome.org/PathwayBrowser/#/R-HSA-9735869
REACTOME,Activated PKN1 stimulates transcription of AR (androgen receptor) regulated genes KLK2 and KLK3,https://reactome.org/PathwayBrowser/#/R-HSA-156711
REACTOME,Activated point mutants of FGFR2,https://reactome.org/PathwayBrowser/#/R-HSA-167590
REACTOME,Activation and oligomerization of BAK protein,https://reactome.org/PathwayBrowser/#/R-HSA-199220
REACTOME,Activation of AKT2,https://reactome.org/PathwayBrowser/#/R-HSA-194306
REACTOME,Activation of AMPA receptors,https://reactome.org/PathwayBrowser/#/R-HSA-159230
REACTOME,Activation of AMPK downstream of NMDARs,https://reactome.org/PathwayBrowser/#/R-HSA-420499
REACTOME,Activation of APC/C and APC/C:Cdc20 mediated degradation of mitotic proteins,https://reactome.org/PathwayBrowser/#/R-HSA-9024909
REACTOME,Activation of ATR in response to replication stress,https://reactome.org/PathwayBrowser/#/R-HSA-2029481
REACTOME,Activation of BAD and translocation to mitochondria,https://reactome.org/PathwayBrowser/#/R-HSA-193807
REACTOME,Activation of BH3-only proteins,https://reactome.org/PathwayBrowser/#/R-HSA-453279
REACTOME,Activation of BIM and translocation to mitochondria,https://reactome.org/PathwayBrowser/#/R-HSA-1989781
REACTOME,Activation of BMF and translocation to mitochondria,https://reactome.org/PathwayBrowser/#/R-HSA-948021
REACTOME,Activation of C3 and C5,https://reactome.org/PathwayBrowser/#/R-HSA-5660526
REACTOME,Activation of Ca-permeable Kainate Receptor,https://reactome.org/PathwayBrowser/#/R-HSA-1660517
REACTOME,Activation of G protein gated Potassium channels,https://reactome.org/PathwayBrowser/#/R-HSA-5603041
REACTOME,Activation of GABAB receptors,https://reactome.org/PathwayBrowser/#/R-HSA-9673221
REACTOME,Activation of HOX genes during differentiation,https://reactome.org/PathwayBrowser/#/R-HSA-6787639
REACTOME,"Activation of IRF3, IRF7 mediated by TBK1, IKBKE",https://reactome.org/PathwayBrowser/#/R-HSA-3781865
REACTOME,Activation of Matrix Metalloproteinases,https://reactome.org/PathwayBrowser/#/R-HSA-5627117
REACTOME,Activation of NF-kappaB in B cells,https://reactome.org/PathwayBrowser/#/R-HSA-210455
REACTOME,"Activation of NIMA Kinases NEK9, NEK6, NEK7",https://reactome.org/PathwayBrowser/#/R-HSA-159418
REACTOME,Activation of NMDA receptors and postsynaptic events,https://reactome.org/PathwayBrowser/#/R-HSA-73886
REACTOME,Activation of NOXA and translocation to mitochondria,https://reactome.org/PathwayBrowser/#/R-HSA-9674555
REACTOME,Activation of Na-permeable kainate receptors,https://reactome.org/content/query?q=Activation%20of%20Na-permeable%20kainate%20receptors&types=Pathway
REACTOME,Activation of PPARGC1A (PGC-1alpha) by phosphorylation,https://reactome.org/PathwayBrowser/#/R-HSA-375276
REACTOME,Activation of PUMA and translocation to mitochondria,https://reactome.org/PathwayBrowser/#/R-HSA-453274
REACTOME,Activation of RAC1,https://reactome.org/PathwayBrowser/#/R-HSA-71336
REACTOME,Activation of RAC1 downstream of NMDARs,https://reactome.org/PathwayBrowser/#/R-HSA-8847453
REACTOME,Activation of RAS in B cells,https://reactome.org/PathwayBrowser/#/R-HSA-9707587
REACTOME,Activation of SMO,https://reactome.org/PathwayBrowser/#/R-HSA-429947
REACTOME,Activation of TRKA receptors,https://reactome.org/PathwayBrowser/#/R-HSA-1250196
REACTOME,Activation of anterior HOX genes in hindbrain development during early embryogenesis,https://reactome.org/PathwayBrowser/#/R-HSA-888590
REACTOME,Activation of caspases through apoptosome-mediated cleavage,https://reactome.org/PathwayBrowser/#/R-HSA-74751
REACTOME,Activation of gene expression by SREBF (SREBP),https://reactome.org/PathwayBrowser/#/R-HSA-9610379
REACTOME,Activation of kainate receptors upon glutamate binding,https://reactome.org/PathwayBrowser/#/R-HSA-9709275
REACTOME,Activation of the AP-1 family of transcription factors,https://reactome.org/PathwayBrowser/#/R-HSA-888593
REACTOME,Activation of the TFAP2 (AP-2) family of transcription factors,https://reactome.org/PathwayBrowser/#/R-HSA-6804754
REACTOME,"Activation of the mRNA upon binding of the cap-binding complex and eIFs, and subsequent binding to 43S",https://reactome.org/PathwayBrowser/#/R-HSA-180786
REACTOME,Activation of the phototransduction cascade,https://reactome.org/PathwayBrowser/#/R-HSA-500753
REACTOME,Activation of the pre-replicative complex,https://reactome.org/PathwayBrowser/#/R-HSA-9664323
REACTOME,"Activation, myristolyation of BID and translocation to mitochondria",https://reactome.org/PathwayBrowser/#/R-HSA-8866652
REACTOME,"Activation, translocation and oligomerization of BAX",https://reactome.org/PathwayBrowser/#/R-HSA-196836
REACTOME,Acyl chain remodeling of CL,https://reactome.org/PathwayBrowser/#/R-HSA-73614
REACTOME,Acyl chain remodeling of DAG and TAG,https://reactome.org/PathwayBrowser/#/R-HSA-8939256
REACTOME,Acyl chain remodelling of PC,https://reactome.org/PathwayBrowser/#/R-HSA-9013507
REACTOME,Acyl chain remodelling of PE,https://reactome.org/PathwayBrowser/#/R-HSA-9013700
REACTOME,Acyl chain remodelling of PG,https://reactome.org/PathwayBrowser/#/R-HSA-9768919
REACTOME,Acyl chain remodelling of PI,https://reactome.org/PathwayBrowser/#/R-HSA-9013695
REACTOME,Acyl chain remodelling of PS,https://reactome.org/PathwayBrowser/#/R-HSA-9013508
REACTOME,Adaptive Immune System,https://reactome.org/PathwayBrowser/#/R-HSA-73843
REACTOME,Adenosine P1 receptors,https://reactome.org/PathwayBrowser/#/R-HSA-1483191
REACTOME,Adenylate cyclase activating pathway,https://reactome.org/content/query?q=Adenylate%20cyclase%20activating%20pathway&types=Pathway
REACTOME,Adenylate cyclase inhibitory pathway,https://reactome.org/PathwayBrowser/#/R-HSA-5619060
REACTOME,Adherens junctions interactions,https://reactome.org/PathwayBrowser/#/R-HSA-74217
REACTOME,Adrenaline signalling through Alpha-2 adrenergic receptor,https://reactome.org/PathwayBrowser/#/R-HSA-198745
REACTOME,"Adrenaline,noradrenaline inhibits insulin secretion",https://reactome.org/PathwayBrowser/#/R-HSA-1169408
REACTOME,Adrenoceptors,https://reactome.org/PathwayBrowser/#/R-HSA-9006934
REACTOME,Advanced glycosylation endproduct receptor signaling,https://reactome.org/PathwayBrowser/#/R-HSA-74749
REACTOME,Aflatoxin activation and detoxification,https://reactome.org/PathwayBrowser/#/R-HSA-421270
REACTOME,Aggrephagy,https://reactome.org/PathwayBrowser/#/R-HSA-983169
REACTOME,Agmatine biosynthesis,https://reactome.org/PathwayBrowser/#/R-HSA-191859
REACTOME,Alanine metabolism,https://reactome.org/PathwayBrowser/#/R-HSA-75944
REACTOME,Alpha-defensins,https://reactome.org/PathwayBrowser/#/R-HSA-4615885
REACTOME,Alpha-oxidation of phytanate,https://reactome.org/PathwayBrowser/#/R-HSA-109606
REACTOME,Alpha-protein kinase 1 signaling pathway,https://reactome.org/content/query?q=Alpha-protein%20kinase%201%20signaling%20pathway&types=Pathway
REACTOME,Alternative Lengthening of Telomeres (ALT),https://reactome.org/PathwayBrowser/#/R-HSA-450513
REACTOME,Alternative complement activation,https://reactome.org/PathwayBrowser/#/R-HSA-9633012
REACTOME,Amine Oxidase reactions,https://reactome.org/PathwayBrowser/#/R-HSA-210993
REACTOME,Amine ligand-binding receptors,https://reactome.org/PathwayBrowser/#/R-HSA-8942233
REACTOME,Amino Acid conjugation,https://reactome.org/PathwayBrowser/#/R-HSA-2142816
REACTOME,Amino acid transport across the plasma membrane,https://reactome.org/PathwayBrowser/#/R-HSA-1810476
REACTOME,Amino acids regulate mTORC1,https://reactome.org/PathwayBrowser/#/R-HSA-110329
REACTOME,Amplification of signal from the kinetochores,https://reactome.org/PathwayBrowser/#/R-HSA-5619049
REACTOME,Amplification of signal from unattached kinetochores via a MAD2 inhibitory signal,https://reactome.org/PathwayBrowser/#/R-HSA-5660862
REACTOME,Amyloid fiber formation,https://reactome.org/PathwayBrowser/#/R-HSA-2485179
REACTOME,Anchoring fibril formation,https://reactome.org/PathwayBrowser/#/R-HSA-8850843
REACTOME,Anchoring of the basal body to the plasma membrane,https://reactome.org/PathwayBrowser/#/R-HSA-5683177
REACTOME,Androgen biosynthesis,https://reactome.org/PathwayBrowser/#/R-HSA-3311021
REACTOME,Antagonism of Activin by Follistatin,https://reactome.org/PathwayBrowser/#/R-HSA-2029482
REACTOME,Anti-inflammatory response favouring Leishmania parasite infection,https://reactome.org/PathwayBrowser/#/R-HSA-5624958
REACTOME,"Antigen Presentation: Folding, assembly and peptide loading of class I MHC",https://reactome.org/PathwayBrowser/#/R-HSA-427413
REACTOME,Antigen activates B Cell Receptor (BCR) leading to generation of second messengers,https://reactome.org/PathwayBrowser/#/R-HSA-2161517
REACTOME,Antigen processing-Cross presentation,https://reactome.org/PathwayBrowser/#/R-HSA-162791
REACTOME,Antigen processing: Ubiquitination & Proteasome degradation,https://reactome.org/PathwayBrowser/#/R-HSA-114452
REACTOME,Antimicrobial peptides,https://reactome.org/PathwayBrowser/#/R-HSA-3371599
REACTOME,Antiviral mechanism by IFN-stimulated genes,https://reactome.org/PathwayBrowser/#/R-HSA-176407
REACTOME,Apoptosis,https://reactome.org/PathwayBrowser/#/R-HSA-428540
REACTOME,Apoptosis induced DNA fragmentation,https://reactome.org/PathwayBrowser/#/R-HSA-72613
REACTOME,Apoptotic cleavage of cell adhesion proteins,https://reactome.org/PathwayBrowser/#/R-HSA-5357786
REACTOME,Apoptotic cleavage of cellular proteins,https://reactome.org/PathwayBrowser/#/R-HSA-5654219
REACTOME,Apoptotic execution phase,https://reactome.org/PathwayBrowser/#/R-HSA-72764
REACTOME,Apoptotic factor-mediated response,https://reactome.org/PathwayBrowser/#/R-HSA-216083
REACTOME,Aquaporin-mediated transport,https://reactome.org/PathwayBrowser/#/R-HSA-629597
REACTOME,Arachidonate production from DAG,https://reactome.org/PathwayBrowser/#/R-HSA-111995
REACTOME,Arachidonic acid metabolism,https://reactome.org/content/query?q=Arachidonic%20acid%20metabolism&types=Pathway
REACTOME,Aryl hydrocarbon receptor signalling,https://reactome.org/PathwayBrowser/#/R-HSA-5632968
REACTOME,Asparagine N-linked glycosylation,https://reactome.org/PathwayBrowser/#/R-HSA-156587
REACTOME,Aspartate and asparagine metabolism,https://reactome.org/PathwayBrowser/#/R-HSA-9696264
REACTOME,Aspirin ADME,https://reactome.org/PathwayBrowser/#/R-HSA-3814836
REACTOME,Assembly Of The HIV Virion,https://reactome.org/PathwayBrowser/#/R-HSA-9609736
REACTOME,Assembly and cell surface presentation of NMDA receptors,https://reactome.org/PathwayBrowser/#/R-HSA-373080
REACTOME,Assembly of Viral Components at the Budding Site,https://reactome.org/PathwayBrowser/#/R-HSA-69560
REACTOME,Assembly of active LPL and LIPC lipase complexes,https://reactome.org/PathwayBrowser/#/R-HSA-3214841
REACTOME,Assembly of collagen fibrils and other multimeric structures,https://reactome.org/PathwayBrowser/#/R-HSA-2299718
REACTOME,Assembly of the ORC complex at the origin of replication,https://reactome.org/PathwayBrowser/#/R-HSA-1483257
REACTOME,Assembly of the pre-replicative complex,https://reactome.org/PathwayBrowser/#/R-HSA-5654716
REACTOME,Association of TriC/CCT with target proteins during biosynthesis,https://reactome.org/PathwayBrowser/#/R-HSA-74160
REACTOME,Astrocytic Glutamate-Glutamine Uptake And Metabolism,https://reactome.org/PathwayBrowser/#/R-HSA-933542
REACTOME,Asymmetric localization of PCP proteins,https://reactome.org/PathwayBrowser/#/R-HSA-141333
REACTOME,Atorvastatin ADME,https://reactome.org/PathwayBrowser/#/R-HSA-392517
REACTOME,Attachment and Entry,https://reactome.org/PathwayBrowser/#/R-HSA-977444
REACTOME,Attachment of GPI anchor to uPAR,https://reactome.org/PathwayBrowser/#/R-HSA-913709
REACTOME,Attenuation phase,https://reactome.org/PathwayBrowser/#/R-HSA-73857
REACTOME,Autodegradation of Cdh1 by Cdh1:APC/C,https://reactome.org/PathwayBrowser/#/R-HSA-5654687
REACTOME,Autodegradation of the E3 ubiquitin ligase COP1,https://reactome.org/PathwayBrowser/#/R-HSA-77310
REACTOME,Autointegration results in viral DNA circles,https://reactome.org/PathwayBrowser/#/R-HSA-167162
REACTOME,Autophagy,https://reactome.org/PathwayBrowser/#/R-HSA-68616
REACTOME,Axon guidance,https://reactome.org/PathwayBrowser/#/R-HSA-2980767
REACTOME,Axonal growth inhibition (RHOA activation),https://reactome.org/PathwayBrowser/#/R-HSA-9006936
REACTOME,Axonal growth stimulation,https://reactome.org/PathwayBrowser/#/R-HSA-8985586
REACTOME,Azathioprine ADME,https://reactome.org/PathwayBrowser/#/R-HSA-168333
REACTOME,B-WICH complex positively regulates rRNA expression,https://reactome.org/PathwayBrowser/#/R-HSA-1461973
REACTOME,BBSome-mediated cargo-targeting to cilium,https://reactome.org/PathwayBrowser/#/R-HSA-5083636
REACTOME,BDNF activates NTRK2 (TRKB) signaling,https://reactome.org/PathwayBrowser/#/R-HSA-5250989
REACTOME,BH3-only proteins associate with and inactivate anti-apoptotic BCL-2 members,https://reactome.org/PathwayBrowser/#/R-HSA-212300
REACTOME,"BMAL1:CLOCK,NPAS2 activates circadian gene expression",https://reactome.org/PathwayBrowser/#/R-HSA-190242
REACTOME,Bacterial Infection Pathways,https://reactome.org/PathwayBrowser/#/R-HSA-912526
REACTOME,Base Excision Repair,https://reactome.org/PathwayBrowser/#/R-HSA-5368598
REACTOME,"Base-Excision Repair, AP Site Formation",https://reactome.org/PathwayBrowser/#/R-HSA-8866904
REACTOME,Basigin interactions,https://reactome.org/PathwayBrowser/#/R-HSA-532668
REACTOME,Beta defensins,https://reactome.org/PathwayBrowser/#/R-HSA-9704331
REACTOME,Beta oxidation of butanoyl-CoA to acetyl-CoA,https://reactome.org/PathwayBrowser/#/R-HSA-167243
REACTOME,Beta oxidation of decanoyl-CoA to octanoyl-CoA-CoA,https://reactome.org/PathwayBrowser/#/R-HSA-201681
REACTOME,Beta oxidation of hexanoyl-CoA to butanoyl-CoA,https://reactome.org/PathwayBrowser/#/R-HSA-1296346
REACTOME,Beta oxidation of lauroyl-CoA to decanoyl-CoA-CoA,https://reactome.org/PathwayBrowser/#/R-HSA-8878171
REACTOME,Beta oxidation of myristoyl-CoA to lauroyl-CoA,https://reactome.org/PathwayBrowser/#/R-HSA-2173793
REACTOME,Beta oxidation of octanoyl-CoA to hexanoyl-CoA,https://reactome.org/PathwayBrowser/#/R-HSA-202403
REACTOME,Beta oxidation of palmitoyl-CoA to myristoyl-CoA,https://reactome.org/content/query?q=Beta%20oxidation%20of%20palmitoyl-CoA%20to%20myristoyl-CoA&types=Pathway
REACTOME,Beta-catenin independent WNT signaling,https://reactome.org/PathwayBrowser/#/R-HSA-196299
REACTOME,Beta-catenin phosphorylation cascade,https://reactome.org/PathwayBrowser/#/R-HSA-5662702
REACTOME,Beta-oxidation of pristanoyl-CoA,https://reactome.org/PathwayBrowser/#/R-HSA-9020591
REACTOME,Beta-oxidation of very long chain fatty acids,https://reactome.org/PathwayBrowser/#/R-HSA-8983432
REACTOME,Bicarbonate transporters,https://reactome.org/PathwayBrowser/#/R-HSA-416550
REACTOME,Bile acid and bile salt metabolism,https://reactome.org/PathwayBrowser/#/R-HSA-9020702
REACTOME,Binding and Uptake of Ligands by Scavenger Receptors,https://reactome.org/PathwayBrowser/#/R-HSA-5467337
REACTOME,Binding and entry of HIV virion,https://reactome.org/PathwayBrowser/#/R-HSA-4570464
REACTOME,Binding of TCF/LEF:CTNNB1 to target gene promoters,https://reactome.org/PathwayBrowser/#/R-HSA-73943
REACTOME,Biogenic amines are oxidatively deaminated to aldehydes by MAOA and MAOB,https://reactome.org/PathwayBrowser/#/R-HSA-420029
REACTOME,Biological oxidations,https://reactome.org/PathwayBrowser/#/R-HSA-1500931
REACTOME,Biosynthesis of D-series resolvins,https://reactome.org/PathwayBrowser/#/R-HSA-1614517
REACTOME,Biosynthesis of DHA-derived SPMs,https://reactome.org/PathwayBrowser/#/R-HSA-9664565
REACTOME,Biosynthesis of DHA-derived sulfido conjugates,https://reactome.org/PathwayBrowser/#/R-HSA-8848584
REACTOME,Biosynthesis of DPA-derived SPMs,https://reactome.org/PathwayBrowser/#/R-HSA-9635465
REACTOME,Biosynthesis of DPAn-3 SPMs,https://reactome.org/PathwayBrowser/#/R-HSA-69052
REACTOME,Biosynthesis of DPAn-3-derived maresins,https://reactome.org/PathwayBrowser/#/R-HSA-3000170
REACTOME,Biosynthesis of DPAn-3-derived protectins and resolvins,https://reactome.org/PathwayBrowser/#/R-HSA-8849932
REACTOME,Biosynthesis of DPAn-6 SPMs,https://reactome.org/PathwayBrowser/#/R-HSA-9033500
REACTOME,Biosynthesis of E-series 18(R)-resolvins,https://reactome.org/PathwayBrowser/#/R-HSA-5683826
REACTOME,Biosynthesis of E-series 18(S)-resolvins,https://reactome.org/PathwayBrowser/#/R-HSA-9636569
REACTOME,Biosynthesis of EPA-derived SPMs,https://reactome.org/PathwayBrowser/#/R-HSA-1614635
REACTOME,Biosynthesis of aspirin-triggered D-series resolvins,https://reactome.org/PathwayBrowser/#/R-HSA-9637687
REACTOME,Biosynthesis of electrophilic omega-3 PUFA oxo-derivatives,https://reactome.org/PathwayBrowser/#/R-HSA-174495
REACTOME,Biosynthesis of maresin conjugates in tissue regeneration (MCTR),https://reactome.org/PathwayBrowser/#/R-HSA-9640463
REACTOME,Biosynthesis of maresin-like SPMs,https://reactome.org/PathwayBrowser/#/R-HSA-5339716
REACTOME,Biosynthesis of maresins,https://reactome.org/PathwayBrowser/#/R-HSA-372790
REACTOME,Biosynthesis of protectins,https://reactome.org/PathwayBrowser/#/R-HSA-1227990
REACTOME,Biosynthesis of specialized proresolving mediators (SPMs),https://reactome.org/PathwayBrowser/#/R-HSA-9665686
REACTOME,"Biosynthesis of the N-glycan precursor (dolichol lipid-linked oligosaccharide, LLO) and transfer to a nascent protein",https://reactome.org/PathwayBrowser/#/R-HSA-375280
REACTOME,Biotin transport and metabolism,https://reactome.org/PathwayBrowser/#/R-HSA-3214847
REACTOME,Blood group systems biosynthesis,https://reactome.org/PathwayBrowser/#/R-HSA-211945
REACTOME,Branched-chain amino acid catabolism,https://reactome.org/PathwayBrowser/#/R-HSA-5689877
REACTOME,Breakdown of the nuclear lamina,https://reactome.org/PathwayBrowser/#/R-HSA-3899300
REACTOME,Budding and maturation of HIV virion,https://reactome.org/PathwayBrowser/#/R-HSA-8937144
REACTOME,Butyrate Response Factor 1 (BRF1) binds and destabilizes mRNA,https://reactome.org/PathwayBrowser/#/R-HSA-917977
REACTOME,Butyrophilin (BTN) family interactions,https://reactome.org/PathwayBrowser/#/R-HSA-430116
REACTOME,C-type lectin receptors (CLRs),https://reactome.org/PathwayBrowser/#/R-HSA-9026762
REACTOME,C6 deamination of adenosine,https://reactome.org/PathwayBrowser/#/R-HSA-168325
REACTOME,CASP8 activity is inhibited,https://reactome.org/PathwayBrowser/#/R-HSA-390651
REACTOME,CD163 mediating an anti-inflammatory response,https://reactome.org/PathwayBrowser/#/R-HSA-449147
REACTOME,CD209 (DC-SIGN) signaling,https://reactome.org/PathwayBrowser/#/R-HSA-76061
REACTOME,CD22 mediated BCR regulation,https://reactome.org/PathwayBrowser/#/R-HSA-5649702
REACTOME,CD28 co-stimulation,https://reactome.org/PathwayBrowser/#/R-HSA-400451
REACTOME,CD28 dependent PI3K/Akt signaling,https://reactome.org/PathwayBrowser/#/R-HSA-170968
REACTOME,CD28 dependent Vav1 pathway,https://reactome.org/PathwayBrowser/#/R-HSA-8939247
REACTOME,CDC42 GTPase cycle,https://reactome.org/PathwayBrowser/#/R-HSA-5617472
REACTOME,CDC6 association with the ORC:origin complex,https://reactome.org/PathwayBrowser/#/R-HSA-202427
REACTOME,CDK-mediated phosphorylation and removal of Cdc6,https://reactome.org/PathwayBrowser/#/R-HSA-5690714
REACTOME,CHL1 interactions,https://reactome.org/PathwayBrowser/#/R-HSA-159740
REACTOME,CLEC7A (Dectin-1) induces NFAT activation,https://reactome.org/PathwayBrowser/#/R-HSA-8963691
REACTOME,CLEC7A (Dectin-1) signaling,https://reactome.org/PathwayBrowser/#/R-HSA-9026286
REACTOME,CLEC7A/inflammasome pathway,https://reactome.org/PathwayBrowser/#/R-HSA-2990846
REACTOME,COPI-dependent Golgi-to-ER retrograde traffic,https://reactome.org/PathwayBrowser/#/R-HSA-879415
REACTOME,COPI-independent Golgi-to-ER retrograde traffic,https://reactome.org/PathwayBrowser/#/R-HSA-5617833
REACTOME,COPI-mediated anterograde transport,https://reactome.org/PathwayBrowser/#/R-HSA-8963901
REACTOME,COPII-mediated vesicle transport,https://reactome.org/PathwayBrowser/#/R-HSA-3828062
REACTOME,CREB phosphorylation,https://reactome.org/PathwayBrowser/#/R-HSA-74158
REACTOME,CREB1 phosphorylation through NMDA receptor-mediated activation of RAS signaling,https://reactome.org/PathwayBrowser/#/R-HSA-9006925
REACTOME,CREB1 phosphorylation through the activation of Adenylate Cyclase,https://reactome.org/PathwayBrowser/#/R-HSA-1483248
REACTOME,CREB1 phosphorylation through the activation of CaMKII/CaMKK/CaMKIV cascasde,https://reactome.org/PathwayBrowser/#/R-HSA-1660514
REACTOME,CREB3 factors activate genes,https://reactome.org/PathwayBrowser/#/R-HSA-109703
REACTOME,CRMPs in Sema3A signaling,https://reactome.org/PathwayBrowser/#/R-HSA-70921
REACTOME,CS/DS degradation,https://reactome.org/PathwayBrowser/#/R-HSA-5602636
REACTOME,CTLA4 inhibitory signaling,https://reactome.org/PathwayBrowser/#/R-HSA-2894858
REACTOME,CTNNB1 S33 mutants aren't phosphorylated,https://reactome.org/PathwayBrowser/#/R-HSA-209776
REACTOME,CTNNB1 S37 mutants aren't phosphorylated,https://reactome.org/PathwayBrowser/#/R-HSA-71291
REACTOME,CTNNB1 S45 mutants aren't phosphorylated,https://reactome.org/content/query?q=CTNNB1%20S45%20mutants%20aren%27t%20phosphorylated&types=Pathway
REACTOME,CTNNB1 T41 mutants aren't phosphorylated,https://reactome.org/PathwayBrowser/#/R-HSA-8978934
REACTOME,CYP2E1 reactions,https://reactome.org/PathwayBrowser/#/R-HSA-5358351
REACTOME,Ca-dependent events,https://reactome.org/PathwayBrowser/#/R-HSA-2559585
REACTOME,Ca2+ activated K+ channels,https://reactome.org/PathwayBrowser/#/R-HSA-927802
REACTOME,Ca2+ pathway,https://reactome.org/PathwayBrowser/#/R-HSA-5603029
REACTOME,CaM pathway,https://reactome.org/PathwayBrowser/#/R-HSA-6802957
REACTOME,CaMK IV-mediated phosphorylation of CREB,https://reactome.org/PathwayBrowser/#/R-HSA-1483213
REACTOME,Calcineurin activates NFAT,https://reactome.org/PathwayBrowser/#/R-HSA-186712
REACTOME,Calcitonin-like ligand receptors,https://reactome.org/PathwayBrowser/#/R-HSA-8853659
REACTOME,Calmodulin induced events,https://reactome.org/PathwayBrowser/#/R-HSA-190704
REACTOME,Calnexin/calreticulin cycle,https://reactome.org/PathwayBrowser/#/R-HSA-2179392
REACTOME,Cam-PDE 1 activation,https://reactome.org/PathwayBrowser/#/R-HSA-1483148
REACTOME,Cap-dependent Translation Initiation,https://reactome.org/PathwayBrowser/#/R-HSA-2644605
REACTOME,Carboxyterminal post-translational modifications of tubulin,https://reactome.org/content/query?q=Carboxyterminal%20post-translational%20modifications%20of%20tubulin&types=Pathway
REACTOME,Cardiac conduction,https://reactome.org/PathwayBrowser/#/R-HSA-5610780
REACTOME,Cargo concentration in the ER,https://reactome.org/PathwayBrowser/#/R-HSA-5638303
REACTOME,Cargo recognition for clathrin-mediated endocytosis,https://reactome.org/PathwayBrowser/#/R-HSA-629587
REACTOME,Cargo trafficking to the periciliary membrane,https://reactome.org/PathwayBrowser/#/R-HSA-8948216
REACTOME,Carnitine metabolism,https://reactome.org/PathwayBrowser/#/R-HSA-9609646
REACTOME,Carnitine synthesis,https://reactome.org/PathwayBrowser/#/R-HSA-8941332
REACTOME,Caspase activation via Death Receptors in the presence of ligand,https://reactome.org/PathwayBrowser/#/R-HSA-1643685
REACTOME,Caspase activation via Dependence Receptors in the absence of ligand,https://reactome.org/PathwayBrowser/#/R-HSA-1480926
REACTOME,Caspase activation via extrinsic apoptotic signalling pathway,https://reactome.org/PathwayBrowser/#/R-HSA-5260271
REACTOME,Caspase-mediated cleavage of cytoskeletal proteins,https://reactome.org/PathwayBrowser/#/R-HSA-5654221
REACTOME,Catecholamine biosynthesis,https://reactome.org/PathwayBrowser/#/R-HSA-9753512
REACTOME,Cation-coupled Chloride cotransporters,https://reactome.org/PathwayBrowser/#/R-HSA-180585
REACTOME,Cdc20:Phospho-APC/C mediated degradation of Cyclin A,https://reactome.org/PathwayBrowser/#/R-HSA-9748787
REACTOME,Cell Cycle,https://reactome.org/PathwayBrowser/#/R-HSA-1280218
REACTOME,Cell Cycle Checkpoints,https://reactome.org/PathwayBrowser/#/R-HSA-199920
REACTOME,"Cell Cycle, Mitotic",https://reactome.org/PathwayBrowser/#/R-HSA-68689
REACTOME,"Cell death signalling via NRAGE, NRIF and NADE",https://reactome.org/PathwayBrowser/#/R-HSA-114294
REACTOME,Cell junction organization,https://reactome.org/PathwayBrowser/#/R-HSA-9726842
REACTOME,Cell recruitment (pro-inflammatory response),https://reactome.org/PathwayBrowser/#/R-HSA-975956
REACTOME,Cell surface interactions at the vascular wall,https://reactome.org/PathwayBrowser/#/R-HSA-198323
REACTOME,Cell-Cell communication,https://reactome.org/PathwayBrowser/#/R-HSA-9619665
REACTOME,Cell-cell junction organization,https://reactome.org/PathwayBrowser/#/R-HSA-72706
REACTOME,Cell-extracellular matrix interactions,https://reactome.org/PathwayBrowser/#/R-HSA-157118
REACTOME,Cellular Senescence,https://reactome.org/PathwayBrowser/#/R-HSA-202670
REACTOME,Cellular hexose transport,https://reactome.org/PathwayBrowser/#/R-HSA-451307
REACTOME,Cellular response to chemical stress,https://reactome.org/PathwayBrowser/#/R-HSA-1296052
REACTOME,Cellular response to heat stress,https://reactome.org/PathwayBrowser/#/R-HSA-3134963
REACTOME,Cellular response to hypoxia,https://reactome.org/PathwayBrowser/#/R-HSA-4608870
REACTOME,Cellular response to starvation,https://reactome.org/PathwayBrowser/#/R-HSA-9759218
REACTOME,Cellular responses to stimuli,https://reactome.org/PathwayBrowser/#/R-HSA-5358751
REACTOME,Cellular responses to stress,https://reactome.org/PathwayBrowser/#/R-HSA-77352
REACTOME,Centrosome maturation,https://reactome.org/PathwayBrowser/#/R-HSA-5682113
REACTOME,Ceramide signalling,https://reactome.org/PathwayBrowser/#/R-HSA-195258
REACTOME,ChREBP activates metabolic gene expression,https://reactome.org/PathwayBrowser/#/R-HSA-8856688
REACTOME,Chaperone Mediated Autophagy,https://reactome.org/PathwayBrowser/#/R-HSA-3215018
REACTOME,Chaperonin-mediated protein folding,https://reactome.org/PathwayBrowser/#/R-HSA-1793185
REACTOME,Chemokine receptors bind chemokines,https://reactome.org/PathwayBrowser/#/R-HSA-163210
REACTOME,Chk1/Chk2(Cds1) mediated inactivation of Cyclin B:Cdk1 complex,https://reactome.org/PathwayBrowser/#/R-HSA-9020933
REACTOME,Cholesterol biosynthesis,https://reactome.org/PathwayBrowser/#/R-HSA-8877330
REACTOME,Cholesterol biosynthesis via desmosterol,https://reactome.org/PathwayBrowser/#/R-HSA-8939243
REACTOME,Cholesterol biosynthesis via lathosterol,https://reactome.org/PathwayBrowser/#/R-HSA-8931987
REACTOME,Choline catabolism,https://reactome.org/PathwayBrowser/#/R-HSA-77108
REACTOME,Chondroitin sulfate biosynthesis,https://reactome.org/PathwayBrowser/#/R-HSA-204626
REACTOME,Chondroitin sulfate/dermatan sulfate metabolism,https://reactome.org/PathwayBrowser/#/R-HSA-202040
REACTOME,Chromatin modifying enzymes,https://reactome.org/PathwayBrowser/#/R-HSA-167152
REACTOME,Chromatin organization,https://reactome.org/PathwayBrowser/#/R-HSA-5696395
REACTOME,Chromosome Maintenance,https://reactome.org/PathwayBrowser/#/R-HSA-3595174
REACTOME,Chylomicron assembly,https://reactome.org/PathwayBrowser/#/R-HSA-3232142
REACTOME,Chylomicron clearance,https://reactome.org/PathwayBrowser/#/R-HSA-9705677
REACTOME,Chylomicron remodeling,https://reactome.org/PathwayBrowser/#/R-HSA-3000480
REACTOME,Cilium Assembly,https://reactome.org/PathwayBrowser/#/R-HSA-9026519
REACTOME,Ciprofloxacin ADME,https://reactome.org/PathwayBrowser/#/R-HSA-193993
REACTOME,Circadian Clock,https://reactome.org/PathwayBrowser/#/R-HSA-1839124
REACTOME,Citric acid cycle (TCA cycle),https://reactome.org/PathwayBrowser/#/R-HSA-629594
REACTOME,Class A/1 (Rhodopsin-like receptors),https://reactome.org/PathwayBrowser/#/R-HSA-186763
REACTOME,Class B/2 (Secretin family receptors),https://reactome.org/PathwayBrowser/#/R-HSA-9701193
REACTOME,Class C/3 (Metabotropic glutamate/pheromone receptors),https://reactome.org/PathwayBrowser/#/R-HSA-202424
REACTOME,Class I MHC mediated antigen processing & presentation,https://reactome.org/PathwayBrowser/#/R-HSA-111446
REACTOME,Class I peroxisomal membrane protein import,https://reactome.org/PathwayBrowser/#/R-HSA-9754189
REACTOME,Classical Kir channels,https://reactome.org/PathwayBrowser/#/R-HSA-75815
REACTOME,Classical antibody-mediated complement activation,https://reactome.org/PathwayBrowser/#/R-HSA-418592
REACTOME,Clathrin-mediated endocytosis,https://reactome.org/PathwayBrowser/#/R-HSA-9630791
REACTOME,Cleavage of the damaged purine,https://reactome.org/PathwayBrowser/#/R-HSA-9675108
REACTOME,Cleavage of the damaged pyrimidine,https://reactome.org/PathwayBrowser/#/R-HSA-373753
REACTOME,Cobalamin (Cbl) metabolism,https://reactome.org/PathwayBrowser/#/R-HSA-5250958
REACTOME,"Cobalamin (Cbl, vitamin B12) transport and metabolism",https://reactome.org/content/query?q=Cobalamin%20%28Cbl%2C%20vitamin%20B12%29%20transport%20and%20metabolism&types=Pathway
REACTOME,Coenzyme A biosynthesis,https://reactome.org/PathwayBrowser/#/R-HSA-174417
REACTOME,Cohesin Loading onto Chromatin,https://reactome.org/PathwayBrowser/#/R-HSA-8963898
REACTOME,Collagen biosynthesis and modifying enzymes,https://reactome.org/PathwayBrowser/#/R-HSA-6799198
REACTOME,Collagen chain trimerization,https://reactome.org/PathwayBrowser/#/R-HSA-5674400
REACTOME,Collagen degradation,https://reactome.org/PathwayBrowser/#/R-HSA-8948700
REACTOME,Collagen formation,https://reactome.org/PathwayBrowser/#/R-HSA-166658
REACTOME,Common Pathway of Fibrin Clot Formation,https://reactome.org/PathwayBrowser/#/R-HSA-912631
REACTOME,Competing endogenous RNAs (ceRNAs) regulate PTEN translation,https://reactome.org/PathwayBrowser/#/R-HSA-72312
REACTOME,Complement cascade,https://reactome.org/PathwayBrowser/#/R-HSA-5619084
REACTOME,Complex I biogenesis,https://reactome.org/PathwayBrowser/#/R-HSA-9675151
REACTOME,Condensation of Prometaphase Chromosomes,https://reactome.org/PathwayBrowser/#/R-HSA-380270
REACTOME,Condensation of Prophase Chromosomes,https://reactome.org/PathwayBrowser/#/R-HSA-9013404
REACTOME,Conjugation of benzoate with glycine,https://reactome.org/PathwayBrowser/#/R-HSA-435368
REACTOME,Conjugation of carboxylic acids,https://reactome.org/PathwayBrowser/#/R-HSA-2142712
REACTOME,Conjugation of phenylacetate with glutamine,https://reactome.org/PathwayBrowser/#/R-HSA-442380
REACTOME,Conjugation of salicylate with glycine,https://reactome.org/PathwayBrowser/#/R-HSA-2142770
REACTOME,Constitutive Signaling by AKT1 E17K in Cancer,https://reactome.org/PathwayBrowser/#/R-HSA-3359475
REACTOME,Constitutive Signaling by Aberrant PI3K in Cancer,https://reactome.org/PathwayBrowser/#/R-HSA-190241
REACTOME,Constitutive Signaling by EGFRvIII,https://reactome.org/PathwayBrowser/#/R-HSA-9665249
REACTOME,Constitutive Signaling by Ligand-Responsive EGFR Cancer Variants,https://reactome.org/PathwayBrowser/#/R-HSA-4641265
REACTOME,Constitutive Signaling by NOTCH1 HD Domain Mutants,https://reactome.org/PathwayBrowser/#/R-HSA-5083635
REACTOME,Constitutive Signaling by NOTCH1 HD+PEST Domain Mutants,https://reactome.org/PathwayBrowser/#/R-HSA-3656244
REACTOME,Constitutive Signaling by NOTCH1 PEST Domain Mutants,https://reactome.org/PathwayBrowser/#/R-HSA-9036092
REACTOME,Constitutive Signaling by NOTCH1 t(7;9)(NOTCH1:M1580_K2555) Translocation Mutant,https://reactome.org/PathwayBrowser/#/R-HSA-157858
REACTOME,Constitutive Signaling by Overexpressed ERBB2,https://reactome.org/PathwayBrowser/#/R-HSA-9735871
REACTOME,Conversion from APC/C:Cdc20 to APC/C:Cdh1 in late anaphase,https://reactome.org/PathwayBrowser/#/R-HSA-209822
REACTOME,Cooperation of PDCL (PhLP1) and TRiC/CCT in G-protein beta folding,https://reactome.org/PathwayBrowser/#/R-HSA-428543
REACTOME,Cooperation of Prefoldin and TriC/CCT in actin and tubulin folding,https://reactome.org/PathwayBrowser/#/R-HSA-6807062
REACTOME,Costimulation by the CD28 family,https://reactome.org/PathwayBrowser/#/R-HSA-2122948
REACTOME,Creatine metabolism,https://reactome.org/PathwayBrowser/#/R-HSA-186797
REACTOME,Creation of C4 and C2 activators,https://reactome.org/PathwayBrowser/#/R-HSA-382556
REACTOME,Cristae formation,https://reactome.org/PathwayBrowser/#/R-HSA-167160
REACTOME,Cross-presentation of particulate exogenous antigens (phagosomes),https://reactome.org/PathwayBrowser/#/R-HSA-1236394
REACTOME,Cross-presentation of soluble exogenous antigens (endosomes),https://reactome.org/PathwayBrowser/#/R-HSA-3371568
REACTOME,Crosslinking of collagen fibrils,https://reactome.org/PathwayBrowser/#/R-HSA-2393930
REACTOME,Cyclin A/B1/B2 associated events during G2/M transition,https://reactome.org/PathwayBrowser/#/R-HSA-9022707
REACTOME,Cyclin A:Cdk2-associated events at S phase entry,https://reactome.org/PathwayBrowser/#/R-HSA-9754119
REACTOME,Cyclin D associated events in G1,https://reactome.org/PathwayBrowser/#/R-HSA-399721
REACTOME,Cyclin E associated events during G1/S transition,https://reactome.org/PathwayBrowser/#/R-HSA-9665230
REACTOME,Cysteine formation from homocysteine,https://reactome.org/PathwayBrowser/#/R-HSA-110312
REACTOME,Cytochrome P450 - arranged by substrate type,https://reactome.org/PathwayBrowser/#/R-HSA-3359478
REACTOME,Cytochrome c-mediated apoptotic response,https://reactome.org/PathwayBrowser/#/R-HSA-428359
REACTOME,Cytokine Signaling in Immune system,https://reactome.org/PathwayBrowser/#/R-HSA-349425
REACTOME,Cytoprotection by HMOX1,https://reactome.org/PathwayBrowser/#/R-HSA-354194
REACTOME,Cytosolic iron-sulfur cluster assembly,https://reactome.org/PathwayBrowser/#/R-HSA-9013026
REACTOME,Cytosolic sensors of pathogen-associated DNA,https://reactome.org/PathwayBrowser/#/R-HSA-8963676
REACTOME,Cytosolic sulfonation of small molecules,https://reactome.org/PathwayBrowser/#/R-HSA-4641262
REACTOME,Cytosolic tRNA aminoacylation,https://reactome.org/PathwayBrowser/#/R-HSA-6811558
REACTOME,DAG and IP3 signaling,https://reactome.org/PathwayBrowser/#/R-HSA-419771
REACTOME,DAP12 interactions,https://reactome.org/PathwayBrowser/#/R-HSA-140875
REACTOME,DAP12 signaling,https://reactome.org/PathwayBrowser/#/R-HSA-5661270
REACTOME,DARPP-32 events,https://reactome.org/PathwayBrowser/#/R-HSA-1483226
REACTOME,DCC mediated attractive signaling,https://reactome.org/PathwayBrowser/#/R-HSA-75157
REACTOME,DDX58/IFIH1-mediated induction of interferon-alpha/beta,https://reactome.org/PathwayBrowser/#/R-HSA-74182
REACTOME,DEx/H-box helicases activate type I IFN and inflammatory cytokines production,https://reactome.org/PathwayBrowser/#/R-HSA-2514856
REACTOME,DNA Damage Bypass,https://reactome.org/PathwayBrowser/#/R-HSA-391906
REACTOME,DNA Damage Recognition in GG-NER,https://reactome.org/PathwayBrowser/#/R-HSA-210746
REACTOME,DNA Damage Reversal,https://reactome.org/PathwayBrowser/#/R-HSA-157579
REACTOME,DNA Damage/Telomere Stress Induced Senescence,https://reactome.org/PathwayBrowser/#/R-HSA-9013423
REACTOME,DNA Double Strand Break Response,https://reactome.org/PathwayBrowser/#/R-HSA-4641258
REACTOME,DNA Double-Strand Break Repair,https://reactome.org/PathwayBrowser/#/R-HSA-983168
REACTOME,DNA Repair,https://reactome.org/PathwayBrowser/#/R-HSA-111465
REACTOME,DNA Replication,https://reactome.org/PathwayBrowser/#/R-HSA-69017
REACTOME,DNA Replication Pre-Initiation,https://reactome.org/PathwayBrowser/#/R-HSA-9748784
REACTOME,DNA methylation,https://reactome.org/PathwayBrowser/#/R-HSA-112409
REACTOME,DNA replication initiation,https://reactome.org/PathwayBrowser/#/R-HSA-1660661
REACTOME,DNA strand elongation,https://reactome.org/PathwayBrowser/#/R-HSA-3214858
REACTOME,DSCAM interactions,https://reactome.org/PathwayBrowser/#/R-HSA-5358508
REACTOME,Deactivation of the beta-catenin transactivating complex,https://reactome.org/PathwayBrowser/#/R-HSA-8847993
REACTOME,Deadenylation of mRNA,https://reactome.org/PathwayBrowser/#/R-HSA-72737
REACTOME,Deadenylation-dependent mRNA decay,https://reactome.org/PathwayBrowser/#/R-HSA-111957
REACTOME,Death Receptor Signaling,https://reactome.org/PathwayBrowser/#/R-HSA-1482839
REACTOME,Dectin-1 mediated noncanonical NF-kB signaling,https://reactome.org/PathwayBrowser/#/R-HSA-9026290
REACTOME,Dectin-2 family,https://reactome.org/PathwayBrowser/#/R-HSA-1980145
REACTOME,Defective ABCA1 causes TGD,https://reactome.org/PathwayBrowser/#/R-HSA-5686938
REACTOME,Defective ABCC8 can cause hypo- and hyper-glycemias,https://reactome.org/PathwayBrowser/#/R-HSA-435354
REACTOME,"Defective ABCC9 causes CMD10, ATFB12 and Cantu syndrome",https://reactome.org/PathwayBrowser/#/R-HSA-73817
REACTOME,Defective ABCD4 causes MAHCJ,https://reactome.org/PathwayBrowser/#/R-HSA-8876493
REACTOME,Defective ABCG5 causes sitosterolemia,https://reactome.org/PathwayBrowser/#/R-HSA-9708296
REACTOME,Defective ABCG8 causes GBD4 and sitosterolemia,https://reactome.org/PathwayBrowser/#/R-HSA-6784531
REACTOME,Defective ACTH causes obesity and POMCD,https://reactome.org/PathwayBrowser/#/R-HSA-9701898
REACTOME,Defective ALG14 causes ALG14-CMS,https://reactome.org/PathwayBrowser/#/R-HSA-379724
REACTOME,Defective AMN causes MGA1,https://reactome.org/PathwayBrowser/#/R-HSA-9679191
REACTOME,"Defective AVP does not bind AVPR1A,B and causes neurohypophyseal diabetes insipidus (NDI)",https://reactome.org/PathwayBrowser/#/R-HSA-3304356
REACTOME,Defective AVP does not bind AVPR2 and causes neurohypophyseal diabetes insipidus (NDI),https://reactome.org/PathwayBrowser/#/R-HSA-2173796
REACTOME,Defective B3GALT6 causes EDSP2 and SEMDJL1,https://reactome.org/PathwayBrowser/#/R-HSA-69275
REACTOME,Defective B3GALTL causes PpS,https://reactome.org/PathwayBrowser/#/R-HSA-977225
REACTOME,Defective B3GAT3 causes JDSSDHD,https://reactome.org/PathwayBrowser/#/R-HSA-69481
REACTOME,Defective B4GALT1 causes B4GALT1-CDG (CDG-2d),https://reactome.org/PathwayBrowser/#/R-HSA-5625740
REACTOME,"Defective B4GALT7 causes EDS, progeroid type",https://reactome.org/PathwayBrowser/#/R-HSA-68911
REACTOME,Defective C1GALT1C1 causes TNPS,https://reactome.org/PathwayBrowser/#/R-HSA-1299361
REACTOME,Defective CD320 causes MMATC,https://reactome.org/content/query?q=Defective%20CD320%20causes%20MMATC&types=Pathway
REACTOME,Defective CFTR causes cystic fibrosis,https://reactome.org/PathwayBrowser/#/R-HSA-9033658
REACTOME,"Defective CHST14 causes EDS, musculocontractural type",https://reactome.org/PathwayBrowser/#/R-HSA-937041
REACTOME,Defective CHST3 causes SEDCJD,https://reactome.org/PathwayBrowser/#/R-HSA-5603027
REACTOME,Defective CHST6 causes MCDC1,https://reactome.org/PathwayBrowser/#/R-HSA-5625970
REACTOME,Defective CHSY1 causes TPBS,https://reactome.org/PathwayBrowser/#/R-HSA-6788467
REACTOME,Defective CP causes aceruloplasminemia (ACERULOP),https://reactome.org/PathwayBrowser/#/R-HSA-350562
REACTOME,Defective CSF2RA causes SMDP4,https://reactome.org/PathwayBrowser/#/R-HSA-1433557
REACTOME,Defective CSF2RB causes SMDP5,https://reactome.org/PathwayBrowser/#/R-HSA-9716542
REACTOME,Defective CUBN causes MGA1,https://reactome.org/PathwayBrowser/#/R-HSA-1912422
REACTOME,Defective CYP11A1 causes AICSR,https://reactome.org/PathwayBrowser/#/R-HSA-5655253
REACTOME,Defective DHDDS causes RP59,https://reactome.org/PathwayBrowser/#/R-HSA-193704
REACTOME,Defective DNA double strand break response due to BARD1 loss of function,https://reactome.org/PathwayBrowser/#/R-HSA-432030
REACTOME,Defective DNA double strand break response due to BRCA1 loss of function,https://reactome.org/PathwayBrowser/#/R-HSA-159763
REACTOME,Defective DPM1 causes DPM1-CDG,https://reactome.org/PathwayBrowser/#/R-HSA-70268
REACTOME,Defective DPM2 causes DPM2-CDG,https://reactome.org/PathwayBrowser/#/R-HSA-5365859
REACTOME,Defective DPM3 causes DPM3-CDG,https://reactome.org/content/query?q=Defective%20DPM3%20causes%20DPM3-CDG&types=Pathway
REACTOME,"Defective EXT1 causes exostoses 1, TRPS2 and CHDS",https://reactome.org/PathwayBrowser/#/R-HSA-69478
REACTOME,Defective EXT2 causes exostoses 2,https://reactome.org/PathwayBrowser/#/R-HSA-69473
REACTOME,Defective F8 binding to von Willebrand factor,https://reactome.org/PathwayBrowser/#/R-HSA-5362798
REACTOME,Defective F8 cleavage by thrombin,https://reactome.org/PathwayBrowser/#/R-HSA-444821
REACTOME,Defective F8 sulfation at Y1699,https://reactome.org/PathwayBrowser/#/R-HSA-196108
REACTOME,Defective F9 activation,https://reactome.org/content/query?q=Defective%20F9%20activation&types=Pathway
REACTOME,Defective F9 variant does not activate FX,https://reactome.org/PathwayBrowser/#/R-HSA-159782
REACTOME,Defective GALNT12 causes CRCS1,https://reactome.org/PathwayBrowser/#/R-HSA-1299316
REACTOME,Defective GALNT3 causes HFTC,https://reactome.org/PathwayBrowser/#/R-HSA-1299503
REACTOME,Defective GCLC causes HAGGSD,https://reactome.org/PathwayBrowser/#/R-HSA-176974
REACTOME,Defective HDR through Homologous Recombination Repair (HRR) due to PALB2 loss of BRCA1 binding function,https://reactome.org/PathwayBrowser/#/R-HSA-163282
REACTOME,Defective HDR through Homologous Recombination Repair (HRR) due to PALB2 loss of BRCA2/RAD51/RAD51C binding function,https://reactome.org/PathwayBrowser/#/R-HSA-5368287
REACTOME,Defective HLCS causes multiple carboxylase deficiency,https://reactome.org/PathwayBrowser/#/R-HSA-5655291
REACTOME,Defective Inhibition of DNA Recombination at Telomere,https://reactome.org/PathwayBrowser/#/R-HSA-446107
REACTOME,Defective Inhibition of DNA Recombination at Telomere Due to ATRX Mutations,https://reactome.org/PathwayBrowser/#/R-HSA-71240
REACTOME,Defective Inhibition of DNA Recombination at Telomere Due to DAXX Mutations,https://reactome.org/PathwayBrowser/#/R-HSA-5467348
REACTOME,Defective Intrinsic Pathway for Apoptosis,https://reactome.org/PathwayBrowser/#/R-HSA-8849468
REACTOME,Defective Intrinsic Pathway for Apoptosis Due to p14ARF Loss of Function,https://reactome.org/PathwayBrowser/#/R-HSA-211981
REACTOME,Defective LARGE causes MDDGA6 and MDDGB6,https://reactome.org/PathwayBrowser/#/R-HSA-2892247
REACTOME,Defective LFNG causes SCDO3,https://reactome.org/PathwayBrowser/#/R-HSA-5689880
REACTOME,"Defective MMAA causes MMA, cblA type",https://reactome.org/PathwayBrowser/#/R-HSA-168898
REACTOME,Defective MMADHC causes MMAHCD,https://reactome.org/PathwayBrowser/#/R-HSA-199992
REACTOME,Defective MTR causes HMAG,https://reactome.org/PathwayBrowser/#/R-HSA-72306
REACTOME,Defective MTRR causes HMAE,https://reactome.org/PathwayBrowser/#/R-HSA-6782315
REACTOME,Defective MUT causes MMAM,https://reactome.org/PathwayBrowser/#/R-HSA-5250968
REACTOME,Defective Mismatch Repair Associated With MLH1,https://reactome.org/PathwayBrowser/#/R-HSA-83936
REACTOME,Defective Mismatch Repair Associated With MSH2,https://reactome.org/PathwayBrowser/#/R-HSA-8849175
REACTOME,Defective Mismatch Repair Associated With MSH3,https://reactome.org/PathwayBrowser/#/R-HSA-164952
REACTOME,Defective Mismatch Repair Associated With MSH6,https://reactome.org/PathwayBrowser/#/R-HSA-425397
REACTOME,Defective Mismatch Repair Associated With PMS2,https://reactome.org/PathwayBrowser/#/R-HSA-727802
REACTOME,Defective NEU1 causes sialidosis,https://reactome.org/PathwayBrowser/#/R-HSA-480985
REACTOME,"Defective POMGNT1 causes MDDGA3, MDDGB3 and MDDGC3",https://reactome.org/PathwayBrowser/#/R-HSA-75064
REACTOME,"Defective POMT1 causes MDDGA1, MDDGB1 and MDDGC1",https://reactome.org/PathwayBrowser/#/R-HSA-72172
REACTOME,"Defective POMT2 causes MDDGA2, MDDGB2 and MDDGC2",https://reactome.org/PathwayBrowser/#/R-HSA-72200
REACTOME,Defective RIPK1-mediated regulated necrosis,https://reactome.org/PathwayBrowser/#/R-HSA-2046104
REACTOME,Defective SERPING1 causes hereditary angioedema,https://reactome.org/PathwayBrowser/#/R-HSA-76005
REACTOME,Defective SLC16A1 causes symptomatic deficiency in lactate transport (SDLT),https://reactome.org/content/query?q=Defective%20SLC16A1%20causes%20symptomatic%20deficiency%20in%20lactate%20transport%20%28SDLT%29&types=Pathway
REACTOME,Defective SLC3A1 causes cystinuria (CSNU),https://reactome.org/PathwayBrowser/#/R-HSA-5620916
REACTOME,Defective SLC40A1 causes hemochromatosis 4 (HFE4) (duodenum),https://reactome.org/PathwayBrowser/#/R-HSA-6785470
REACTOME,Defective SLC40A1 causes hemochromatosis 4 (HFE4) (macrophages),https://reactome.org/PathwayBrowser/#/R-HSA-5675482
REACTOME,Defective SLC7A7 causes lysinuric protein intolerance (LPI),https://reactome.org/PathwayBrowser/#/R-HSA-4791275
REACTOME,Defective SLC7A9 causes cystinuria (CSNU),https://reactome.org/PathwayBrowser/#/R-HSA-3238698
REACTOME,Defective ST3GAL3 causes MCT12 and EIEE15,https://reactome.org/PathwayBrowser/#/R-HSA-5627123
REACTOME,Defective TPR may confer susceptibility towards thyroid papillary carcinoma (TPC),https://reactome.org/PathwayBrowser/#/R-HSA-73894
REACTOME,"Defective binding of RB1 mutants to E2F1,(E2F2, E2F3)",https://reactome.org/PathwayBrowser/#/R-HSA-1483206
REACTOME,Defective cofactor function of FVIIIa variant,https://reactome.org/PathwayBrowser/#/R-HSA-111457
REACTOME,Defective factor IX causes hemophilia B,https://reactome.org/PathwayBrowser/#/R-HSA-9627069
REACTOME,Defective factor IX causes thrombophilia,https://reactome.org/PathwayBrowser/#/R-HSA-350864
REACTOME,Defective factor VIII causes hemophilia A,https://reactome.org/PathwayBrowser/#/R-HSA-9757110
REACTOME,Defective factor XII causes hereditary angioedema,https://reactome.org/PathwayBrowser/#/R-HSA-2500257
REACTOME,Defective gamma-carboxylation of F9,https://reactome.org/PathwayBrowser/#/R-HSA-9648895
REACTOME,Defective homologous recombination repair (HRR) due to BRCA1 loss of function,https://reactome.org/PathwayBrowser/#/R-HSA-1268020
REACTOME,Defective homologous recombination repair (HRR) due to BRCA2 loss of function,https://reactome.org/PathwayBrowser/#/R-HSA-1362409
REACTOME,Defective homologous recombination repair (HRR) due to PALB2 loss of function,https://reactome.org/PathwayBrowser/#/R-HSA-379726
REACTOME,Defective pyroptosis,https://reactome.org/PathwayBrowser/#/R-HSA-597592
REACTOME,Defects in biotin (Btn) metabolism,https://reactome.org/PathwayBrowser/#/R-HSA-5654743
REACTOME,Defects in cobalamin (B12) metabolism,https://reactome.org/PathwayBrowser/#/R-HSA-166663
REACTOME,Defects in vitamin and cofactor metabolism,https://reactome.org/PathwayBrowser/#/R-HSA-2995383
REACTOME,Defects of contact activation system (CAS) and kallikrein/kinin system (KKS),https://reactome.org/PathwayBrowser/#/R-HSA-1912408
REACTOME,Defensins,https://reactome.org/PathwayBrowser/#/R-HSA-9704646
REACTOME,Degradation of AXIN,https://reactome.org/PathwayBrowser/#/R-HSA-211859
REACTOME,Degradation of DVL,https://reactome.org/PathwayBrowser/#/R-HSA-9018676
REACTOME,Degradation of GABA,https://reactome.org/PathwayBrowser/#/R-HSA-8866427
REACTOME,Degradation of GLI1 by the proteasome,https://reactome.org/PathwayBrowser/#/R-HSA-9025106
REACTOME,Degradation of GLI2 by the proteasome,https://reactome.org/PathwayBrowser/#/R-HSA-9023661
REACTOME,Degradation of beta-catenin by the destruction complex,https://reactome.org/PathwayBrowser/#/R-HSA-73884
REACTOME,Degradation of cysteine and homocysteine,https://reactome.org/PathwayBrowser/#/R-HSA-6804760
REACTOME,Degradation of the extracellular matrix,https://reactome.org/PathwayBrowser/#/R-HSA-9711123
REACTOME,Depolymerization of the Nuclear Lamina,https://reactome.org/PathwayBrowser/#/R-HSA-8941858
REACTOME,Deposition of new CENPA-containing nucleosomes at the centromere,https://reactome.org/PathwayBrowser/#/R-HSA-5678895
REACTOME,Depurination,https://reactome.org/PathwayBrowser/#/R-HSA-3772470
REACTOME,Depyrimidination,https://reactome.org/PathwayBrowser/#/R-HSA-6794361
REACTOME,Deregulated CDK5 triggers multiple neurodegenerative pathways in Alzheimer's disease models,https://reactome.org/PathwayBrowser/#/R-HSA-6807070
REACTOME,Dermatan sulfate biosynthesis,https://reactome.org/PathwayBrowser/#/R-HSA-2428924
REACTOME,Detoxification of Reactive Oxygen Species,https://reactome.org/PathwayBrowser/#/R-HSA-2682334
REACTOME,Deubiquitination,https://reactome.org/PathwayBrowser/#/R-HSA-450385
REACTOME,Developmental Biology,https://reactome.org/PathwayBrowser/#/R-HSA-9028731
REACTOME,Digestion,https://reactome.org/PathwayBrowser/#/R-HSA-5696399
REACTOME,Digestion and absorption,https://reactome.org/PathwayBrowser/#/R-HSA-163359
REACTOME,Digestion of dietary carbohydrate,https://reactome.org/PathwayBrowser/#/R-HSA-168643
REACTOME,Digestion of dietary lipid,https://reactome.org/PathwayBrowser/#/R-HSA-380615
REACTOME,Dimerization of procaspase-8,https://reactome.org/PathwayBrowser/#/R-HSA-2173795
REACTOME,Disassembly of the destruction complex and recruitment of AXIN to the membrane,https://reactome.org/PathwayBrowser/#/R-HSA-5663205
REACTOME,Disease,https://reactome.org/content/query?q=Disease&types=Pathway
REACTOME,Diseases associated with N-glycosylation of proteins,https://reactome.org/PathwayBrowser/#/R-HSA-9013406
REACTOME,Diseases associated with O-glycosylation of proteins,https://reactome.org/content/query?q=Diseases%20associated%20with%20O-glycosylation%20of%20proteins&types=Pathway
REACTOME,Diseases associated with glycosaminoglycan metabolism,https://reactome.org/PathwayBrowser/#/R-HSA-69205
REACTOME,Diseases associated with glycosylation precursor biosynthesis,https://reactome.org/PathwayBrowser/#/R-HSA-77289
REACTOME,Diseases associated with surfactant metabolism,https://reactome.org/PathwayBrowser/#/R-HSA-8948751
REACTOME,Diseases associated with the TLR signaling cascade,https://reactome.org/PathwayBrowser/#/R-HSA-5423599
REACTOME,Diseases associated with visual transduction,https://reactome.org/PathwayBrowser/#/R-HSA-176408
REACTOME,Diseases of Base Excision Repair,https://reactome.org/PathwayBrowser/#/R-HSA-199418
REACTOME,Diseases of Cellular Senescence,https://reactome.org/PathwayBrowser/#/R-HSA-8866910
REACTOME,Diseases of DNA Double-Strand Break Repair,https://reactome.org/PathwayBrowser/#/R-HSA-8949215
REACTOME,Diseases of DNA repair,https://reactome.org/PathwayBrowser/#/R-HSA-1592230
REACTOME,Diseases of Immune System,https://reactome.org/PathwayBrowser/#/R-HSA-9675135
REACTOME,Diseases of Mismatch Repair (MMR),https://reactome.org/PathwayBrowser/#/R-HSA-8852276
REACTOME,Diseases of Telomere Maintenance,https://reactome.org/PathwayBrowser/#/R-HSA-427589
REACTOME,Diseases of carbohydrate metabolism,https://reactome.org/PathwayBrowser/#/R-HSA-2122947
REACTOME,Diseases of cellular response to stress,https://reactome.org/PathwayBrowser/#/R-HSA-3645790
REACTOME,Diseases of glycosylation,https://reactome.org/PathwayBrowser/#/R-HSA-141424
REACTOME,Diseases of hemostasis,https://reactome.org/content/query?q=Diseases%20of%20hemostasis&types=Pathway
REACTOME,Diseases of metabolism,https://reactome.org/PathwayBrowser/#/R-HSA-193048
REACTOME,Diseases of mitochondrial beta oxidation,https://reactome.org/PathwayBrowser/#/R-HSA-5250971
REACTOME,Diseases of mitotic cell cycle,https://reactome.org/PathwayBrowser/#/R-HSA-6814848
REACTOME,Diseases of nucleotide metabolism,https://reactome.org/PathwayBrowser/#/R-HSA-9682706
REACTOME,Diseases of programmed cell death,https://reactome.org/PathwayBrowser/#/R-HSA-8849470
REACTOME,Diseases of propionyl-CoA catabolism,https://reactome.org/PathwayBrowser/#/R-HSA-5250955
REACTOME,Diseases of signal transduction by growth factor receptors and second messengers,https://reactome.org/PathwayBrowser/#/R-HSA-9018681
REACTOME,Diseases of the neuronal system,https://reactome.org/PathwayBrowser/#/R-HSA-169911
REACTOME,Disinhibition of SNARE formation,https://reactome.org/PathwayBrowser/#/R-HSA-3299685
REACTOME,Disorders of Developmental Biology,https://reactome.org/PathwayBrowser/#/R-HSA-975155
REACTOME,Disorders of Nervous System Development,https://reactome.org/PathwayBrowser/#/R-HSA-166166
REACTOME,Disorders of transmembrane transporters,https://reactome.org/content/query?q=Disorders%20of%20transmembrane%20transporters&types=Pathway
REACTOME,Displacement of DNA glycosylase by APEX1,https://reactome.org/PathwayBrowser/#/R-HSA-418886
REACTOME,Dissolution of Fibrin Clot,https://reactome.org/PathwayBrowser/#/R-HSA-9637690
REACTOME,Dopamine Neurotransmitter Release Cycle,https://reactome.org/PathwayBrowser/#/R-HSA-1266695
REACTOME,Dopamine clearance from the synaptic cleft,https://reactome.org/PathwayBrowser/#/R-HSA-168164
REACTOME,Dopamine receptors,https://reactome.org/PathwayBrowser/#/R-HSA-6804115
REACTOME,Downregulation of ERBB2 signaling,https://reactome.org/PathwayBrowser/#/R-HSA-189483
REACTOME,Downregulation of ERBB2:ERBB3 signaling,https://reactome.org/PathwayBrowser/#/R-HSA-3371571
REACTOME,Downregulation of ERBB4 signaling,https://reactome.org/content/query?q=Downregulation%20of%20ERBB4%20signaling&types=Pathway
REACTOME,Downregulation of SMAD2/3:SMAD4 transcriptional activity,https://reactome.org/PathwayBrowser/#/R-HSA-8875513
REACTOME,Downregulation of TGF-beta receptor signaling,https://reactome.org/PathwayBrowser/#/R-HSA-5687128
REACTOME,Downstream TCR signaling,https://reactome.org/PathwayBrowser/#/R-HSA-181431
REACTOME,Downstream signal transduction,https://reactome.org/PathwayBrowser/#/R-HSA-167158
REACTOME,Downstream signaling events of B Cell Receptor (BCR),https://reactome.org/PathwayBrowser/#/R-HSA-390471
REACTOME,Downstream signaling of activated FGFR1,https://reactome.org/PathwayBrowser/#/R-HSA-164939
REACTOME,Downstream signaling of activated FGFR2,https://reactome.org/PathwayBrowser/#/R-HSA-5654726
REACTOME,Downstream signaling of activated FGFR3,https://reactome.org/PathwayBrowser/#/R-HSA-165160
REACTOME,Downstream signaling of activated FGFR4,https://reactome.org/PathwayBrowser/#/R-HSA-1483255
REACTOME,Drug ADME,https://reactome.org/PathwayBrowser/#/R-HSA-446353
REACTOME,Drug resistance in ERBB2 KD mutants,https://reactome.org/PathwayBrowser/#/R-HSA-445144
REACTOME,Drug resistance in ERBB2 TMD/JMD mutants,https://reactome.org/PathwayBrowser/#/R-HSA-6802952
REACTOME,Drug-mediated inhibition of CDK4/CDK6 activity,https://reactome.org/PathwayBrowser/#/R-HSA-3642279
REACTOME,Drug-mediated inhibition of ERBB2 signaling,https://reactome.org/PathwayBrowser/#/R-HSA-391160
REACTOME,Drug-mediated inhibition of MET activation,https://reactome.org/PathwayBrowser/#/R-HSA-983705
REACTOME,Dual Incision in GG-NER,https://reactome.org/PathwayBrowser/#/R-HSA-5339700
REACTOME,Dual incision in TC-NER,https://reactome.org/PathwayBrowser/#/R-HSA-205043
REACTOME,E2F mediated regulation of DNA replication,https://reactome.org/PathwayBrowser/#/R-HSA-5654228
REACTOME,E2F-enabled inhibition of pre-replication complex formation,https://reactome.org/PathwayBrowser/#/R-HSA-5654227
REACTOME,E3 ubiquitin ligases ubiquitinate target proteins,https://reactome.org/PathwayBrowser/#/R-HSA-2033519
REACTOME,ECM proteoglycans,https://reactome.org/PathwayBrowser/#/R-HSA-159424
REACTOME,EGFR Transactivation by Gastrin,https://reactome.org/PathwayBrowser/#/R-HSA-9665250
REACTOME,EGFR downregulation,https://reactome.org/PathwayBrowser/#/R-HSA-2644607
REACTOME,EGFR interacts with phospholipase C-gamma,https://reactome.org/PathwayBrowser/#/R-HSA-3304349
REACTOME,EGR2 and SOX10-mediated initiation of Schwann cell myelination,https://reactome.org/PathwayBrowser/#/R-HSA-9663891
REACTOME,EML4 and NUDC in mitotic spindle formation,https://reactome.org/PathwayBrowser/#/R-HSA-9603798
REACTOME,EPH-Ephrin signaling,https://reactome.org/PathwayBrowser/#/R-HSA-5654706
REACTOME,EPH-ephrin mediated repulsion of cells,https://reactome.org/PathwayBrowser/#/R-HSA-113501
REACTOME,EPHA-mediated growth cone collapse,https://reactome.org/PathwayBrowser/#/R-HSA-9022538
REACTOME,EPHB-mediated forward signaling,https://reactome.org/PathwayBrowser/#/R-HSA-6783310
REACTOME,ER Quality Control Compartment (ERQC),https://reactome.org/PathwayBrowser/#/R-HSA-3000178
REACTOME,ER to Golgi Anterograde Transport,https://reactome.org/PathwayBrowser/#/R-HSA-9613829
REACTOME,ER-Phagosome pathway,https://reactome.org/PathwayBrowser/#/R-HSA-9678110
REACTOME,ERBB2 Activates PTK6 Signaling,https://reactome.org/PathwayBrowser/#/R-HSA-5358346
REACTOME,ERBB2 Regulates Cell Motility,https://reactome.org/PathwayBrowser/#/R-HSA-5632684
REACTOME,ERCC6 (CSB) and EHMT2 (G9a) positively regulate rRNA expression,https://reactome.org/PathwayBrowser/#/R-HSA-5673000
REACTOME,ERK/MAPK targets,https://reactome.org/PathwayBrowser/#/R-HSA-73780
REACTOME,ERKs are inactivated,https://reactome.org/PathwayBrowser/#/R-HSA-8853884
REACTOME,ESR-mediated signaling,https://reactome.org/PathwayBrowser/#/R-HSA-4717374
REACTOME,Early Phase of HIV Life Cycle,https://reactome.org/PathwayBrowser/#/R-HSA-73864
REACTOME,Early SARS-CoV-2 Infection Events,https://reactome.org/PathwayBrowser/#/R-HSA-888568
REACTOME,Effects of PIP2 hydrolysis,https://reactome.org/PathwayBrowser/#/R-HSA-8939246
REACTOME,Eicosanoid ligand-binding receptors,https://reactome.org/PathwayBrowser/#/R-HSA-168179
REACTOME,Eicosanoids,https://reactome.org/PathwayBrowser/#/R-HSA-5633008
REACTOME,Elastic fibre formation,https://reactome.org/PathwayBrowser/#/R-HSA-9022692
REACTOME,Electric Transmission Across Gap Junctions,https://reactome.org/PathwayBrowser/#/R-HSA-159234
REACTOME,Electron transport from NADPH to Ferredoxin,https://reactome.org/PathwayBrowser/#/R-HSA-446210
REACTOME,Elevation of cytosolic Ca2+ levels,https://reactome.org/PathwayBrowser/#/R-HSA-9017802
REACTOME,Endogenous sterols,https://reactome.org/PathwayBrowser/#/R-HSA-5632928
REACTOME,Endosomal Sorting Complex Required For Transport (ESCRT),https://reactome.org/PathwayBrowser/#/R-HSA-168316
REACTOME,Endosomal/Vacuolar pathway,https://reactome.org/PathwayBrowser/#/R-HSA-5668599
REACTOME,Energy dependent regulation of mTOR by LKB1-AMPK,https://reactome.org/PathwayBrowser/#/R-HSA-110362
REACTOME,Entry of Influenza Virion into Host Cell via Endocytosis,https://reactome.org/PathwayBrowser/#/R-HSA-187706
REACTOME,Enzymatic degradation of Dopamine by monoamine oxidase,https://reactome.org/PathwayBrowser/#/R-HSA-181438
REACTOME,Enzymatic degradation of dopamine by COMT,https://reactome.org/PathwayBrowser/#/R-HSA-168142
REACTOME,Ephrin signaling,https://reactome.org/PathwayBrowser/#/R-HSA-6782210
REACTOME,Epigenetic regulation of gene expression,https://reactome.org/PathwayBrowser/#/R-HSA-5083625
REACTOME,Epithelial-Mesenchymal Transition (EMT) during gastrulation,https://reactome.org/PathwayBrowser/#/R-HSA-194441
REACTOME,Erythrocytes take up carbon dioxide and release oxygen,https://reactome.org/PathwayBrowser/#/R-HSA-2453864
REACTOME,Erythrocytes take up oxygen and release carbon dioxide,https://reactome.org/PathwayBrowser/#/R-HSA-975634
REACTOME,Erythropoietin activates Phosphoinositide-3-kinase (PI3K),https://reactome.org/PathwayBrowser/#/R-HSA-2033514
REACTOME,Erythropoietin activates Phospholipase C gamma (PLCG),https://reactome.org/PathwayBrowser/#/R-HSA-8876725
REACTOME,Erythropoietin activates RAS,https://reactome.org/PathwayBrowser/#/R-HSA-8852135
REACTOME,Erythropoietin activates STAT5,https://reactome.org/PathwayBrowser/#/R-HSA-5676934
REACTOME,Establishment of Sister Chromatid Cohesion,https://reactome.org/PathwayBrowser/#/R-HSA-5578768
REACTOME,Estrogen biosynthesis,https://reactome.org/PathwayBrowser/#/R-HSA-5083628
REACTOME,Estrogen-dependent gene expression,https://reactome.org/PathwayBrowser/#/R-HSA-179812
REACTOME,Estrogen-dependent nuclear events downstream of ESR-membrane signaling,https://reactome.org/PathwayBrowser/#/R-HSA-3642278
REACTOME,Estrogen-stimulated signaling through PRKCZ,https://reactome.org/PathwayBrowser/#/R-HSA-6798695
REACTOME,Ethanol oxidation,https://reactome.org/PathwayBrowser/#/R-HSA-422356
REACTOME,Eukaryotic Translation Elongation,https://reactome.org/PathwayBrowser/#/R-HSA-9669938
REACTOME,Eukaryotic Translation Initiation,https://reactome.org/PathwayBrowser/#/R-HSA-9036866
REACTOME,Eukaryotic Translation Termination,https://reactome.org/PathwayBrowser/#/R-HSA-9652169
REACTOME,Evasion of Oncogene Induced Senescence Due to Defective p16INK4A binding to CDK4,https://reactome.org/PathwayBrowser/#/R-HSA-8869496
REACTOME,Evasion of Oncogene Induced Senescence Due to Defective p16INK4A binding to CDK4 and CDK6,https://reactome.org/PathwayBrowser/#/R-HSA-2173789
REACTOME,Evasion of Oncogene Induced Senescence Due to p16INK4A Defects,https://reactome.org/PathwayBrowser/#/R-HSA-8866906
REACTOME,Evasion of Oxidative Stress Induced Senescence Due to Defective p16INK4A binding to CDK4,https://reactome.org/PathwayBrowser/#/R-HSA-3656532
REACTOME,Evasion of Oxidative Stress Induced Senescence Due to Defective p16INK4A binding to CDK4 and CDK6,https://reactome.org/PathwayBrowser/#/R-HSA-3656535
REACTOME,Evasion of Oxidative Stress Induced Senescence Due to p16INK4A Defects,https://reactome.org/PathwayBrowser/#/R-HSA-2173791
REACTOME,Events associated with phagocytolytic activity of PMN cells,https://reactome.org/PathwayBrowser/#/R-HSA-5655332
REACTOME,Export of Viral Ribonucleoproteins from Nucleus,https://reactome.org/PathwayBrowser/#/R-HSA-69273
REACTOME,Expression and Processing of Neurotrophins,https://reactome.org/PathwayBrowser/#/R-HSA-111463
REACTOME,Expression and translocation of olfactory receptors,https://reactome.org/PathwayBrowser/#/R-HSA-983170
REACTOME,Extension of Telomeres,https://reactome.org/PathwayBrowser/#/R-HSA-3858516
REACTOME,Extra-nuclear estrogen signaling,https://reactome.org/PathwayBrowser/#/R-HSA-4719360
REACTOME,Extracellular matrix organization,https://reactome.org/PathwayBrowser/#/R-HSA-3371556
REACTOME,Extrinsic Pathway of Fibrin Clot Formation,https://reactome.org/PathwayBrowser/#/R-HSA-611105
REACTOME,FBXL7 down-regulates AURKA during mitotic entry and in early mitosis,https://reactome.org/PathwayBrowser/#/R-HSA-442729
REACTOME,FBXW7 Mutants and NOTCH1 in Cancer,https://reactome.org/PathwayBrowser/#/R-HSA-5689603
REACTOME,FCERI mediated Ca+2 mobilization,https://reactome.org/PathwayBrowser/#/R-HSA-174154
REACTOME,FCERI mediated MAPK activation,https://reactome.org/PathwayBrowser/#/R-HSA-174048
REACTOME,FCERI mediated NF-kB activation,https://reactome.org/PathwayBrowser/#/R-HSA-176409
REACTOME,FCGR activation,https://reactome.org/PathwayBrowser/#/R-HSA-211163
REACTOME,FCGR3A-mediated IL10 synthesis,https://reactome.org/PathwayBrowser/#/R-HSA-170984
REACTOME,FCGR3A-mediated phagocytosis,https://reactome.org/PathwayBrowser/#/R-HSA-381033
REACTOME,FGFR1 ligand binding and activation,https://reactome.org/content/query?q=FGFR1%20ligand%20binding%20and%20activation&types=Pathway
REACTOME,FGFR1 mutant receptor activation,https://reactome.org/PathwayBrowser/#/R-HSA-912446
REACTOME,FGFR1b ligand binding and activation,https://reactome.org/content/query?q=FGFR1b%20ligand%20binding%20and%20activation&types=Pathway
REACTOME,FGFR1c and Klotho ligand binding and activation,https://reactome.org/PathwayBrowser/#/R-HSA-5221030
REACTOME,FGFR1c ligand binding and activation,https://reactome.org/PathwayBrowser/#/R-HSA-75892
REACTOME,FGFR2 alternative splicing,https://reactome.org/PathwayBrowser/#/R-HSA-9025046
REACTOME,FGFR2 ligand binding and activation,https://reactome.org/PathwayBrowser/#/R-HSA-9603505
REACTOME,FGFR2 mutant receptor activation,https://reactome.org/content/query?q=FGFR2%20mutant%20receptor%20activation&types=Pathway
REACTOME,FGFR2b ligand binding and activation,https://reactome.org/PathwayBrowser/#/R-HSA-8951664
REACTOME,FGFR2c ligand binding and activation,https://reactome.org/PathwayBrowser/#/R-HSA-1234176
REACTOME,FGFR3 ligand binding and activation,https://reactome.org/PathwayBrowser/#/R-HSA-416700
REACTOME,FGFR3 mutant receptor activation,https://reactome.org/PathwayBrowser/#/R-HSA-417957
REACTOME,FGFR3b ligand binding and activation,https://reactome.org/PathwayBrowser/#/R-HSA-75896
REACTOME,FGFR3c ligand binding and activation,https://reactome.org/PathwayBrowser/#/R-HSA-2559580
REACTOME,FGFR4 ligand binding and activation,https://reactome.org/PathwayBrowser/#/R-HSA-5689896
REACTOME,FGFRL1 modulation of FGFR1 signaling,https://reactome.org/PathwayBrowser/#/R-HSA-6807004
REACTOME,FLT3 Signaling,https://reactome.org/PathwayBrowser/#/R-HSA-5685939
REACTOME,FLT3 signaling by CBL mutants,https://reactome.org/content/query?q=FLT3%20signaling%20by%20CBL%20mutants&types=Pathway
REACTOME,FLT3 signaling in disease,https://reactome.org/PathwayBrowser/#/R-HSA-9692913
REACTOME,FLT3 signaling through SRC family kinases,https://reactome.org/PathwayBrowser/#/R-HSA-2644602
REACTOME,FMO oxidises nucleophiles,https://reactome.org/PathwayBrowser/#/R-HSA-381340
REACTOME,FOXO-mediated transcription,https://reactome.org/PathwayBrowser/#/R-HSA-3359473
REACTOME,FOXO-mediated transcription of cell cycle genes,https://reactome.org/PathwayBrowser/#/R-HSA-6785807
REACTOME,FOXO-mediated transcription of cell death genes,https://reactome.org/PathwayBrowser/#/R-HSA-8849473
REACTOME,"FOXO-mediated transcription of oxidative stress, metabolic and neuronal genes",https://reactome.org/PathwayBrowser/#/R-HSA-3359467
REACTOME,FRS-mediated FGFR1 signaling,https://reactome.org/PathwayBrowser/#/R-HSA-5250941
REACTOME,FRS-mediated FGFR2 signaling,https://reactome.org/PathwayBrowser/#/R-HSA-5654732
REACTOME,FRS-mediated FGFR3 signaling,https://reactome.org/content/query?q=FRS-mediated%20FGFR3%20signaling&types=Pathway
REACTOME,FRS-mediated FGFR4 signaling,https://reactome.org/PathwayBrowser/#/R-HSA-381042
REACTOME,Factors involved in megakaryocyte development and platelet production,https://reactome.org/PathwayBrowser/#/R-HSA-110331
REACTOME,Fanconi Anemia Pathway,https://reactome.org/content/query?q=Fanconi%20Anemia%20Pathway&types=Pathway
REACTOME,FasL/ CD95L signaling,https://reactome.org/PathwayBrowser/#/R-HSA-8986944
REACTOME,Fatty Acids bound to GPR40 (FFAR1) regulate insulin secretion,https://reactome.org/PathwayBrowser/#/R-HSA-983712
REACTOME,Fatty acid metabolism,https://reactome.org/PathwayBrowser/#/R-HSA-392023
REACTOME,Fatty acids,https://reactome.org/PathwayBrowser/#/R-HSA-2142670
REACTOME,Fatty acyl-CoA biosynthesis,https://reactome.org/PathwayBrowser/#/R-HSA-170670
REACTOME,Fc epsilon receptor (FCERI) signaling,https://reactome.org/PathwayBrowser/#/R-HSA-179409
REACTOME,Fcgamma receptor (FCGR) dependent phagocytosis,https://reactome.org/PathwayBrowser/#/R-HSA-198693
REACTOME,Fertilization,https://reactome.org/PathwayBrowser/#/R-HSA-9734009
REACTOME,Fibronectin matrix formation,https://reactome.org/PathwayBrowser/#/R-HSA-373755
REACTOME,Ficolins bind to repetitive carbohydrate structures on the target cell surface,https://reactome.org/PathwayBrowser/#/R-HSA-8935690
REACTOME,Folding of actin by CCT/TriC,https://reactome.org/PathwayBrowser/#/R-HSA-844615
REACTOME,Formation of ATP by chemiosmotic coupling,https://reactome.org/PathwayBrowser/#/R-HSA-8941333
REACTOME,Formation of Fibrin Clot (Clotting Cascade),https://reactome.org/PathwayBrowser/#/R-HSA-1433617
REACTOME,Formation of HIV elongation complex in the absence of HIV Tat,https://reactome.org/PathwayBrowser/#/R-HSA-112303
REACTOME,Formation of HIV-1 elongation complex containing HIV-1 Tat,https://reactome.org/PathwayBrowser/#/R-HSA-1236977
REACTOME,Formation of Incision Complex in GG-NER,https://reactome.org/PathwayBrowser/#/R-HSA-8941326
REACTOME,Formation of RNA Pol II elongation complex,https://reactome.org/PathwayBrowser/#/R-HSA-211979
REACTOME,Formation of Senescence-Associated Heterochromatin Foci (SAHF),https://reactome.org/PathwayBrowser/#/R-HSA-4839743
REACTOME,Formation of TC-NER Pre-Incision Complex,https://reactome.org/PathwayBrowser/#/R-HSA-9029569
REACTOME,Formation of WDR5-containing histone-modifying complexes,https://reactome.org/PathwayBrowser/#/R-HSA-5578999
REACTOME,Formation of a pool of free 40S subunits,https://reactome.org/PathwayBrowser/#/R-HSA-9009391
REACTOME,Formation of annular gap junctions,https://reactome.org/PathwayBrowser/#/R-HSA-445355
REACTOME,Formation of apoptosome,https://reactome.org/PathwayBrowser/#/R-HSA-77387
REACTOME,Formation of axial mesoderm,https://reactome.org/PathwayBrowser/#/R-HSA-9673202
REACTOME,Formation of definitive endoderm,https://reactome.org/PathwayBrowser/#/R-HSA-15869
REACTOME,Formation of editosomes by ADAR proteins,https://reactome.org/PathwayBrowser/#/R-HSA-192823
REACTOME,Formation of lateral plate mesoderm,https://reactome.org/PathwayBrowser/#/R-HSA-75893
REACTOME,Formation of paraxial mesoderm,https://reactome.org/PathwayBrowser/#/R-HSA-196783
REACTOME,Formation of the Early Elongation Complex,https://reactome.org/PathwayBrowser/#/R-HSA-1566948
REACTOME,Formation of the Editosome,https://reactome.org/PathwayBrowser/#/R-HSA-5656121
REACTOME,Formation of the HIV-1 Early Elongation Complex,https://reactome.org/PathwayBrowser/#/R-HSA-2395516
REACTOME,"Formation of the active cofactor, UDP-glucuronate",https://reactome.org/PathwayBrowser/#/R-HSA-427975
REACTOME,Formation of the beta-catenin:TCF transactivating complex,https://reactome.org/PathwayBrowser/#/R-HSA-901032
REACTOME,Formation of the cornified envelope,https://reactome.org/PathwayBrowser/#/R-HSA-9028335
REACTOME,"Formation of the ternary complex, and subsequently, the 43S complex",https://reactome.org/PathwayBrowser/#/R-HSA-1474244
REACTOME,Formation of tubulin folding intermediates by CCT/TriC,https://reactome.org/PathwayBrowser/#/R-HSA-6798163
REACTOME,Formation of xylulose-5-phosphate,https://reactome.org/PathwayBrowser/#/R-HSA-9013405
REACTOME,Formyl peptide receptors bind formyl peptides and many other ligands,https://reactome.org/PathwayBrowser/#/R-HSA-9662360
REACTOME,Free fatty acid receptors,https://reactome.org/PathwayBrowser/#/R-HSA-156842
REACTOME,Free fatty acids regulate insulin secretion,https://reactome.org/PathwayBrowser/#/R-HSA-8941237
REACTOME,Frs2-mediated activation,https://reactome.org/PathwayBrowser/#/R-HSA-2428933
REACTOME,Fructose biosynthesis,https://reactome.org/PathwayBrowser/#/R-HSA-975138
REACTOME,Fructose catabolism,https://reactome.org/PathwayBrowser/#/R-HSA-9614399
REACTOME,Fructose metabolism,https://reactome.org/PathwayBrowser/#/R-HSA-400206
REACTOME,G alpha (12/13) signalling events,https://reactome.org/PathwayBrowser/#/R-HSA-1482788
REACTOME,G alpha (i) signalling events,https://reactome.org/PathwayBrowser/#/R-HSA-111932
REACTOME,G alpha (q) signalling events,https://reactome.org/PathwayBrowser/#/R-HSA-111997
REACTOME,G alpha (s) signalling events,https://reactome.org/PathwayBrowser/#/R-HSA-9699150
REACTOME,G alpha (z) signalling events,https://reactome.org/PathwayBrowser/#/R-HSA-2025928
REACTOME,G beta:gamma signalling through BTK,https://reactome.org/PathwayBrowser/#/R-HSA-9705462
REACTOME,G beta:gamma signalling through CDC42,https://reactome.org/PathwayBrowser/#/R-HSA-2514859
REACTOME,G beta:gamma signalling through PI3Kgamma,https://reactome.org/PathwayBrowser/#/R-HSA-74713
REACTOME,G beta:gamma signalling through PLC beta,https://reactome.org/PathwayBrowser/#/R-HSA-168256
REACTOME,G protein gated Potassium channels,https://reactome.org/PathwayBrowser/#/R-HSA-5603037
REACTOME,G-protein activation,https://reactome.org/PathwayBrowser/#/R-HSA-1606341
REACTOME,G-protein beta:gamma signalling,https://reactome.org/PathwayBrowser/#/R-HSA-2428928
REACTOME,G-protein mediated events,https://reactome.org/PathwayBrowser/#/R-HSA-3595177
REACTOME,G0 and Early G1,https://reactome.org/PathwayBrowser/#/R-HSA-210744
REACTOME,G1 Phase,https://reactome.org/PathwayBrowser/#/R-HSA-156590
REACTOME,G1/S DNA Damage Checkpoints,https://reactome.org/PathwayBrowser/#/R-HSA-204005
REACTOME,G1/S Transition,https://reactome.org/PathwayBrowser/#/R-HSA-9665737
REACTOME,G1/S-Specific Transcription,https://reactome.org/PathwayBrowser/#/R-HSA-77075
REACTOME,G2 Phase,https://reactome.org/PathwayBrowser/#/R-HSA-8964539
REACTOME,G2/M Checkpoints,https://reactome.org/PathwayBrowser/#/R-HSA-447041
REACTOME,G2/M DNA damage checkpoint,https://reactome.org/PathwayBrowser/#/R-HSA-9020958
REACTOME,G2/M DNA replication checkpoint,https://reactome.org/PathwayBrowser/#/R-HSA-72731
REACTOME,G2/M Transition,https://reactome.org/PathwayBrowser/#/R-HSA-9013148
REACTOME,GAB1 signalosome,https://reactome.org/PathwayBrowser/#/R-HSA-446343
REACTOME,GABA B receptor activation,https://reactome.org/PathwayBrowser/#/R-HSA-9674519
REACTOME,GABA receptor activation,https://reactome.org/PathwayBrowser/#/R-HSA-5683329
REACTOME,GABA synthesis,https://reactome.org/PathwayBrowser/#/R-HSA-5545619
REACTOME,"GABA synthesis, release, reuptake and degradation",https://reactome.org/PathwayBrowser/#/R-HSA-8981607
REACTOME,GDP-fucose biosynthesis,https://reactome.org/PathwayBrowser/#/R-HSA-9639288
REACTOME,GLI proteins bind promoters of Hh responsive genes to promote transcription,https://reactome.org/PathwayBrowser/#/R-HSA-194138
REACTOME,GLI3 is processed to GLI3R by the proteasome,https://reactome.org/PathwayBrowser/#/R-HSA-9018896
REACTOME,GP1b-IX-V activation signalling,https://reactome.org/PathwayBrowser/#/R-HSA-4090294
REACTOME,GPCR downstream signalling,https://reactome.org/PathwayBrowser/#/R-HSA-1482883
REACTOME,GPCR ligand binding,https://reactome.org/PathwayBrowser/#/R-HSA-9710421
REACTOME,GPER1 signaling,https://reactome.org/PathwayBrowser/#/R-HSA-3656253
REACTOME,GPVI-mediated activation cascade,https://reactome.org/PathwayBrowser/#/R-HSA-9793380
REACTOME,GRB2 events in EGFR signaling,https://reactome.org/PathwayBrowser/#/R-HSA-8876384
REACTOME,GRB2 events in ERBB2 signaling,https://reactome.org/PathwayBrowser/#/R-HSA-3371497
REACTOME,GRB2:SOS provides linkage to MAPK signaling for Integrins,https://reactome.org/PathwayBrowser/#/R-HSA-2168880
REACTOME,GRB7 events in ERBB2 signaling,https://reactome.org/PathwayBrowser/#/R-HSA-3371511
REACTOME,GSK3B and BTRC:CUL1-mediated-degradation of NFE2L2,https://reactome.org/PathwayBrowser/#/R-HSA-113507
REACTOME,GTP hydrolysis and joining of the 60S ribosomal subunit,https://reactome.org/PathwayBrowser/#/R-HSA-8854050
REACTOME,Gain-of-function MRAS complexes activate RAF signaling,https://reactome.org/PathwayBrowser/#/R-HSA-434313
REACTOME,Galactose catabolism,https://reactome.org/PathwayBrowser/#/R-HSA-194315
REACTOME,"Gamma carboxylation, hypusine formation and arylsulfatase activation",https://reactome.org/PathwayBrowser/#/R-HSA-1912399
REACTOME,Gamma-carboxylation of protein precursors,https://reactome.org/PathwayBrowser/#/R-HSA-73933
REACTOME,"Gamma-carboxylation, transport, and amino-terminal cleavage of proteins",https://reactome.org/PathwayBrowser/#/R-HSA-5693554
REACTOME,Gap junction assembly,https://reactome.org/PathwayBrowser/#/R-HSA-193681
REACTOME,Gap junction degradation,https://reactome.org/PathwayBrowser/#/R-HSA-426486
REACTOME,Gap junction trafficking,https://reactome.org/PathwayBrowser/#/R-HSA-2262752
REACTOME,Gap junction trafficking and regulation,https://reactome.org/PathwayBrowser/#/R-HSA-9711097
REACTOME,Gap-filling DNA repair synthesis and ligation in GG-NER,https://reactome.org/PathwayBrowser/#/R-HSA-1855183
REACTOME,Gap-filling DNA repair synthesis and ligation in TC-NER,https://reactome.org/PathwayBrowser/#/R-HSA-168276
REACTOME,Gastrin-CREB signalling pathway via PKC and MAPK,https://reactome.org/PathwayBrowser/#/R-HSA-9665247
REACTOME,Gastrulation,https://reactome.org/PathwayBrowser/#/R-HSA-196741
REACTOME,Gene Silencing by RNA,https://reactome.org/PathwayBrowser/#/R-HSA-156584
REACTOME,Gene and protein expression by JAK-STAT signaling after Interleukin-12 stimulation,https://reactome.org/PathwayBrowser/#/R-HSA-1474228
REACTOME,Gene expression (Transcription),https://reactome.org/PathwayBrowser/#/R-HSA-176187
REACTOME,Generation of second messenger molecules,https://reactome.org/PathwayBrowser/#/R-HSA-1300645
REACTOME,Generic Transcription Pathway,https://reactome.org/PathwayBrowser/#/R-HSA-111452
REACTOME,Germ layer formation at gastrulation,https://reactome.org/PathwayBrowser/#/R-HSA-202131
REACTOME,Global Genome Nucleotide Excision Repair (GG-NER),https://reactome.org/PathwayBrowser/#/R-HSA-8941284
REACTOME,Glucagon signaling in metabolic regulation,https://reactome.org/PathwayBrowser/#/R-HSA-68949
REACTOME,Glucagon-like Peptide-1 (GLP1) regulates insulin secretion,https://reactome.org/PathwayBrowser/#/R-HSA-3270619
REACTOME,Glucagon-type ligand receptors,https://reactome.org/PathwayBrowser/#/R-HSA-9709603
REACTOME,Glucocorticoid biosynthesis,https://reactome.org/PathwayBrowser/#/R-HSA-112412
REACTOME,Gluconeogenesis,https://reactome.org/PathwayBrowser/#/R-HSA-5637810
REACTOME,Glucose metabolism,https://reactome.org/PathwayBrowser/#/R-HSA-264870
REACTOME,Glucuronidation,https://reactome.org/PathwayBrowser/#/R-HSA-9636383
REACTOME,Glutamate Neurotransmitter Release Cycle,https://reactome.org/PathwayBrowser/#/R-HSA-9614085
REACTOME,Glutamate and glutamine metabolism,https://reactome.org/PathwayBrowser/#/R-HSA-8951671
REACTOME,"Glutamate binding, activation of AMPA receptors and synaptic plasticity",https://reactome.org/PathwayBrowser/#/R-HSA-438064
REACTOME,Glutathione conjugation,https://reactome.org/PathwayBrowser/#/R-HSA-9664424
REACTOME,Glutathione synthesis and recycling,https://reactome.org/PathwayBrowser/#/R-HSA-202733
REACTOME,Glycerophospholipid biosynthesis,https://reactome.org/PathwayBrowser/#/R-HSA-9758941
REACTOME,Glycerophospholipid catabolism,https://reactome.org/content/query?q=Glycerophospholipid%20catabolism&types=Pathway
REACTOME,Glycine degradation,https://reactome.org/PathwayBrowser/#/R-HSA-427652
REACTOME,Glycogen breakdown (glycogenolysis),https://reactome.org/PathwayBrowser/#/R-HSA-2979096
REACTOME,Glycogen metabolism,https://reactome.org/PathwayBrowser/#/R-HSA-2197563
REACTOME,Glycogen storage disease type 0 (liver GYS2),https://reactome.org/PathwayBrowser/#/R-HSA-203754
REACTOME,Glycogen storage disease type 0 (muscle GYS1),https://reactome.org/PathwayBrowser/#/R-HSA-6804116
REACTOME,Glycogen storage disease type II (GAA),https://reactome.org/PathwayBrowser/#/R-HSA-192105
REACTOME,Glycogen storage disease type IV (GBE1),https://reactome.org/PathwayBrowser/#/R-HSA-203641
REACTOME,Glycogen storage disease type XV (GYG1),https://reactome.org/PathwayBrowser/#/R-HSA-6803204
REACTOME,Glycogen storage diseases,https://reactome.org/PathwayBrowser/#/R-HSA-5676590
REACTOME,Glycogen synthesis,https://reactome.org/PathwayBrowser/#/R-HSA-168638
REACTOME,Glycolysis,https://reactome.org/PathwayBrowser/#/R-HSA-5357769
REACTOME,Glycoprotein hormones,https://reactome.org/PathwayBrowser/#/R-HSA-3249367
REACTOME,Glycosaminoglycan metabolism,https://reactome.org/PathwayBrowser/#/R-HSA-9697154
REACTOME,Glycosphingolipid metabolism,https://reactome.org/PathwayBrowser/#/R-HSA-174577
REACTOME,Glyoxylate metabolism and glycine degradation,https://reactome.org/PathwayBrowser/#/R-HSA-1474290
REACTOME,Golgi Associated Vesicle Biogenesis,https://reactome.org/PathwayBrowser/#/R-HSA-189085
REACTOME,Golgi Cisternae Pericentriolar Stack Reorganization,https://reactome.org/PathwayBrowser/#/R-HSA-8876198
REACTOME,Golgi-to-ER retrograde transport,https://reactome.org/PathwayBrowser/#/R-HSA-9646399
REACTOME,Growth hormone receptor signaling,https://reactome.org/PathwayBrowser/#/R-HSA-5658034
REACTOME,HATs acetylate histones,https://reactome.org/PathwayBrowser/#/R-HSA-9658195
REACTOME,HCMV Early Events,https://reactome.org/PathwayBrowser/#/R-HSA-373076
REACTOME,HCMV Infection,https://reactome.org/PathwayBrowser/#/R-HSA-8963889
REACTOME,HCMV Late Events,https://reactome.org/PathwayBrowser/#/R-HSA-2022090
REACTOME,HCN channels,https://reactome.org/PathwayBrowser/#/R-HSA-71737
REACTOME,HDACs deacetylate histones,https://reactome.org/PathwayBrowser/#/R-HSA-140877
REACTOME,HDL assembly,https://reactome.org/PathwayBrowser/#/R-HSA-5357905
REACTOME,HDL clearance,https://reactome.org/PathwayBrowser/#/R-HSA-1912420
REACTOME,HDL remodeling,https://reactome.org/PathwayBrowser/#/R-HSA-3000471
REACTOME,HDMs demethylate histones,https://reactome.org/PathwayBrowser/#/R-HSA-975163
REACTOME,HDR through Homologous Recombination (HRR),https://reactome.org/PathwayBrowser/#/R-HSA-1236975
REACTOME,HDR through Homologous Recombination (HRR) or Single Strand Annealing (SSA),https://reactome.org/PathwayBrowser/#/R-HSA-109581
REACTOME,HDR through MMEJ (alt-NHEJ),https://reactome.org/PathwayBrowser/#/R-HSA-5663213
REACTOME,HDR through Single Strand Annealing (SSA),https://reactome.org/PathwayBrowser/#/R-HSA-72203
REACTOME,HHAT G278V doesn't palmitoylate Hh-Np,https://reactome.org/PathwayBrowser/#/R-HSA-198203
REACTOME,HIV Infection,https://reactome.org/PathwayBrowser/#/R-HSA-8963693
REACTOME,HIV Life Cycle,https://reactome.org/content/query?q=HIV%20Life%20Cycle&types=Pathway
REACTOME,HIV Transcription Elongation,https://reactome.org/PathwayBrowser/#/R-HSA-211976
REACTOME,HIV Transcription Initiation,https://reactome.org/PathwayBrowser/#/R-HSA-9027283
REACTOME,HIV elongation arrest and recovery,https://reactome.org/PathwayBrowser/#/R-HSA-3928664
REACTOME,HS-GAG biosynthesis,https://reactome.org/PathwayBrowser/#/R-HSA-1538133
REACTOME,HS-GAG degradation,https://reactome.org/PathwayBrowser/#/R-HSA-69236
REACTOME,HSF1 activation,https://reactome.org/PathwayBrowser/#/R-HSA-73776
REACTOME,HSF1-dependent transactivation,https://reactome.org/PathwayBrowser/#/R-HSA-75955
REACTOME,HSP90 chaperone cycle for steroid hormone receptors (SHR) in the presence of ligand,https://reactome.org/PathwayBrowser/#/R-HSA-191273
REACTOME,Hedgehog 'off' state,https://reactome.org/PathwayBrowser/#/R-HSA-9018679
REACTOME,Hedgehog 'on' state,https://reactome.org/PathwayBrowser/#/R-HSA-9027307
REACTOME,Hedgehog ligand biogenesis,https://reactome.org/PathwayBrowser/#/R-HSA-9018677
REACTOME,Heme biosynthesis,https://reactome.org/PathwayBrowser/#/R-HSA-5693548
REACTOME,Heme degradation,https://reactome.org/PathwayBrowser/#/R-HSA-9007101
REACTOME,Heme signaling,https://reactome.org/PathwayBrowser/#/R-HSA-9675126
REACTOME,Hemostasis,https://reactome.org/PathwayBrowser/#/R-HSA-164843
REACTOME,Heparan sulfate/heparin (HS-GAG) metabolism,https://reactome.org/PathwayBrowser/#/R-HSA-1296059
REACTOME,Hh mutants abrogate ligand secretion,https://reactome.org/PathwayBrowser/#/R-HSA-9025094
REACTOME,Hh mutants are degraded by ERAD,https://reactome.org/PathwayBrowser/#/R-HSA-9018683
REACTOME,Highly calcium permeable nicotinic acetylcholine receptors,https://reactome.org/PathwayBrowser/#/R-HSA-416572
REACTOME,Highly calcium permeable postsynaptic nicotinic acetylcholine receptors,https://reactome.org/PathwayBrowser/#/R-HSA-400685
REACTOME,Highly sodium permeable postsynaptic acetylcholine nicotinic receptors,https://reactome.org/PathwayBrowser/#/R-HSA-376176
REACTOME,Histamine receptors,https://reactome.org/PathwayBrowser/#/R-HSA-6781827
REACTOME,Histidine catabolism,https://reactome.org/PathwayBrowser/#/R-HSA-5576891
REACTOME,Homologous DNA Pairing and Strand Exchange,https://reactome.org/PathwayBrowser/#/R-HSA-451927
REACTOME,Homology Directed Repair,https://reactome.org/PathwayBrowser/#/R-HSA-1169410
REACTOME,Hormone ligand-binding receptors,https://reactome.org/PathwayBrowser/#/R-HSA-8857538
REACTOME,Host Interactions of HIV factors,https://reactome.org/PathwayBrowser/#/R-HSA-177539
REACTOME,HuR (ELAVL1) binds and stabilizes mRNA,https://reactome.org/PathwayBrowser/#/R-HSA-9022699
REACTOME,Hyaluronan biosynthesis and export,https://reactome.org/PathwayBrowser/#/R-HSA-110357
REACTOME,Hyaluronan metabolism,https://reactome.org/PathwayBrowser/#/R-HSA-5619115
REACTOME,Hyaluronan uptake and degradation,https://reactome.org/PathwayBrowser/#/R-HSA-5576886
REACTOME,Hydrolysis of LPC,https://reactome.org/PathwayBrowser/#/R-HSA-2142688
REACTOME,Hydrolysis of LPE,https://reactome.org/PathwayBrowser/#/R-HSA-192905
REACTOME,Hydroxycarboxylic acid-binding receptors,https://reactome.org/PathwayBrowser/#/R-HSA-5336415
REACTOME,Hypusine synthesis from eIF5A-lysine,https://reactome.org/PathwayBrowser/#/R-HSA-9758881
REACTOME,IGF1R signaling cascade,https://reactome.org/PathwayBrowser/#/R-HSA-444473
REACTOME,IKBKB deficiency causes SCID,https://reactome.org/PathwayBrowser/#/R-HSA-3134973
REACTOME,IKBKG deficiency causes anhidrotic ectodermal dysplasia with immunodeficiency (EDA-ID) (via TLR),https://reactome.org/PathwayBrowser/#/R-HSA-9664535
REACTOME,IKK complex recruitment mediated by RIP1,https://reactome.org/PathwayBrowser/#/R-HSA-9671793
REACTOME,IL-6-type cytokine receptor ligand interactions,https://reactome.org/PathwayBrowser/#/R-HSA-1170546
REACTOME,IRAK1 recruits IKK complex,https://reactome.org/PathwayBrowser/#/R-HSA-9615710
REACTOME,IRAK1 recruits IKK complex upon TLR7/8 or 9 stimulation,https://reactome.org/PathwayBrowser/#/R-HSA-1222499
REACTOME,IRAK2 mediated activation of TAK1 complex,https://reactome.org/PathwayBrowser/#/R-HSA-9759194
REACTOME,IRAK2 mediated activation of TAK1 complex upon TLR7/8 or 9 stimulation,https://reactome.org/PathwayBrowser/#/R-HSA-9759785
REACTOME,IRAK4 deficiency (TLR2/4),https://reactome.org/PathwayBrowser/#/R-HSA-5663084
REACTOME,IRAK4 deficiency (TLR5),https://reactome.org/PathwayBrowser/#/R-HSA-622323
REACTOME,IRE1alpha activates chaperones,https://reactome.org/PathwayBrowser/#/R-HSA-975144
REACTOME,IRF3 mediated activation of type 1 IFN,https://reactome.org/PathwayBrowser/#/R-HSA-72163
REACTOME,IRF3-mediated induction of type I IFN,https://reactome.org/PathwayBrowser/#/R-HSA-6803207
REACTOME,IRS activation,https://reactome.org/PathwayBrowser/#/R-HSA-3108232
REACTOME,IRS-mediated signalling,https://reactome.org/PathwayBrowser/#/R-HSA-9758920
REACTOME,IRS-related events triggered by IGF1R,https://reactome.org/PathwayBrowser/#/R-HSA-444209
REACTOME,ISG15 antiviral mechanism,https://reactome.org/PathwayBrowser/#/R-HSA-9634285
REACTOME,IkBA variant leads to EDA-ID,https://reactome.org/PathwayBrowser/#/R-HSA-5653890
REACTOME,Immune System,https://reactome.org/PathwayBrowser/#/R-HSA-9660821
REACTOME,Immunoregulatory interactions between a Lymphoid and a non-Lymphoid cell,https://reactome.org/PathwayBrowser/#/R-HSA-392170
REACTOME,Impaired BRCA2 binding to PALB2,https://reactome.org/PathwayBrowser/#/R-HSA-5389840
REACTOME,Impaired BRCA2 binding to RAD51,https://reactome.org/PathwayBrowser/#/R-HSA-75067
REACTOME,Impaired BRCA2 binding to SEM1 (DSS1),https://reactome.org/PathwayBrowser/#/R-HSA-5218920
REACTOME,Impaired BRCA2 translocation to the nucleus,https://reactome.org/PathwayBrowser/#/R-HSA-5218921
REACTOME,Inactivation of APC/C via direct inhibition of the APC/C complex,https://reactome.org/PathwayBrowser/#/R-HSA-3322077
REACTOME,Inactivation of CDC42 and RAC1,https://reactome.org/PathwayBrowser/#/R-HSA-8983711
REACTOME,Inactivation of CSF3 (G-CSF) signaling,https://reactome.org/PathwayBrowser/#/R-HSA-1483152
REACTOME,"Inactivation, recovery and regulation of the phototransduction cascade",https://reactome.org/PathwayBrowser/#/R-HSA-512988
REACTOME,"Incretin synthesis, secretion, and inactivation",https://reactome.org/PathwayBrowser/#/R-HSA-4755609
REACTOME,Induction of Cell-Cell Fusion,https://reactome.org/PathwayBrowser/#/R-HSA-450341
REACTOME,Infection with Mycobacterium tuberculosis,https://reactome.org/PathwayBrowser/#/R-HSA-450294
REACTOME,Infectious disease,https://reactome.org/PathwayBrowser/#/R-HSA-179419
REACTOME,Inflammasomes,https://reactome.org/PathwayBrowser/#/R-HSA-6803544
REACTOME,Influenza Infection,https://reactome.org/PathwayBrowser/#/R-HSA-1236973
REACTOME,Influenza Viral RNA Transcription and Replication,https://reactome.org/PathwayBrowser/#/R-HSA-2243919
REACTOME,Influenza Virus Induced Apoptosis,https://reactome.org/PathwayBrowser/#/R-HSA-9755779
REACTOME,Inhibition of DNA recombination at telomere,https://reactome.org/PathwayBrowser/#/R-HSA-9032759
REACTOME,Inhibition of Host mRNA Processing and RNA Silencing,https://reactome.org/PathwayBrowser/#/R-HSA-211733
REACTOME,Inhibition of Signaling by Overexpressed EGFR,https://reactome.org/PathwayBrowser/#/R-HSA-3656534
REACTOME,Inhibition of TSC complex formation by PKB,https://reactome.org/PathwayBrowser/#/R-HSA-9679504
REACTOME,Inhibition of nitric oxide production,https://reactome.org/PathwayBrowser/#/R-HSA-112315
REACTOME,Inhibition of replication initiation of damaged DNA by RB1/E2F1,https://reactome.org/PathwayBrowser/#/R-HSA-9013694
REACTOME,Inhibition of the proteolytic activity of APC/C required for the onset of anaphase by mitotic spindle checkpoint components,https://reactome.org/PathwayBrowser/#/R-HSA-3229121
REACTOME,Inhibition of voltage gated Ca2+ channels via Gbeta/gamma subunits,https://reactome.org/PathwayBrowser/#/R-HSA-400508
REACTOME,Initial triggering of complement,https://reactome.org/PathwayBrowser/#/R-HSA-1369062
REACTOME,Initiation of Nuclear Envelope (NE) Reformation,https://reactome.org/PathwayBrowser/#/R-HSA-76042
REACTOME,InlA-mediated entry of Listeria monocytogenes into host cells,https://reactome.org/PathwayBrowser/#/R-HSA-9660826
REACTOME,InlB-mediated entry of Listeria monocytogenes into host cell,https://reactome.org/PathwayBrowser/#/R-HSA-419408
REACTOME,Innate Immune System,https://reactome.org/PathwayBrowser/#/R-HSA-9033807
REACTOME,Inositol phosphate metabolism,https://reactome.org/PathwayBrowser/#/R-HSA-445095
REACTOME,Inositol transporters,https://reactome.org/PathwayBrowser/#/R-HSA-5653656
REACTOME,Insertion of tail-anchored proteins into the endoplasmic reticulum membrane,https://reactome.org/PathwayBrowser/#/R-HSA-391903
REACTOME,Insulin effects increased synthesis of Xylulose-5-Phosphate,https://reactome.org/PathwayBrowser/#/R-HSA-8864260
REACTOME,Insulin processing,https://reactome.org/PathwayBrowser/#/R-HSA-5635851
REACTOME,Insulin receptor recycling,https://reactome.org/PathwayBrowser/#/R-HSA-5419276
REACTOME,Insulin receptor signalling cascade,https://reactome.org/PathwayBrowser/#/R-HSA-70350
REACTOME,Insulin-like Growth Factor-2 mRNA Binding Proteins (IGF2BPs/IMPs/VICKZs) bind RNA,https://reactome.org/PathwayBrowser/#/R-HSA-9772755
REACTOME,Integration of energy metabolism,https://reactome.org/PathwayBrowser/#/R-HSA-9796292
REACTOME,Integration of provirus,https://reactome.org/PathwayBrowser/#/R-HSA-73728
REACTOME,Integration of viral DNA into host genomic DNA,https://reactome.org/PathwayBrowser/#/R-HSA-73863
REACTOME,Integrin cell surface interactions,https://reactome.org/PathwayBrowser/#/R-HSA-177135
REACTOME,Integrin signaling,https://reactome.org/PathwayBrowser/#/R-HSA-168799
REACTOME,Interaction With Cumulus Cells And The Zona Pellucida,https://reactome.org/PathwayBrowser/#/R-HSA-2892245
REACTOME,Interaction between L1 and Ankyrins,https://reactome.org/PathwayBrowser/#/R-HSA-6806942
REACTOME,Interaction between PHLDA1 and AURKA,https://reactome.org/PathwayBrowser/#/R-HSA-5684996
REACTOME,Interactions of Rev with host cellular proteins,https://reactome.org/PathwayBrowser/#/R-HSA-111461
REACTOME,Interactions of Tat with host cellular proteins,https://reactome.org/PathwayBrowser/#/R-HSA-112308
REACTOME,Interactions of Vpr with host cellular proteins,https://reactome.org/PathwayBrowser/#/R-HSA-211897
REACTOME,Interconversion of 2-oxoglutarate and 2-hydroxyglutarate,https://reactome.org/PathwayBrowser/#/R-HSA-193697
REACTOME,Interconversion of nucleotide di- and triphosphates,https://reactome.org/PathwayBrowser/#/R-HSA-3878781
REACTOME,Interconversion of polyamines,https://reactome.org/PathwayBrowser/#/R-HSA-168138
REACTOME,Interferon Signaling,https://reactome.org/PathwayBrowser/#/R-HSA-69190
REACTOME,Interferon alpha/beta signaling,https://reactome.org/PathwayBrowser/#/R-HSA-2142845
REACTOME,Interferon gamma signaling,https://reactome.org/PathwayBrowser/#/R-HSA-70263
REACTOME,Interleukin receptor SHC signaling,https://reactome.org/PathwayBrowser/#/R-HSA-190371
REACTOME,Interleukin-1 family signaling,https://reactome.org/PathwayBrowser/#/R-HSA-390247
REACTOME,Interleukin-1 processing,https://reactome.org/PathwayBrowser/#/R-HSA-3065678
REACTOME,Interleukin-1 signaling,https://reactome.org/PathwayBrowser/#/R-HSA-111996
REACTOME,Interleukin-10 signaling,https://reactome.org/PathwayBrowser/#/R-HSA-381676
REACTOME,Interleukin-12 family signaling,https://reactome.org/PathwayBrowser/#/R-HSA-1614558
REACTOME,Interleukin-12 signaling,https://reactome.org/PathwayBrowser/#/R-HSA-4419969
REACTOME,Interleukin-15 signaling,https://reactome.org/PathwayBrowser/#/R-HSA-933541
REACTOME,Interleukin-17 signaling,https://reactome.org/PathwayBrowser/#/R-HSA-880009
REACTOME,Interleukin-18 signaling,https://reactome.org/PathwayBrowser/#/R-HSA-977606
REACTOME,Interleukin-2 family signaling,https://reactome.org/content/query?q=Interleukin-2%20family%20signaling&types=Pathway
REACTOME,Interleukin-2 signaling,https://reactome.org/PathwayBrowser/#/R-HSA-4655427
REACTOME,Interleukin-20 family signaling,https://reactome.org/PathwayBrowser/#/R-HSA-392851
REACTOME,Interleukin-21 signaling,https://reactome.org/PathwayBrowser/#/R-HSA-5250992
REACTOME,Interleukin-23 signaling,https://reactome.org/PathwayBrowser/#/R-HSA-391251
REACTOME,Interleukin-27 signaling,https://reactome.org/PathwayBrowser/#/R-HSA-9609507
REACTOME,"Interleukin-3, Interleukin-5 and GM-CSF signaling",https://reactome.org/PathwayBrowser/#/R-HSA-1839126
REACTOME,Interleukin-33 signaling,https://reactome.org/PathwayBrowser/#/R-HSA-428542
REACTOME,Interleukin-35 Signalling,https://reactome.org/PathwayBrowser/#/R-HSA-391908
REACTOME,Interleukin-36 pathway,https://reactome.org/PathwayBrowser/#/R-HSA-8868773
REACTOME,Interleukin-37 signaling,https://reactome.org/PathwayBrowser/#/R-HSA-210747
REACTOME,Interleukin-38 signaling,https://reactome.org/PathwayBrowser/#/R-HSA-75109
REACTOME,Interleukin-4 and Interleukin-13 signaling,https://reactome.org/PathwayBrowser/#/R-HSA-420092
REACTOME,Interleukin-6 family signaling,https://reactome.org/PathwayBrowser/#/R-HSA-375281
REACTOME,Interleukin-6 signaling,https://reactome.org/PathwayBrowser/#/R-HSA-5693579
REACTOME,Interleukin-7 signaling,https://reactome.org/PathwayBrowser/#/R-HSA-113418
REACTOME,Interleukin-9 signaling,https://reactome.org/content/query?q=Interleukin-9%20signaling&types=Pathway
REACTOME,Intestinal absorption,https://reactome.org/PathwayBrowser/#/R-HSA-75876
REACTOME,Intestinal hexose absorption,https://reactome.org/PathwayBrowser/#/R-HSA-6782861
REACTOME,Intestinal infectious diseases,https://reactome.org/PathwayBrowser/#/R-HSA-8953750
REACTOME,Intestinal saccharidase deficiencies,https://reactome.org/PathwayBrowser/#/R-HSA-433137
REACTOME,Intra-Golgi and retrograde Golgi-to-ER traffic,https://reactome.org/PathwayBrowser/#/R-HSA-5423646
REACTOME,Intra-Golgi traffic,https://reactome.org/PathwayBrowser/#/R-HSA-392451
REACTOME,Intracellular metabolism of fatty acids regulates insulin secretion,https://reactome.org/PathwayBrowser/#/R-HSA-1296067
REACTOME,Intracellular oxygen transport,https://reactome.org/PathwayBrowser/#/R-HSA-4551638
REACTOME,Intracellular signaling by second messengers,https://reactome.org/PathwayBrowser/#/R-HSA-5358752
REACTOME,Intraflagellar transport,https://reactome.org/PathwayBrowser/#/R-HSA-9603381
REACTOME,Intrinsic Pathway for Apoptosis,https://reactome.org/PathwayBrowser/#/R-HSA-264876
REACTOME,Intrinsic Pathway of Fibrin Clot Formation,https://reactome.org/PathwayBrowser/#/R-HSA-204174
REACTOME,Invadopodia formation,https://reactome.org/PathwayBrowser/#/R-HSA-3301854
REACTOME,Inwardly rectifying K+ channels,https://reactome.org/PathwayBrowser/#/R-HSA-381070
REACTOME,Ion channel transport,https://reactome.org/PathwayBrowser/#/R-HSA-72662
REACTOME,Ion homeostasis,https://reactome.org/PathwayBrowser/#/R-HSA-5610783
REACTOME,Ion influx/efflux at host-pathogen interface,https://reactome.org/PathwayBrowser/#/R-HSA-3928665
REACTOME,Ion transport by P-type ATPases,https://reactome.org/PathwayBrowser/#/R-HSA-195253
REACTOME,Ionotropic activity of kainate receptors,https://reactome.org/PathwayBrowser/#/R-HSA-1660516
REACTOME,Iron uptake and transport,https://reactome.org/PathwayBrowser/#/R-HSA-5205647
REACTOME,JNK (c-Jun kinases) phosphorylation and activation mediated by activated human TAK1,https://reactome.org/PathwayBrowser/#/R-HSA-351200
REACTOME,Josephin domain DUBs,https://reactome.org/PathwayBrowser/#/R-HSA-418360
REACTOME,KEAP1-NFE2L2 pathway,https://reactome.org/PathwayBrowser/#/R-HSA-4086398
REACTOME,KSRP (KHSRP) binds and destabilizes mRNA,https://reactome.org/PathwayBrowser/#/R-HSA-8939902
REACTOME,Keratan sulfate biosynthesis,https://reactome.org/PathwayBrowser/#/R-HSA-5173214
REACTOME,Keratan sulfate degradation,https://reactome.org/PathwayBrowser/#/R-HSA-5626467
REACTOME,Keratan sulfate/keratin metabolism,https://reactome.org/PathwayBrowser/#/R-HSA-418038
REACTOME,Keratinization,https://reactome.org/PathwayBrowser/#/R-HSA-9032500
REACTOME,Ketone body metabolism,https://reactome.org/PathwayBrowser/#/R-HSA-1362277
REACTOME,Killing mechanisms,https://reactome.org/PathwayBrowser/#/R-HSA-168255
REACTOME,Kinesins,https://reactome.org/PathwayBrowser/#/R-HSA-8856828
REACTOME,L13a-mediated translational silencing of Ceruloplasmin expression,https://reactome.org/PathwayBrowser/#/R-HSA-168274
REACTOME,L1CAM interactions,https://reactome.org/PathwayBrowser/#/R-HSA-1169091
REACTOME,LDL clearance,https://reactome.org/PathwayBrowser/#/R-HSA-5660489
REACTOME,LDL remodeling,https://reactome.org/PathwayBrowser/#/R-HSA-209931
REACTOME,LGI-ADAM interactions,https://reactome.org/PathwayBrowser/#/R-HSA-389977
REACTOME,LRR FLII-interacting protein 1 (LRRFIP1) activates type I IFN production,https://reactome.org/PathwayBrowser/#/R-HSA-202430
REACTOME,LTC4-CYSLTR mediated IL4 production,https://reactome.org/PathwayBrowser/#/R-HSA-171319
REACTOME,Lactose synthesis,https://reactome.org/PathwayBrowser/#/R-HSA-110381
REACTOME,Lagging Strand Synthesis,https://reactome.org/PathwayBrowser/#/R-HSA-211736
REACTOME,Laminin interactions,https://reactome.org/PathwayBrowser/#/R-HSA-392499
REACTOME,Late Phase of HIV Life Cycle,https://reactome.org/PathwayBrowser/#/R-HSA-446203
REACTOME,Late SARS-CoV-2 Infection Events,https://reactome.org/PathwayBrowser/#/R-HSA-8866907
REACTOME,Late endosomal microautophagy,https://reactome.org/PathwayBrowser/#/R-HSA-68867
REACTOME,Latent infection - Other responses of Mtb to phagocytosis,https://reactome.org/PathwayBrowser/#/R-HSA-9709957
REACTOME,Leading Strand Synthesis,https://reactome.org/PathwayBrowser/#/R-HSA-1295596
REACTOME,Lectin pathway of complement activation,https://reactome.org/PathwayBrowser/#/R-HSA-1266738
REACTOME,Leishmania infection,https://reactome.org/PathwayBrowser/#/R-HSA-180689
REACTOME,Leishmania parasite growth and survival,https://reactome.org/PathwayBrowser/#/R-HSA-1296025
REACTOME,Leishmania phagocytosis,https://reactome.org/PathwayBrowser/#/R-HSA-381183
REACTOME,Leukotriene receptors,https://reactome.org/PathwayBrowser/#/R-HSA-418457
REACTOME,Lewis blood group biosynthesis,https://reactome.org/PathwayBrowser/#/R-HSA-156580
REACTOME,Ligand-receptor interactions,https://reactome.org/PathwayBrowser/#/R-HSA-2219528
REACTOME,Linoleic acid (LA) metabolism,https://reactome.org/PathwayBrowser/#/R-HSA-163125
REACTOME,Lipid particle organization,https://reactome.org/PathwayBrowser/#/R-HSA-426048
REACTOME,Lipophagy,https://reactome.org/PathwayBrowser/#/R-HSA-390918
REACTOME,Listeria monocytogenes entry into host cells,https://reactome.org/PathwayBrowser/#/R-HSA-68886
REACTOME,Localization of the PINCH-ILK-PARVIN complex to focal adhesions,https://reactome.org/PathwayBrowser/#/R-HSA-1181150
REACTOME,Long-term potentiation,https://reactome.org/PathwayBrowser/#/R-HSA-964739
REACTOME,Loss of Function of FBXW7 in Cancer and NOTCH1 Signaling,https://reactome.org/PathwayBrowser/#/R-HSA-5602415
REACTOME,Loss of Function of SMAD2/3 in Cancer,https://reactome.org/PathwayBrowser/#/R-HSA-9768759
REACTOME,Loss of Function of SMAD4 in Cancer,https://reactome.org/PathwayBrowser/#/R-HSA-201688
REACTOME,Loss of Function of TGFBR1 in Cancer,https://reactome.org/PathwayBrowser/#/R-HSA-2565942
REACTOME,Loss of Function of TGFBR2 in Cancer,https://reactome.org/PathwayBrowser/#/R-HSA-187577
REACTOME,Loss of MECP2 binding ability to 5mC-DNA,https://reactome.org/PathwayBrowser/#/R-HSA-8866423
REACTOME,Loss of MECP2 binding ability to the NCoR/SMRT complex,https://reactome.org/PathwayBrowser/#/R-HSA-975871
REACTOME,Loss of Nlp from mitotic centrosomes,https://reactome.org/PathwayBrowser/#/R-HSA-73887
REACTOME,Loss of function of MECP2 in Rett syndrome,https://reactome.org/PathwayBrowser/#/R-HSA-390648
REACTOME,Loss of phosphorylation of MECP2 at T308,https://reactome.org/PathwayBrowser/#/R-HSA-1660499
REACTOME,Loss of proteins required for interphase microtubule organization from the centrosome,https://reactome.org/PathwayBrowser/#/R-HSA-5621480
REACTOME,Lysine catabolism,https://reactome.org/PathwayBrowser/#/R-HSA-351143
REACTOME,Lysosomal oligosaccharide catabolism,https://reactome.org/PathwayBrowser/#/R-HSA-418217
REACTOME,Lysosome Vesicle Biogenesis,https://reactome.org/PathwayBrowser/#/R-HSA-9657689
REACTOME,Lysosphingolipid and LPA receptors,https://reactome.org/PathwayBrowser/#/R-HSA-8866376
REACTOME,M Phase,https://reactome.org/PathwayBrowser/#/R-HSA-9662834
REACTOME,MAP kinase activation,https://reactome.org/PathwayBrowser/#/R-HSA-499943
REACTOME,MAP2K and MAPK activation,https://reactome.org/PathwayBrowser/#/R-HSA-2730905
REACTOME,MAP3K8 (TPL2)-dependent MAPK1/3 activation,https://reactome.org/PathwayBrowser/#/R-HSA-69186
REACTOME,MAPK family signaling cascades,https://reactome.org/PathwayBrowser/#/R-HSA-70895
REACTOME,MAPK targets/ Nuclear events mediated by MAP kinases,https://reactome.org/PathwayBrowser/#/R-HSA-76046
REACTOME,MAPK1 (ERK2) activation,https://reactome.org/PathwayBrowser/#/R-HSA-5357801
REACTOME,MAPK1/MAPK3 signaling,https://reactome.org/PathwayBrowser/#/R-HSA-352238
REACTOME,MAPK3 (ERK1) activation,https://reactome.org/PathwayBrowser/#/R-HSA-174414
REACTOME,MAPK6/MAPK4 signaling,https://reactome.org/PathwayBrowser/#/R-HSA-162588
REACTOME,MASTL Facilitates Mitotic Progression,https://reactome.org/PathwayBrowser/#/R-HSA-5576892
REACTOME,MECP2 regulates neuronal receptors and channels,https://reactome.org/PathwayBrowser/#/R-HSA-8853336
REACTOME,MECP2 regulates transcription factors,https://reactome.org/PathwayBrowser/#/R-HSA-167246
REACTOME,MECP2 regulates transcription of genes involved in GABA signaling,https://reactome.org/PathwayBrowser/#/R-HSA-8964046
REACTOME,MECP2 regulates transcription of neuronal ligands,https://reactome.org/PathwayBrowser/#/R-HSA-5696397
REACTOME,MET Receptor Activation,https://reactome.org/PathwayBrowser/#/R-HSA-8956321
REACTOME,MET activates PI3K/AKT signaling,https://reactome.org/PathwayBrowser/#/R-HSA-9673766
REACTOME,MET activates PTK2 signaling,https://reactome.org/PathwayBrowser/#/R-HSA-380612
REACTOME,MET activates PTPN11,https://reactome.org/PathwayBrowser/#/R-HSA-6802948
REACTOME,MET activates RAP1 and RAC1,https://reactome.org/PathwayBrowser/#/R-HSA-9673768
REACTOME,MET activates RAS signaling,https://reactome.org/PathwayBrowser/#/R-HSA-9679514
REACTOME,MET activates STAT3,https://reactome.org/PathwayBrowser/#/R-HSA-9670439
REACTOME,MET interacts with TNS proteins,https://reactome.org/PathwayBrowser/#/R-HSA-1980143
REACTOME,MET promotes cell motility,https://reactome.org/PathwayBrowser/#/R-HSA-196071
REACTOME,MET receptor recycling,https://reactome.org/PathwayBrowser/#/R-HSA-6802946
REACTOME,MHC class II antigen presentation,https://reactome.org/PathwayBrowser/#/R-HSA-390466
REACTOME,MTF1 activates gene expression,https://reactome.org/PathwayBrowser/#/R-HSA-209968
REACTOME,MTOR signalling,https://reactome.org/PathwayBrowser/#/R-HSA-2855086
REACTOME,Macroautophagy,https://reactome.org/PathwayBrowser/#/R-HSA-8953897
REACTOME,Major pathway of rRNA processing in the nucleolus and cytosol,https://reactome.org/PathwayBrowser/#/R-HSA-159854
REACTOME,Manipulation of host energy metabolism,https://reactome.org/PathwayBrowser/#/R-HSA-110373
REACTOME,Maturation of nucleoprotein,https://reactome.org/PathwayBrowser/#/R-HSA-5210891
REACTOME,Maturation of protein 3a,https://reactome.org/PathwayBrowser/#/R-HSA-187042
REACTOME,Maturation of protein E,https://reactome.org/PathwayBrowser/#/R-HSA-2142691
REACTOME,Maturation of spike protein,https://reactome.org/PathwayBrowser/#/R-HSA-190236
REACTOME,Meiosis,https://reactome.org/PathwayBrowser/#/R-HSA-1482801
REACTOME,Meiotic recombination,https://reactome.org/PathwayBrowser/#/R-HSA-187024
REACTOME,Meiotic synapsis,https://reactome.org/PathwayBrowser/#/R-HSA-1482925
REACTOME,Melanin biosynthesis,https://reactome.org/PathwayBrowser/#/R-HSA-918233
REACTOME,Membrane Trafficking,https://reactome.org/PathwayBrowser/#/R-HSA-390696
REACTOME,Membrane binding and targetting of GAG proteins,https://reactome.org/PathwayBrowser/#/R-HSA-9749641
REACTOME,Metabolic disorders of biological oxidation enzymes,https://reactome.org/PathwayBrowser/#/R-HSA-140837
REACTOME,Metabolism,https://reactome.org/PathwayBrowser/#/R-HSA-139910
REACTOME,Metabolism of Angiotensinogen to Angiotensins,https://reactome.org/content/query?q=Metabolism%20of%20Angiotensinogen%20to%20Angiotensins&types=Pathway
REACTOME,Metabolism of RNA,https://reactome.org/PathwayBrowser/#/R-HSA-9006821
REACTOME,Metabolism of amine-derived hormones,https://reactome.org/PathwayBrowser/#/R-HSA-9702518
REACTOME,Metabolism of amino acids and derivatives,https://reactome.org/PathwayBrowser/#/R-HSA-8964540
REACTOME,Metabolism of carbohydrates,https://reactome.org/PathwayBrowser/#/R-HSA-209905
REACTOME,Metabolism of cofactors,https://reactome.org/PathwayBrowser/#/R-HSA-9013407
REACTOME,Metabolism of fat-soluble vitamins,https://reactome.org/PathwayBrowser/#/R-HSA-180292
REACTOME,Metabolism of folate and pterines,https://reactome.org/PathwayBrowser/#/R-HSA-8939245
REACTOME,Metabolism of ingested H2SeO4 and H2SeO3 into H2Se,https://reactome.org/PathwayBrowser/#/R-HSA-8956320
REACTOME,"Metabolism of ingested SeMet, Sec, MeSec into H2Se",https://reactome.org/PathwayBrowser/#/R-HSA-5250981
REACTOME,Metabolism of lipids,https://reactome.org/PathwayBrowser/#/R-HSA-1296041
REACTOME,Metabolism of nitric oxide: NOS3 activation and regulation,https://reactome.org/PathwayBrowser/#/R-HSA-5654693
REACTOME,Metabolism of non-coding RNA,https://reactome.org/PathwayBrowser/#/R-HSA-1834949
REACTOME,Metabolism of nucleotides,https://reactome.org/PathwayBrowser/#/R-HSA-9673240
REACTOME,Metabolism of polyamines,https://reactome.org/PathwayBrowser/#/R-HSA-77348
REACTOME,Metabolism of porphyrins,https://reactome.org/PathwayBrowser/#/R-HSA-8951936
REACTOME,Metabolism of proteins,https://reactome.org/PathwayBrowser/#/R-HSA-9034793
REACTOME,Metabolism of serotonin,https://reactome.org/PathwayBrowser/#/R-HSA-5655302
REACTOME,Metabolism of steroid hormones,https://reactome.org/PathwayBrowser/#/R-HSA-5083633
REACTOME,Metabolism of steroids,https://reactome.org/PathwayBrowser/#/R-HSA-5083629
REACTOME,Metabolism of vitamin K,https://reactome.org/PathwayBrowser/#/R-HSA-193639
REACTOME,Metabolism of vitamins and cofactors,https://reactome.org/PathwayBrowser/#/R-HSA-397795
REACTOME,Metabolism of water-soluble vitamins and cofactors,https://reactome.org/PathwayBrowser/#/R-HSA-9609690
REACTOME,Metal ion SLC transporters,https://reactome.org/PathwayBrowser/#/R-HSA-375165
REACTOME,Metal sequestration by antimicrobial proteins,https://reactome.org/PathwayBrowser/#/R-HSA-9730628
REACTOME,Metalloprotease DUBs,https://reactome.org/PathwayBrowser/#/R-HSA-1306955
REACTOME,Metallothioneins bind metals,https://reactome.org/PathwayBrowser/#/R-HSA-9717207
REACTOME,Methionine salvage pathway,https://reactome.org/PathwayBrowser/#/R-HSA-166665
REACTOME,Methylation,https://reactome.org/PathwayBrowser/#/R-HSA-9703465
REACTOME,MicroRNA (miRNA) biogenesis,https://reactome.org/PathwayBrowser/#/R-HSA-9029558
REACTOME,Microbial modulation of RIPK1-mediated regulated necrosis,https://reactome.org/PathwayBrowser/#/R-HSA-72086
REACTOME,Microtubule-dependent trafficking of connexons from Golgi to the plasma membrane,https://reactome.org/PathwayBrowser/#/R-HSA-380287
REACTOME,Mineralocorticoid biosynthesis,https://reactome.org/PathwayBrowser/#/R-HSA-9645135
REACTOME,Miro GTPase Cycle,https://reactome.org/PathwayBrowser/#/R-HSA-432142
REACTOME,Miscellaneous substrates,https://reactome.org/PathwayBrowser/#/R-HSA-162710
REACTOME,Miscellaneous transport and binding events,https://reactome.org/PathwayBrowser/#/R-HSA-5666185
REACTOME,Mismatch Repair,https://reactome.org/PathwayBrowser/#/R-HSA-9013973
REACTOME,Mismatch repair (MMR) directed by MSH2:MSH3 (MutSbeta),https://reactome.org/PathwayBrowser/#/R-HSA-5676594
REACTOME,Mismatch repair (MMR) directed by MSH2:MSH6 (MutSalpha),https://reactome.org/PathwayBrowser/#/R-HSA-9013957
REACTOME,Mitochondrial ABC transporters,https://reactome.org/PathwayBrowser/#/R-HSA-8980692
REACTOME,Mitochondrial Fatty Acid Beta-Oxidation,https://reactome.org/PathwayBrowser/#/R-HSA-3296482
REACTOME,Mitochondrial Uncoupling,https://reactome.org/PathwayBrowser/#/R-HSA-9617629
REACTOME,Mitochondrial biogenesis,https://reactome.org/PathwayBrowser/#/R-HSA-2454202
REACTOME,Mitochondrial calcium ion transport,https://reactome.org/PathwayBrowser/#/R-HSA-73854
REACTOME,Mitochondrial iron-sulfur cluster biogenesis,https://reactome.org/PathwayBrowser/#/R-HSA-2162123
REACTOME,Mitochondrial protein import,https://reactome.org/PathwayBrowser/#/R-HSA-166662
REACTOME,Mitochondrial tRNA aminoacylation,https://reactome.org/PathwayBrowser/#/R-HSA-1433559
REACTOME,Mitochondrial transcription initiation,https://reactome.org/PathwayBrowser/#/R-HSA-2029480
REACTOME,Mitochondrial translation,https://reactome.org/PathwayBrowser/#/R-HSA-196849
REACTOME,Mitochondrial translation elongation,https://reactome.org/PathwayBrowser/#/R-HSA-425410
REACTOME,Mitochondrial translation initiation,https://reactome.org/PathwayBrowser/#/R-HSA-196854
REACTOME,Mitochondrial translation termination,https://reactome.org/PathwayBrowser/#/R-HSA-6799990
REACTOME,Mitophagy,https://reactome.org/PathwayBrowser/#/R-HSA-76009
REACTOME,Mitotic Anaphase,https://reactome.org/PathwayBrowser/#/R-HSA-5218900
REACTOME,Mitotic G1 phase and G1/S transition,https://reactome.org/PathwayBrowser/#/R-HSA-5654708
REACTOME,Mitotic G2-G2/M phases,https://reactome.org/PathwayBrowser/#/R-HSA-173107
REACTOME,Mitotic Metaphase and Anaphase,https://reactome.org/PathwayBrowser/#/R-HSA-77350
REACTOME,Mitotic Metaphase/Anaphase Transition,https://reactome.org/PathwayBrowser/#/R-HSA-432040
REACTOME,Mitotic Prometaphase,https://reactome.org/PathwayBrowser/#/R-HSA-9793528
REACTOME,Mitotic Prophase,https://reactome.org/PathwayBrowser/#/R-HSA-69002
REACTOME,Mitotic Spindle Checkpoint,https://reactome.org/PathwayBrowser/#/R-HSA-5660883
REACTOME,Mitotic Telophase/Cytokinesis,https://reactome.org/PathwayBrowser/#/R-HSA-174824
REACTOME,Modulation by Mtb of host immune system,https://reactome.org/PathwayBrowser/#/R-HSA-5693616
REACTOME,Molecules associated with elastic fibres,https://reactome.org/PathwayBrowser/#/R-HSA-9758274
REACTOME,Molybdenum cofactor biosynthesis,https://reactome.org/PathwayBrowser/#/R-HSA-9818749
REACTOME,Mucopolysaccharidoses,https://reactome.org/PathwayBrowser/#/R-HSA-1839122
REACTOME,Multifunctional anion exchangers,https://reactome.org/PathwayBrowser/#/R-HSA-163767
REACTOME,Muscarinic acetylcholine receptors,https://reactome.org/PathwayBrowser/#/R-HSA-195721
REACTOME,Muscle contraction,https://reactome.org/PathwayBrowser/#/R-HSA-916853
REACTOME,MyD88 cascade initiated on plasma membrane,https://reactome.org/PathwayBrowser/#/R-HSA-877300
REACTOME,MyD88 deficiency (TLR2/4),https://reactome.org/PathwayBrowser/#/R-HSA-9673013
REACTOME,MyD88 deficiency (TLR5),https://reactome.org/PathwayBrowser/#/R-HSA-500657
REACTOME,MyD88 dependent cascade initiated on endosome,https://reactome.org/PathwayBrowser/#/R-HSA-9645723
REACTOME,MyD88-independent TLR4 cascade,https://reactome.org/PathwayBrowser/#/R-HSA-3560782
REACTOME,MyD88:MAL(TIRAP) cascade initiated on plasma membrane,https://reactome.org/PathwayBrowser/#/R-HSA-3906995
REACTOME,Myoclonic epilepsy of Lafora,https://reactome.org/PathwayBrowser/#/R-HSA-877312
REACTOME,Myogenesis,https://reactome.org/PathwayBrowser/#/R-HSA-194002
REACTOME,N-Glycan antennae elongation,https://reactome.org/PathwayBrowser/#/R-HSA-2980766
REACTOME,N-glycan antennae elongation in the medial/trans-Golgi,https://reactome.org/PathwayBrowser/#/R-HSA-2995410
REACTOME,N-glycan trimming and elongation in the cis-Golgi,https://reactome.org/PathwayBrowser/#/R-HSA-9615933
REACTOME,N-glycan trimming in the ER and Calnexin/Calreticulin cycle,https://reactome.org/PathwayBrowser/#/R-HSA-8866654
REACTOME,NADE modulates death signalling,https://reactome.org/PathwayBrowser/#/R-HSA-5619102
REACTOME,NCAM signaling for neurite out-growth,https://reactome.org/PathwayBrowser/#/R-HSA-177162
REACTOME,NCAM1 interactions,https://reactome.org/PathwayBrowser/#/R-HSA-177128
REACTOME,NEP/NS2 Interacts with the Cellular Export Machinery,https://reactome.org/PathwayBrowser/#/R-HSA-69202
REACTOME,NF-kB activation through FADD/RIP-1 pathway mediated by caspase-8 and -10,https://reactome.org/PathwayBrowser/#/R-HSA-9772573
REACTOME,NF-kB is activated and signals survival,https://reactome.org/PathwayBrowser/#/R-HSA-373760
REACTOME,NFE2L2 regulates pentose phosphate pathway genes,https://reactome.org/PathwayBrowser/#/R-HSA-9617324
REACTOME,NFE2L2 regulating TCA cycle genes,https://reactome.org/PathwayBrowser/#/R-HSA-8935964
REACTOME,NFE2L2 regulating anti-oxidant/detoxification enzymes,https://reactome.org/content/query?q=NFE2L2%20regulating%20anti-oxidant%2Fdetoxification%20enzymes&types=Pathway
REACTOME,NFG and proNGF binds to p75NTR,https://reactome.org/PathwayBrowser/#/R-HSA-111367
REACTOME,NGF processing,https://reactome.org/PathwayBrowser/#/R-HSA-5654704
REACTOME,NGF-independant TRKA activation,https://reactome.org/PathwayBrowser/#/R-HSA-9680350
REACTOME,NGF-stimulated transcription,https://reactome.org/PathwayBrowser/#/R-HSA-9657688
REACTOME,NIK-->noncanonical NF-kB signaling,https://reactome.org/PathwayBrowser/#/R-HSA-196780
REACTOME,NOD1/2 Signaling Pathway,https://reactome.org/PathwayBrowser/#/R-HSA-1638074
REACTOME,NOSIP mediated eNOS trafficking,https://reactome.org/PathwayBrowser/#/R-HSA-452723
REACTOME,NOSTRIN mediated eNOS trafficking,https://reactome.org/PathwayBrowser/#/R-HSA-5654700
REACTOME,NOTCH1 Intracellular Domain Regulates Transcription,https://reactome.org/PathwayBrowser/#/R-HSA-2129379
REACTOME,NOTCH2 Activation and Transmission of Signal to the Nucleus,https://reactome.org/PathwayBrowser/#/R-HSA-3560783
REACTOME,NOTCH2 intracellular domain regulates transcription,https://reactome.org/PathwayBrowser/#/R-HSA-9671555
REACTOME,NOTCH3 Activation and Transmission of Signal to the Nucleus,https://reactome.org/PathwayBrowser/#/R-HSA-3359485
REACTOME,NOTCH3 Intracellular Domain Regulates Transcription,https://reactome.org/PathwayBrowser/#/R-HSA-3000171
REACTOME,NOTCH4 Activation and Transmission of Signal to the Nucleus,https://reactome.org/PathwayBrowser/#/R-HSA-141405
REACTOME,NOTCH4 Intracellular Domain Regulates Transcription,https://reactome.org/PathwayBrowser/#/R-HSA-159231
REACTOME,NPAS4 regulates expression of target genes,https://reactome.org/PathwayBrowser/#/R-HSA-69620
REACTOME,NR1D1 (REV-ERBA) represses gene expression,https://reactome.org/PathwayBrowser/#/R-HSA-68884
REACTOME,NR1H2 & NR1H3 regulate gene expression linked to gluconeogenesis,https://reactome.org/PathwayBrowser/#/R-HSA-167826
REACTOME,NR1H2 & NR1H3 regulate gene expression linked to lipogenesis,https://reactome.org/PathwayBrowser/#/R-HSA-8963896
REACTOME,NR1H2 & NR1H3 regulate gene expression linked to triglyceride lipolysis in adipose,https://reactome.org/PathwayBrowser/#/R-HSA-8964043
REACTOME,NR1H2 & NR1H3 regulate gene expression to control bile acid homeostasis,https://reactome.org/PathwayBrowser/#/R-HSA-9013419
REACTOME,NR1H2 & NR1H3 regulate gene expression to limit cholesterol uptake,https://reactome.org/content/query?q=NR1H2%20%26%20NR1H3%20regulate%20gene%20expression%20to%20limit%20cholesterol%20uptake&types=Pathway
REACTOME,NR1H2 and NR1H3-mediated signaling,https://reactome.org/PathwayBrowser/#/R-HSA-3214815
REACTOME,NR1H3 & NR1H2 regulate gene expression linked to cholesterol transport and efflux,https://reactome.org/PathwayBrowser/#/R-HSA-5602680
REACTOME,NRAGE signals death through JNK,https://reactome.org/PathwayBrowser/#/R-HSA-68962
REACTOME,NRIF signals cell death from the nucleus,https://reactome.org/PathwayBrowser/#/R-HSA-425407
REACTOME,NS1 Mediated Effects on Host Pathways,https://reactome.org/PathwayBrowser/#/R-HSA-69656
REACTOME,NTF3 activates NTRK2 (TRKB) signaling,https://reactome.org/PathwayBrowser/#/R-HSA-456926
REACTOME,NTF3 activates NTRK3 signaling,https://reactome.org/PathwayBrowser/#/R-HSA-428930
REACTOME,NTF4 activates NTRK2 (TRKB) signaling,https://reactome.org/PathwayBrowser/#/R-HSA-1445148
REACTOME,NTRK2 activates RAC1,https://reactome.org/PathwayBrowser/#/R-HSA-2660825
REACTOME,NTRK3 as a dependence receptor,https://reactome.org/PathwayBrowser/#/R-HSA-2032785
REACTOME,Na+/Cl- dependent neurotransmitter transporters,https://reactome.org/PathwayBrowser/#/R-HSA-203927
REACTOME,Nectin/Necl trans heterodimerization,https://reactome.org/PathwayBrowser/#/R-HSA-937072
REACTOME,Neddylation,https://reactome.org/PathwayBrowser/#/R-HSA-5358749
REACTOME,Nef Mediated CD4 Down-regulation,https://reactome.org/PathwayBrowser/#/R-HSA-8934903
REACTOME,Nef Mediated CD8 Down-regulation,https://reactome.org/PathwayBrowser/#/R-HSA-110330
REACTOME,Nef and signal transduction,https://reactome.org/PathwayBrowser/#/R-HSA-2691230
REACTOME,Nef mediated downregulation of CD28 cell surface expression,https://reactome.org/PathwayBrowser/#/R-HSA-1855167
REACTOME,Nef mediated downregulation of MHC class I complex cell surface expression,https://reactome.org/PathwayBrowser/#/R-HSA-9005895
REACTOME,Nef-mediates down modulation of cell surface receptors by recruiting them to clathrin adapters,https://reactome.org/PathwayBrowser/#/R-HSA-9033241
REACTOME,Negative epigenetic regulation of rRNA expression,https://reactome.org/PathwayBrowser/#/R-HSA-112382
REACTOME,Negative feedback regulation of MAPK pathway,https://reactome.org/PathwayBrowser/#/R-HSA-9659379
REACTOME,Negative regulation of FGFR1 signaling,https://reactome.org/PathwayBrowser/#/R-HSA-5654733
REACTOME,Negative regulation of FGFR2 signaling,https://reactome.org/PathwayBrowser/#/R-HSA-9706369
REACTOME,Negative regulation of FGFR3 signaling,https://reactome.org/PathwayBrowser/#/R-HSA-5654710
REACTOME,Negative regulation of FGFR4 signaling,https://reactome.org/PathwayBrowser/#/R-HSA-5654720
REACTOME,Negative regulation of FLT3,https://reactome.org/PathwayBrowser/#/R-HSA-5685938
REACTOME,Negative regulation of MAPK pathway,https://reactome.org/PathwayBrowser/#/R-HSA-2029485
REACTOME,Negative regulation of MET activity,https://reactome.org/PathwayBrowser/#/R-HSA-432720
REACTOME,Negative regulation of NMDA receptor-mediated neuronal transmission,https://reactome.org/PathwayBrowser/#/R-HSA-975576
REACTOME,Negative regulation of NOTCH4 signaling,https://reactome.org/PathwayBrowser/#/R-HSA-6782135
REACTOME,Negative regulation of TCF-dependent signaling by DVL-interacting proteins,https://reactome.org/PathwayBrowser/#/R-HSA-622312
REACTOME,Negative regulation of TCF-dependent signaling by WNT ligand antagonists,https://reactome.org/PathwayBrowser/#/R-HSA-450604
REACTOME,Negative regulation of activity of TFAP2 (AP-2) family transcription factors,https://reactome.org/PathwayBrowser/#/R-HSA-6806834
REACTOME,Negative regulation of the PI3K/AKT network,https://reactome.org/PathwayBrowser/#/R-HSA-6803529
REACTOME,Negative regulators of DDX58/IFIH1 signaling,https://reactome.org/PathwayBrowser/#/R-HSA-9037629
REACTOME,Nephrin family interactions,https://reactome.org/PathwayBrowser/#/R-HSA-983231
REACTOME,Nervous system development,https://reactome.org/PathwayBrowser/#/R-HSA-111448
REACTOME,Netrin mediated repulsion signals,https://reactome.org/PathwayBrowser/#/R-HSA-193692
REACTOME,Netrin-1 signaling,https://reactome.org/PathwayBrowser/#/R-HSA-5654712
REACTOME,Neurexins and neuroligins,https://reactome.org/PathwayBrowser/#/R-HSA-8964011
REACTOME,Neurodegenerative Diseases,https://reactome.org/PathwayBrowser/#/R-HSA-8849474
REACTOME,Neurofascin interactions,https://reactome.org/PathwayBrowser/#/R-HSA-881907
REACTOME,Neuronal System,https://reactome.org/PathwayBrowser/#/R-HSA-901042
REACTOME,Neurophilin interactions with VEGF and VEGFR,https://reactome.org/PathwayBrowser/#/R-HSA-9014843
REACTOME,Neurotoxicity of clostridium toxins,https://reactome.org/PathwayBrowser/#/R-HSA-166016
REACTOME,Neurotransmitter clearance,https://reactome.org/PathwayBrowser/#/R-HSA-5689901
REACTOME,Neurotransmitter receptors and postsynaptic signal transmission,https://reactome.org/PathwayBrowser/#/R-HSA-419812
REACTOME,Neurotransmitter release cycle,https://reactome.org/PathwayBrowser/#/R-HSA-217271
REACTOME,Neurotransmitter uptake and metabolism In glial cells,https://reactome.org/PathwayBrowser/#/R-HSA-975110
REACTOME,Neutrophil degranulation,https://reactome.org/PathwayBrowser/#/R-HSA-4341670
REACTOME,Nicotinamide salvaging,https://reactome.org/PathwayBrowser/#/R-HSA-112307
REACTOME,Nicotinate metabolism,https://reactome.org/PathwayBrowser/#/R-HSA-6804758
REACTOME,Nitric oxide stimulates guanylate cyclase,https://reactome.org/PathwayBrowser/#/R-HSA-434316
REACTOME,NoRC negatively regulates rRNA expression,https://reactome.org/PathwayBrowser/#/R-HSA-167200
REACTOME,Non-integrin membrane-ECM interactions,https://reactome.org/PathwayBrowser/#/R-HSA-69206
REACTOME,Noncanonical activation of NOTCH3,https://reactome.org/PathwayBrowser/#/R-HSA-195399
REACTOME,Nonhomologous End-Joining (NHEJ),https://reactome.org/PathwayBrowser/#/R-HSA-5673001
REACTOME,Nonsense Mediated Decay (NMD) enhanced by the Exon Junction Complex (EJC),https://reactome.org/PathwayBrowser/#/R-HSA-6806664
REACTOME,Nonsense Mediated Decay (NMD) independent of the Exon Junction Complex (EJC),https://reactome.org/PathwayBrowser/#/R-HSA-9652817
REACTOME,Nonsense-Mediated Decay (NMD),https://reactome.org/PathwayBrowser/#/R-HSA-8957322
REACTOME,Norepinephrine Neurotransmitter Release Cycle,https://reactome.org/PathwayBrowser/#/R-HSA-1059683
REACTOME,Notch-HLH transcription pathway,https://reactome.org/PathwayBrowser/#/R-HSA-947581
REACTOME,NrCAM interactions,https://reactome.org/PathwayBrowser/#/R-HSA-8957275
REACTOME,Nuclear Envelope (NE) Reassembly,https://reactome.org/PathwayBrowser/#/R-HSA-75035
REACTOME,Nuclear Envelope Breakdown,https://reactome.org/PathwayBrowser/#/R-HSA-379716
REACTOME,Nuclear Events (kinase and transcription factor activation),https://reactome.org/PathwayBrowser/#/R-HSA-9661069
REACTOME,Nuclear Pore Complex (NPC) Disassembly,https://reactome.org/PathwayBrowser/#/R-HSA-418885
REACTOME,Nuclear Receptor transcription pathway,https://reactome.org/PathwayBrowser/#/R-HSA-9634597
REACTOME,Nuclear events mediated by NFE2L2,https://reactome.org/PathwayBrowser/#/R-HSA-113510
REACTOME,Nuclear events stimulated by ALK signaling in cancer,https://reactome.org/PathwayBrowser/#/R-HSA-2559582
REACTOME,Nuclear import of Rev protein,https://reactome.org/PathwayBrowser/#/R-HSA-1280215
REACTOME,Nuclear signaling by ERBB4,https://reactome.org/PathwayBrowser/#/R-HSA-2024096
REACTOME,Nucleosome assembly,https://reactome.org/PathwayBrowser/#/R-HSA-3595172
REACTOME,Nucleotide Excision Repair,https://reactome.org/PathwayBrowser/#/R-HSA-9024446
REACTOME,Nucleotide biosynthesis,https://reactome.org/PathwayBrowser/#/R-HSA-8865999
REACTOME,Nucleotide catabolism,https://reactome.org/PathwayBrowser/#/R-HSA-432047
REACTOME,Nucleotide salvage,https://reactome.org/PathwayBrowser/#/R-HSA-9701190
REACTOME,Nucleotide salvage defects,https://reactome.org/PathwayBrowser/#/R-HSA-9694686
REACTOME,"Nucleotide-binding domain, leucine rich repeat containing receptor (NLR) signaling pathways",https://reactome.org/PathwayBrowser/#/R-HSA-5578775
REACTOME,Nucleotide-like (purinergic) receptors,https://reactome.org/PathwayBrowser/#/R-HSA-9615017
REACTOME,O-glycosylation of TSR domain-containing proteins,https://reactome.org/PathwayBrowser/#/R-HSA-5620912
REACTOME,O-linked glycosylation,https://reactome.org/PathwayBrowser/#/R-HSA-2214320
REACTOME,O-linked glycosylation of mucins,https://reactome.org/PathwayBrowser/#/R-HSA-5173105
REACTOME,O2/CO2 exchange in erythrocytes,https://reactome.org/PathwayBrowser/#/R-HSA-177504
REACTOME,OAS antiviral response,https://reactome.org/PathwayBrowser/#/R-HSA-8985801
REACTOME,Olfactory Signaling Pathway,https://reactome.org/PathwayBrowser/#/R-HSA-2473224
REACTOME,Oligomerization of connexins into connexons,https://reactome.org/PathwayBrowser/#/R-HSA-170834
REACTOME,Oncogene Induced Senescence,https://reactome.org/PathwayBrowser/#/R-HSA-210500
REACTOME,Oncogenic MAPK signaling,https://reactome.org/PathwayBrowser/#/R-HSA-69416
REACTOME,Opioid Signalling,https://reactome.org/PathwayBrowser/#/R-HSA-3656225
REACTOME,Opsins,https://reactome.org/PathwayBrowser/#/R-HSA-163754
REACTOME,Orc1 removal from chromatin,https://reactome.org/PathwayBrowser/#/R-HSA-5621575
REACTOME,Orexin and neuropeptides FF and QRFP bind to their respective receptors,https://reactome.org/PathwayBrowser/#/R-HSA-1632852
REACTOME,Organelle biogenesis and maintenance,https://reactome.org/PathwayBrowser/#/R-HSA-9026527
REACTOME,Organic anion transport,https://reactome.org/PathwayBrowser/#/R-HSA-77286
REACTOME,Organic anion transporters,https://reactome.org/PathwayBrowser/#/R-HSA-72165
REACTOME,Organic cation transport,https://reactome.org/PathwayBrowser/#/R-HSA-9686347
REACTOME,Organic cation/anion/zwitterion transport,https://reactome.org/PathwayBrowser/#/R-HSA-190840
REACTOME,Other interleukin signaling,https://reactome.org/PathwayBrowser/#/R-HSA-4085377
REACTOME,Other semaphorin interactions,https://reactome.org/PathwayBrowser/#/R-HSA-8851907
REACTOME,Ovarian tumor domain proteases,https://reactome.org/PathwayBrowser/#/R-HSA-1257604
REACTOME,Oxidative Stress Induced Senescence,https://reactome.org/PathwayBrowser/#/R-HSA-198753
REACTOME,Oxygen-dependent proline hydroxylation of Hypoxia-inducible Factor Alpha,https://reactome.org/PathwayBrowser/#/R-HSA-9754706
REACTOME,P2Y receptors,https://reactome.org/PathwayBrowser/#/R-HSA-9614657
REACTOME,PAOs oxidise polyamines to amines,https://reactome.org/content/query?q=PAOs%20oxidise%20polyamines%20to%20amines&types=Pathway
REACTOME,PCNA-Dependent Long Patch Base Excision Repair,https://reactome.org/PathwayBrowser/#/R-HSA-9656223
REACTOME,PCP/CE pathway,https://reactome.org/PathwayBrowser/#/R-HSA-389887
REACTOME,PD-1 signaling,https://reactome.org/PathwayBrowser/#/R-HSA-9032845
REACTOME,PDE3B signalling,https://reactome.org/PathwayBrowser/#/R-HSA-72649
REACTOME,PECAM1 interactions,https://reactome.org/PathwayBrowser/#/R-HSA-8851708
REACTOME,PERK regulates gene expression,https://reactome.org/PathwayBrowser/#/R-HSA-8934593
REACTOME,PI Metabolism,https://reactome.org/PathwayBrowser/#/R-HSA-190370
REACTOME,PI-3K cascade:FGFR1,https://reactome.org/PathwayBrowser/#/R-HSA-164938
REACTOME,PI-3K cascade:FGFR2,https://reactome.org/PathwayBrowser/#/R-HSA-5674499
REACTOME,PI-3K cascade:FGFR3,https://reactome.org/PathwayBrowser/#/R-HSA-210990
REACTOME,PI-3K cascade:FGFR4,https://reactome.org/PathwayBrowser/#/R-HSA-5654695
REACTOME,PI3K Cascade,https://reactome.org/PathwayBrowser/#/R-HSA-77042
REACTOME,PI3K events in ERBB2 signaling,https://reactome.org/PathwayBrowser/#/R-HSA-5610787
REACTOME,PI3K events in ERBB4 signaling,https://reactome.org/PathwayBrowser/#/R-HSA-167287
REACTOME,PI3K/AKT Signaling in Cancer,https://reactome.org/PathwayBrowser/#/R-HSA-5083630
REACTOME,PI3K/AKT activation,https://reactome.org/PathwayBrowser/#/R-HSA-201722
REACTOME,PI5P Regulates TP53 Acetylation,https://reactome.org/PathwayBrowser/#/R-HSA-177929
REACTOME,"PI5P, PP2A and IER3 Regulate PI3K/AKT Signaling",https://reactome.org/PathwayBrowser/#/R-HSA-190377
REACTOME,PINK1-PRKN Mediated Mitophagy,https://reactome.org/PathwayBrowser/#/R-HSA-76002
REACTOME,PIP3 activates AKT signaling,https://reactome.org/PathwayBrowser/#/R-HSA-174084
REACTOME,PIWI-interacting RNA (piRNA) biogenesis,https://reactome.org/PathwayBrowser/#/R-HSA-9031528
REACTOME,PKA activation,https://reactome.org/PathwayBrowser/#/R-HSA-389397
REACTOME,PKA activation in glucagon signalling,https://reactome.org/PathwayBrowser/#/R-HSA-1852241
REACTOME,PKA-mediated phosphorylation of CREB,https://reactome.org/PathwayBrowser/#/R-HSA-381753
REACTOME,PKA-mediated phosphorylation of key metabolic factors,https://reactome.org/PathwayBrowser/#/R-HSA-380095
REACTOME,PKB-mediated events,https://reactome.org/PathwayBrowser/#/R-HSA-72766
REACTOME,PKMTs methylate histone lysines,https://reactome.org/PathwayBrowser/#/R-HSA-429593
REACTOME,PLC beta mediated events,https://reactome.org/PathwayBrowser/#/R-HSA-111885
REACTOME,PLC-gamma1 signalling,https://reactome.org/PathwayBrowser/#/R-HSA-5654699
REACTOME,PLCG1 events in ERBB2 signaling,https://reactome.org/PathwayBrowser/#/R-HSA-1474165
REACTOME,POLB-Dependent Long Patch Base Excision Repair,https://reactome.org/PathwayBrowser/#/R-HSA-9673770
REACTOME,"POU5F1 (OCT4), SOX2, NANOG activate genes related to proliferation",https://reactome.org/PathwayBrowser/#/R-HSA-1296071
REACTOME,"POU5F1 (OCT4), SOX2, NANOG repress genes related to differentiation",https://reactome.org/PathwayBrowser/#/R-HSA-381119
REACTOME,PP2A-mediated dephosphorylation of key metabolic factors,https://reactome.org/PathwayBrowser/#/R-HSA-1299308
REACTOME,PPARA activates gene expression,https://reactome.org/PathwayBrowser/#/R-HSA-991365
REACTOME,PRC2 methylates histones and DNA,https://reactome.org/PathwayBrowser/#/R-HSA-180746
REACTOME,PTEN Regulation,https://reactome.org/PathwayBrowser/#/R-HSA-75102
REACTOME,PTK6 Activates STAT3,https://reactome.org/PathwayBrowser/#/R-HSA-450520
REACTOME,PTK6 Down-Regulation,https://reactome.org/PathwayBrowser/#/R-HSA-844623
REACTOME,PTK6 Expression,https://reactome.org/PathwayBrowser/#/R-HSA-4085001
REACTOME,PTK6 Regulates Cell Cycle,https://reactome.org/PathwayBrowser/#/R-HSA-8866911
REACTOME,PTK6 Regulates Proteins Involved in RNA Processing,https://reactome.org/PathwayBrowser/#/R-HSA-75953
REACTOME,"PTK6 Regulates RHO GTPases, RAS GTPase and MAP kinases",https://reactome.org/PathwayBrowser/#/R-HSA-9679506
REACTOME,PTK6 Regulates RTKs and Their Effectors AKT1 and DOK1,https://reactome.org/PathwayBrowser/#/R-HSA-1855204
REACTOME,PTK6 promotes HIF1A stabilization,https://reactome.org/PathwayBrowser/#/R-HSA-9665244
REACTOME,Packaging Of Telomere Ends,https://reactome.org/PathwayBrowser/#/R-HSA-9013149
REACTOME,Paracetamol ADME,https://reactome.org/PathwayBrowser/#/R-HSA-2559583
REACTOME,Paradoxical activation of RAF signaling by kinase inactive BRAF,https://reactome.org/PathwayBrowser/#/R-HSA-71032
REACTOME,Parasite infection,https://reactome.org/content/query?q=Parasite%20infection&types=Pathway
REACTOME,Parasitic Infection Pathways,https://reactome.org/PathwayBrowser/#/R-HSA-2161522
REACTOME,Passive transport by Aquaporins,https://reactome.org/PathwayBrowser/#/R-HSA-5362768
REACTOME,Pausing and recovery of HIV elongation,https://reactome.org/PathwayBrowser/#/R-HSA-212165
REACTOME,Pausing and recovery of Tat-mediated HIV elongation,https://reactome.org/PathwayBrowser/#/R-HSA-380972
REACTOME,Pentose phosphate pathway,https://reactome.org/PathwayBrowser/#/R-HSA-381426
REACTOME,Pentose phosphate pathway disease,https://reactome.org/PathwayBrowser/#/R-HSA-804914
REACTOME,Peptide chain elongation,https://reactome.org/PathwayBrowser/#/R-HSA-5339717
REACTOME,Peptide hormone biosynthesis,https://reactome.org/PathwayBrowser/#/R-HSA-1799339
REACTOME,Peptide hormone metabolism,https://reactome.org/PathwayBrowser/#/R-HSA-5688890
REACTOME,Peptide ligand-binding receptors,https://reactome.org/PathwayBrowser/#/R-HSA-1168372
REACTOME,Peroxisomal lipid metabolism,https://reactome.org/PathwayBrowser/#/R-HSA-9670621
REACTOME,Peroxisomal protein import,https://reactome.org/PathwayBrowser/#/R-HSA-9670615
REACTOME,Pervasive developmental disorders,https://reactome.org/PathwayBrowser/#/R-HSA-397014
REACTOME,Pexophagy,https://reactome.org/PathwayBrowser/#/R-HSA-77111
REACTOME,Phase 0 - rapid depolarisation,https://reactome.org/PathwayBrowser/#/R-HSA-5627083
REACTOME,Phase 1 - inactivation of fast Na+ channels,https://reactome.org/PathwayBrowser/#/R-HSA-69580
REACTOME,Phase 2 - plateau phase,https://reactome.org/PathwayBrowser/#/R-HSA-2562578
REACTOME,Phase 3 - rapid repolarisation,https://reactome.org/content/query?q=Phase%203%20-%20rapid%20repolarisation&types=Pathway
REACTOME,Phase 4 - resting membrane potential,https://reactome.org/PathwayBrowser/#/R-HSA-8862803
REACTOME,Phase I - Functionalization of compounds,https://reactome.org/PathwayBrowser/#/R-HSA-5545483
REACTOME,Phase II - Conjugation of compounds,https://reactome.org/PathwayBrowser/#/R-HSA-446728
REACTOME,Phenylalanine and tyrosine metabolism,https://reactome.org/PathwayBrowser/#/R-HSA-209952
REACTOME,Phenylalanine metabolism,https://reactome.org/PathwayBrowser/#/R-HSA-453276
REACTOME,Phosphate bond hydrolysis by NTPDase proteins,https://reactome.org/PathwayBrowser/#/R-HSA-9013425
REACTOME,Phosphate bond hydrolysis by NUDT proteins,https://reactome.org/content/query?q=Phosphate%20bond%20hydrolysis%20by%20NUDT%20proteins&types=Pathway
REACTOME,Phospholipase C-mediated cascade: FGFR1,https://reactome.org/PathwayBrowser/#/R-HSA-182218
REACTOME,Phospholipase C-mediated cascade; FGFR2,https://reactome.org/PathwayBrowser/#/R-HSA-164944
REACTOME,Phospholipase C-mediated cascade; FGFR3,https://reactome.org/PathwayBrowser/#/R-HSA-141334
REACTOME,Phospholipase C-mediated cascade; FGFR4,https://reactome.org/PathwayBrowser/#/R-HSA-5651801
REACTOME,Phospholipid metabolism,https://reactome.org/PathwayBrowser/#/R-HSA-190374
REACTOME,Phosphorylation of CD3 and TCR zeta chains,https://reactome.org/PathwayBrowser/#/R-HSA-9667769
REACTOME,Phosphorylation of Emi1,https://reactome.org/PathwayBrowser/#/R-HSA-5638302
REACTOME,Phosphorylation of proteins involved in G1/S transition by active Cyclin E:Cdk2 complexes,https://reactome.org/PathwayBrowser/#/R-HSA-9634600
REACTOME,Phosphorylation of proteins involved in the G2/M transition by Cyclin A:Cdc2 complexes,https://reactome.org/PathwayBrowser/#/R-HSA-9006931
REACTOME,Phosphorylation of the APC/C,https://reactome.org/PathwayBrowser/#/R-HSA-1630316
REACTOME,Physiological factors,https://reactome.org/PathwayBrowser/#/R-HSA-111469
REACTOME,Plasma lipoprotein assembly,https://reactome.org/PathwayBrowser/#/R-HSA-5633007
REACTOME,"Plasma lipoprotein assembly, remodeling, and clearance",https://reactome.org/PathwayBrowser/#/R-HSA-2132295
REACTOME,Plasma lipoprotein clearance,https://reactome.org/PathwayBrowser/#/R-HSA-165159
REACTOME,Plasma lipoprotein remodeling,https://reactome.org/PathwayBrowser/#/R-HSA-112043
REACTOME,Plasmalogen biosynthesis,https://reactome.org/PathwayBrowser/#/R-HSA-5619070
REACTOME,Platelet Adhesion to exposed collagen,https://reactome.org/PathwayBrowser/#/R-HSA-749476
REACTOME,Platelet Aggregation (Plug Formation),https://reactome.org/PathwayBrowser/#/R-HSA-112313
REACTOME,"Platelet activation, signaling and aggregation",https://reactome.org/PathwayBrowser/#/R-HSA-9663199
REACTOME,Platelet calcium homeostasis,https://reactome.org/PathwayBrowser/#/R-HSA-9022702
REACTOME,Platelet degranulation,https://reactome.org/PathwayBrowser/#/R-HSA-8963743
REACTOME,Platelet homeostasis,https://reactome.org/PathwayBrowser/#/R-HSA-8978868
REACTOME,Platelet sensitization by LDL,https://reactome.org/PathwayBrowser/#/R-HSA-181429
REACTOME,Polo-like kinase mediated events,https://reactome.org/PathwayBrowser/#/R-HSA-380320
REACTOME,Polymerase switching,https://reactome.org/PathwayBrowser/#/R-HSA-428157
REACTOME,Polymerase switching on the C-strand of the telomere,https://reactome.org/PathwayBrowser/#/R-HSA-425561
REACTOME,Positive epigenetic regulation of rRNA expression,https://reactome.org/PathwayBrowser/#/R-HSA-9651496
REACTOME,Post NMDA receptor activation events,https://reactome.org/PathwayBrowser/#/R-HSA-4839726
REACTOME,Post-chaperonin tubulin folding pathway,https://reactome.org/content/query?q=Post-chaperonin%20tubulin%20folding%20pathway&types=Pathway
REACTOME,Post-transcriptional silencing by small RNAs,https://reactome.org/PathwayBrowser/#/R-HSA-6790901
REACTOME,Post-translational modification: synthesis of GPI-anchored proteins,https://reactome.org/PathwayBrowser/#/R-HSA-418889
REACTOME,Post-translational protein modification,https://reactome.org/PathwayBrowser/#/R-HSA-9034864
REACTOME,Post-translational protein phosphorylation,https://reactome.org/PathwayBrowser/#/R-HSA-427389
REACTOME,Postmitotic nuclear pore complex (NPC) reformation,https://reactome.org/PathwayBrowser/#/R-HSA-9696270
REACTOME,Postsynaptic nicotinic acetylcholine receptors,https://reactome.org/PathwayBrowser/#/R-HSA-399954
REACTOME,Potassium Channels,https://reactome.org/PathwayBrowser/#/R-HSA-606279
REACTOME,Potassium transport channels,https://reactome.org/content/query?q=Potassium%20transport%20channels&types=Pathway
REACTOME,Potential therapeutics for SARS,https://reactome.org/PathwayBrowser/#/R-HSA-450408
REACTOME,Pre-NOTCH Expression and Processing,https://reactome.org/PathwayBrowser/#/R-HSA-212436
REACTOME,Pre-NOTCH Processing in Golgi,https://reactome.org/PathwayBrowser/#/R-HSA-202433
REACTOME,Pre-NOTCH Processing in the Endoplasmic Reticulum,https://reactome.org/PathwayBrowser/#/R-HSA-8963684
REACTOME,Pre-NOTCH Transcription and Translation,https://reactome.org/PathwayBrowser/#/R-HSA-156588
REACTOME,Prednisone ADME,https://reactome.org/PathwayBrowser/#/R-HSA-1222556
REACTOME,Prefoldin mediated transfer of substrate to CCT/TriC,https://reactome.org/PathwayBrowser/#/R-HSA-351202
REACTOME,Pregnenolone biosynthesis,https://reactome.org/PathwayBrowser/#/R-HSA-5218859
REACTOME,Presynaptic depolarization and calcium channel opening,https://reactome.org/PathwayBrowser/#/R-HSA-2871796
REACTOME,Presynaptic function of Kainate receptors,https://reactome.org/PathwayBrowser/#/R-HSA-141430
REACTOME,Presynaptic nicotinic acetylcholine receptors,https://reactome.org/PathwayBrowser/#/R-HSA-2408557
REACTOME,Presynaptic phase of homologous DNA pairing and strand exchange,https://reactome.org/PathwayBrowser/#/R-HSA-8854691
REACTOME,Prevention of phagosomal-lysosomal fusion,https://reactome.org/PathwayBrowser/#/R-HSA-5674135
REACTOME,Processing and activation of SUMO,https://reactome.org/PathwayBrowser/#/R-HSA-196843
REACTOME,Processing of Capped Intron-Containing Pre-mRNA,https://reactome.org/PathwayBrowser/#/R-HSA-68952
REACTOME,Processing of Capped Intronless Pre-mRNA,https://reactome.org/PathwayBrowser/#/R-HSA-5576894
REACTOME,Processing of DNA double-strand break ends,https://reactome.org/PathwayBrowser/#/R-HSA-9020558
REACTOME,Processing of Intronless Pre-mRNAs,https://reactome.org/PathwayBrowser/#/R-HSA-5576893
REACTOME,Processing of SMDT1,https://reactome.org/PathwayBrowser/#/R-HSA-73772
REACTOME,Processive synthesis on the C-strand of the telomere,https://reactome.org/PathwayBrowser/#/R-HSA-168927
REACTOME,Processive synthesis on the lagging strand,https://reactome.org/PathwayBrowser/#/R-HSA-211994
REACTOME,Programmed Cell Death,https://reactome.org/PathwayBrowser/#/R-HSA-5635838
REACTOME,"Progressive trimming of alpha-1,2-linked mannose residues from Man9/8/7GlcNAc2 to produce Man5GlcNAc2",https://reactome.org/PathwayBrowser/#/R-HSA-622327
REACTOME,Prolactin receptor signaling,https://reactome.org/PathwayBrowser/#/R-HSA-964827
REACTOME,Proline catabolism,https://reactome.org/PathwayBrowser/#/R-HSA-8956319
REACTOME,Prolonged ERK activation events,https://reactome.org/PathwayBrowser/#/R-HSA-5654719
REACTOME,Propionyl-CoA catabolism,https://reactome.org/PathwayBrowser/#/R-HSA-9703648
REACTOME,Prostacyclin signalling through prostacyclin receptor,https://reactome.org/PathwayBrowser/#/R-HSA-112399
REACTOME,Prostanoid ligand receptors,https://reactome.org/PathwayBrowser/#/R-HSA-168188
REACTOME,Protein folding,https://reactome.org/PathwayBrowser/#/R-HSA-3247509
REACTOME,Protein localization,https://reactome.org/PathwayBrowser/#/R-HSA-9670613
REACTOME,Protein methylation,https://reactome.org/PathwayBrowser/#/R-HSA-428559
REACTOME,Protein repair,https://reactome.org/PathwayBrowser/#/R-HSA-162699
REACTOME,Protein ubiquitination,https://reactome.org/PathwayBrowser/#/R-HSA-5625886
REACTOME,Protein-protein interactions at synapses,https://reactome.org/PathwayBrowser/#/R-HSA-8964058
REACTOME,Proton-coupled monocarboxylate transport,https://reactome.org/PathwayBrowser/#/R-HSA-205025
REACTOME,Proton-coupled neutral amino acid transporters,https://reactome.org/PathwayBrowser/#/R-HSA-166208
REACTOME,Proton/oligopeptide cotransporters,https://reactome.org/PathwayBrowser/#/R-HSA-163560
REACTOME,Purine catabolism,https://reactome.org/PathwayBrowser/#/R-HSA-9824443
REACTOME,Purine ribonucleoside monophosphate biosynthesis,https://reactome.org/PathwayBrowser/#/R-HSA-8874081
REACTOME,Purine salvage,https://reactome.org/PathwayBrowser/#/R-HSA-174437
REACTOME,Purinergic signaling in leishmaniasis infection,https://reactome.org/PathwayBrowser/#/R-HSA-975957
REACTOME,Pyrimidine biosynthesis,https://reactome.org/PathwayBrowser/#/R-HSA-422085
REACTOME,Pyrimidine catabolism,https://reactome.org/PathwayBrowser/#/R-HSA-5693565
REACTOME,Pyrimidine salvage,https://reactome.org/PathwayBrowser/#/R-HSA-9701192
REACTOME,Pyrophosphate hydrolysis,https://reactome.org/PathwayBrowser/#/R-HSA-429958
REACTOME,Pyroptosis,https://reactome.org/PathwayBrowser/#/R-HSA-167290
REACTOME,Pyruvate metabolism,https://reactome.org/PathwayBrowser/#/R-HSA-9607240
REACTOME,Pyruvate metabolism and Citric Acid (TCA) cycle,https://reactome.org/PathwayBrowser/#/R-HSA-9706377
REACTOME,RA biosynthesis pathway,https://reactome.org/PathwayBrowser/#/R-HSA-198725
REACTOME,RAB GEFs exchange GTP for GDP on RABs,https://reactome.org/PathwayBrowser/#/R-HSA-173736
REACTOME,RAB geranylgeranylation,https://reactome.org/PathwayBrowser/#/R-HSA-983695
REACTOME,RAC1 GTPase cycle,https://reactome.org/PathwayBrowser/#/R-HSA-111459
REACTOME,RAC2 GTPase cycle,https://reactome.org/PathwayBrowser/#/R-HSA-2470946
REACTOME,RAC3 GTPase cycle,https://reactome.org/PathwayBrowser/#/R-HSA-1650814
REACTOME,RAF activation,https://reactome.org/PathwayBrowser/#/R-HSA-5659898
REACTOME,RAF-independent MAPK1/3 activation,https://reactome.org/PathwayBrowser/#/R-HSA-69183
REACTOME,RAF/MAP kinase cascade,https://reactome.org/PathwayBrowser/#/R-HSA-446193
REACTOME,RAS GTPase cycle mutants,https://reactome.org/PathwayBrowser/#/R-HSA-9692914
REACTOME,RAS processing,https://reactome.org/PathwayBrowser/#/R-HSA-176412
REACTOME,RAS signaling downstream of NF1 loss-of-function variants,https://reactome.org/PathwayBrowser/#/R-HSA-69242
REACTOME,RET signaling,https://reactome.org/PathwayBrowser/#/R-HSA-190375
REACTOME,RHO GTPase Effectors,https://reactome.org/PathwayBrowser/#/R-HSA-69278
REACTOME,RHO GTPase cycle,https://reactome.org/PathwayBrowser/#/R-HSA-9687136
REACTOME,RHO GTPases Activate Formins,https://reactome.org/PathwayBrowser/#/R-HSA-8964026
REACTOME,RHO GTPases Activate NADPH Oxidases,https://reactome.org/PathwayBrowser/#/R-HSA-9006335
REACTOME,RHO GTPases Activate ROCKs,https://reactome.org/PathwayBrowser/#/R-HSA-380284
REACTOME,RHO GTPases Activate Rhotekin and Rhophilins,https://reactome.org/PathwayBrowser/#/R-HSA-2022854
REACTOME,RHO GTPases Activate WASPs and WAVEs,https://reactome.org/PathwayBrowser/#/R-HSA-204998
REACTOME,RHO GTPases activate CIT,https://reactome.org/PathwayBrowser/#/R-HSA-3296197
REACTOME,RHO GTPases activate IQGAPs,https://reactome.org/PathwayBrowser/#/R-HSA-8963888
REACTOME,RHO GTPases activate KTN1,https://reactome.org/PathwayBrowser/#/R-HSA-110313
REACTOME,RHO GTPases activate PAKs,https://reactome.org/PathwayBrowser/#/R-HSA-71064
REACTOME,RHO GTPases activate PKNs,https://reactome.org/PathwayBrowser/#/R-HSA-9022535
REACTOME,RHO GTPases regulate CFTR trafficking,https://reactome.org/PathwayBrowser/#/R-HSA-6791312
REACTOME,RHOA GTPase cycle,https://reactome.org/PathwayBrowser/#/R-HSA-187015
REACTOME,RHOB GTPase cycle,https://reactome.org/PathwayBrowser/#/R-HSA-1236382
REACTOME,RHOBTB GTPase Cycle,https://reactome.org/PathwayBrowser/#/R-HSA-164378
REACTOME,RHOBTB1 GTPase cycle,https://reactome.org/PathwayBrowser/#/R-HSA-163615
REACTOME,RHOBTB2 GTPase cycle,https://reactome.org/PathwayBrowser/#/R-HSA-5601884
REACTOME,RHOBTB3 ATPase cycle,https://reactome.org/PathwayBrowser/#/R-HSA-450282
REACTOME,RHOC GTPase cycle,https://reactome.org/PathwayBrowser/#/R-HSA-167242
REACTOME,RHOD GTPase cycle,https://reactome.org/PathwayBrowser/#/R-HSA-2691232
REACTOME,RHOF GTPase cycle,https://reactome.org/PathwayBrowser/#/R-HSA-2644606
REACTOME,RHOG GTPase cycle,https://reactome.org/PathwayBrowser/#/R-HSA-170660
REACTOME,RHOH GTPase cycle,https://reactome.org/PathwayBrowser/#/R-HSA-9013418
REACTOME,RHOJ GTPase cycle,https://reactome.org/PathwayBrowser/#/R-HSA-2894862
REACTOME,RHOQ GTPase cycle,https://reactome.org/PathwayBrowser/#/R-HSA-417973
REACTOME,RHOT1 GTPase cycle,https://reactome.org/PathwayBrowser/#/R-HSA-418346
REACTOME,RHOT2 GTPase cycle,https://reactome.org/PathwayBrowser/#/R-HSA-114608
REACTOME,RHOU GTPase cycle,https://reactome.org/PathwayBrowser/#/R-HSA-2871837
REACTOME,RHOV GTPase cycle,https://reactome.org/PathwayBrowser/#/R-HSA-5632987
REACTOME,RIP-mediated NFkB activation via ZBP1,https://reactome.org/PathwayBrowser/#/R-HSA-9664420
REACTOME,RIPK1-mediated regulated necrosis,https://reactome.org/PathwayBrowser/#/R-HSA-212676
REACTOME,RMTs methylate histone arginines,https://reactome.org/PathwayBrowser/#/R-HSA-5693567
REACTOME,RNA Pol II CTD phosphorylation and interaction with CE,https://reactome.org/PathwayBrowser/#/R-HSA-9027284
REACTOME,RNA Pol II CTD phosphorylation and interaction with CE during HIV infection,https://reactome.org/PathwayBrowser/#/R-HSA-139853
REACTOME,RNA Polymerase I Promoter Clearance,https://reactome.org/PathwayBrowser/#/R-HSA-9683610
REACTOME,RNA Polymerase I Promoter Escape,https://reactome.org/PathwayBrowser/#/R-HSA-9636667
REACTOME,RNA Polymerase I Promoter Opening,https://reactome.org/PathwayBrowser/#/R-HSA-9649913
REACTOME,RNA Polymerase I Transcription,https://reactome.org/PathwayBrowser/#/R-HSA-9683683
REACTOME,RNA Polymerase I Transcription Initiation,https://reactome.org/PathwayBrowser/#/R-HSA-6791226
REACTOME,RNA Polymerase I Transcription Termination,https://reactome.org/PathwayBrowser/#/R-HSA-9683673
REACTOME,RNA Polymerase II HIV Promoter Escape,https://reactome.org/PathwayBrowser/#/R-HSA-2468052
REACTOME,RNA Polymerase II Pre-transcription Events,https://reactome.org/PathwayBrowser/#/R-HSA-9758919
REACTOME,RNA Polymerase II Promoter Escape,https://reactome.org/PathwayBrowser/#/R-HSA-9018519
REACTOME,RNA Polymerase II Transcription,https://reactome.org/PathwayBrowser/#/R-HSA-176814
REACTOME,RNA Polymerase II Transcription Elongation,https://reactome.org/PathwayBrowser/#/R-HSA-9027277
REACTOME,RNA Polymerase II Transcription Initiation,https://reactome.org/PathwayBrowser/#/R-HSA-9634635
REACTOME,RNA Polymerase II Transcription Initiation And Promoter Clearance,https://reactome.org/PathwayBrowser/#/R-HSA-71384
REACTOME,RNA Polymerase II Transcription Pre-Initiation And Promoter Opening,https://reactome.org/PathwayBrowser/#/R-HSA-9634638
REACTOME,RNA Polymerase II Transcription Termination,https://reactome.org/PathwayBrowser/#/R-HSA-3296469
REACTOME,RNA Polymerase III Abortive And Retractive Initiation,https://reactome.org/PathwayBrowser/#/R-HSA-8856825
REACTOME,RNA Polymerase III Chain Elongation,https://reactome.org/PathwayBrowser/#/R-HSA-8981373
REACTOME,RNA Polymerase III Transcription,https://reactome.org/PathwayBrowser/#/R-HSA-5694530
REACTOME,RNA Polymerase III Transcription Initiation,https://reactome.org/PathwayBrowser/#/R-HSA-5620920
REACTOME,RNA Polymerase III Transcription Initiation From Type 1 Promoter,https://reactome.org/content/query?q=RNA%20Polymerase%20III%20Transcription%20Initiation%20From%20Type%201%20Promoter&types=Pathway
REACTOME,RNA Polymerase III Transcription Initiation From Type 2 Promoter,https://reactome.org/PathwayBrowser/#/R-HSA-71262
REACTOME,RNA Polymerase III Transcription Initiation From Type 3 Promoter,https://reactome.org/PathwayBrowser/#/R-HSA-140534
REACTOME,RNA Polymerase III Transcription Termination,https://reactome.org/PathwayBrowser/#/R-HSA-70326
REACTOME,RNA polymerase II transcribes snRNA genes,https://reactome.org/PathwayBrowser/#/R-HSA-1247673
REACTOME,RND1 GTPase cycle,https://reactome.org/PathwayBrowser/#/R-HSA-8964616
REACTOME,RND2 GTPase cycle,https://reactome.org/PathwayBrowser/#/R-HSA-1592389
REACTOME,RND3 GTPase cycle,https://reactome.org/PathwayBrowser/#/R-HSA-8964315
REACTOME,ROBO receptors bind AKAP5,https://reactome.org/PathwayBrowser/#/R-HSA-6804114
REACTOME,RORA activates gene expression,https://reactome.org/PathwayBrowser/#/R-HSA-5663220
REACTOME,ROS and RNS production in phagocytes,https://reactome.org/PathwayBrowser/#/R-HSA-5368286
REACTOME,RSK activation,https://reactome.org/PathwayBrowser/#/R-HSA-112311
REACTOME,RUNX1 and FOXP3 control the development of regulatory T lymphocytes (Tregs),https://reactome.org/PathwayBrowser/#/R-HSA-3065679
REACTOME,RUNX1 interacts with co-factors whose precise effect on RUNX1 targets is not known,https://reactome.org/PathwayBrowser/#/R-HSA-9772572
REACTOME,RUNX1 regulates estrogen receptor mediated transcription,https://reactome.org/PathwayBrowser/#/R-HSA-2408508
REACTOME,RUNX1 regulates expression of components of tight junctions,https://reactome.org/PathwayBrowser/#/R-HSA-70370
REACTOME,RUNX1 regulates genes involved in megakaryocyte differentiation and platelet function,https://reactome.org/PathwayBrowser/#/R-HSA-9609523
REACTOME,RUNX1 regulates transcription of genes involved in BCR signaling,https://reactome.org/PathwayBrowser/#/R-HSA-5655862
REACTOME,RUNX1 regulates transcription of genes involved in WNT signaling,https://reactome.org/PathwayBrowser/#/R-HSA-556833
REACTOME,RUNX1 regulates transcription of genes involved in differentiation of HSCs,https://reactome.org/PathwayBrowser/#/R-HSA-2024101
REACTOME,RUNX1 regulates transcription of genes involved in differentiation of keratinocytes,https://reactome.org/content/query?q=RUNX1%20regulates%20transcription%20of%20genes%20involved%20in%20differentiation%20of%20keratinocytes&types=Pathway
REACTOME,RUNX1 regulates transcription of genes involved in differentiation of myeloid cells,https://reactome.org/PathwayBrowser/#/R-HSA-390666
REACTOME,RUNX1 regulates transcription of genes involved in interleukin signaling,https://reactome.org/PathwayBrowser/#/R-HSA-9649948
REACTOME,RUNX2 regulates bone development,https://reactome.org/content/query?q=RUNX2%20regulates%20bone%20development&types=Pathway
REACTOME,RUNX2 regulates chondrocyte maturation,https://reactome.org/PathwayBrowser/#/R-HSA-1483101
REACTOME,RUNX2 regulates genes involved in cell migration,https://reactome.org/PathwayBrowser/#/R-HSA-210745
REACTOME,RUNX2 regulates genes involved in differentiation of myeloid cells,https://reactome.org/PathwayBrowser/#/R-HSA-1474151
REACTOME,RUNX2 regulates osteoblast differentiation,https://reactome.org/PathwayBrowser/#/R-HSA-2206281
REACTOME,RUNX3 Regulates Immune Response and Cell Migration,https://reactome.org/PathwayBrowser/#/R-HSA-5358493
REACTOME,RUNX3 regulates BCL2L11 (BIM) transcription,https://reactome.org/PathwayBrowser/#/R-HSA-8849472
REACTOME,RUNX3 regulates CDKN1A transcription,https://reactome.org/PathwayBrowser/#/R-HSA-5654688
REACTOME,RUNX3 regulates NOTCH signaling,https://reactome.org/PathwayBrowser/#/R-HSA-2142789
REACTOME,RUNX3 regulates RUNX1-mediated transcription,https://reactome.org/PathwayBrowser/#/R-HSA-75072
REACTOME,RUNX3 regulates WNT signaling,https://reactome.org/PathwayBrowser/#/R-HSA-9037628
REACTOME,RUNX3 regulates YAP1-mediated transcription,https://reactome.org/PathwayBrowser/#/R-HSA-8878166
REACTOME,RUNX3 regulates p14-ARF,https://reactome.org/PathwayBrowser/#/R-HSA-9754678
REACTOME,Rab regulation of trafficking,https://reactome.org/PathwayBrowser/#/R-HSA-140179
REACTOME,Rap1 signalling,https://reactome.org/PathwayBrowser/#/R-HSA-3371453
REACTOME,Ras activation upon Ca2+ influx through NMDA receptor,https://reactome.org/PathwayBrowser/#/R-HSA-5620924
REACTOME,Reactions specific to the complex N-glycan synthesis pathway,https://reactome.org/PathwayBrowser/#/R-HSA-8849469
REACTOME,Receptor Mediated Mitophagy,https://reactome.org/PathwayBrowser/#/R-HSA-9013424
REACTOME,Receptor-type tyrosine-protein phosphatases,https://reactome.org/PathwayBrowser/#/R-HSA-9013106
REACTOME,Recognition and association of DNA glycosylase with site containing an affected purine,https://reactome.org/PathwayBrowser/#/R-HSA-9604323
REACTOME,Recognition and association of DNA glycosylase with site containing an affected pyrimidine,https://reactome.org/PathwayBrowser/#/R-HSA-936440
REACTOME,Recognition of DNA damage by PCNA-containing replication complex,https://reactome.org/PathwayBrowser/#/R-HSA-8941855
REACTOME,Recruitment and ATM-mediated phosphorylation of repair and signaling proteins at DNA double strand breaks,https://reactome.org/PathwayBrowser/#/R-HSA-4641257
REACTOME,Recruitment of NuMA to mitotic centrosomes,https://reactome.org/PathwayBrowser/#/R-HSA-6807047
REACTOME,Recruitment of mitotic centrosome proteins and complexes,https://reactome.org/PathwayBrowser/#/R-HSA-5607761
REACTOME,Recycling of bile acids and salts,https://reactome.org/PathwayBrowser/#/R-HSA-419037
REACTOME,Recycling of eIF2:GDP,https://reactome.org/PathwayBrowser/#/R-HSA-2028269
REACTOME,Recycling pathway of L1,https://reactome.org/PathwayBrowser/#/R-HSA-442755
REACTOME,Reduction of cytosolic Ca++ levels,https://reactome.org/PathwayBrowser/#/R-HSA-9022927
REACTOME,Reelin signalling pathway,https://reactome.org/PathwayBrowser/#/R-HSA-73779
REACTOME,Regulated Necrosis,https://reactome.org/PathwayBrowser/#/R-HSA-379401
REACTOME,Regulated proteolysis of p75NTR,https://reactome.org/PathwayBrowser/#/R-HSA-2404192
REACTOME,Regulation by c-FLIP,https://reactome.org/PathwayBrowser/#/R-HSA-75205
REACTOME,Regulation of APC/C activators between G1/S and early anaphase,https://reactome.org/PathwayBrowser/#/R-HSA-5250924
REACTOME,Regulation of Apoptosis,https://reactome.org/PathwayBrowser/#/R-HSA-9619229
REACTOME,Regulation of BACH1 activity,https://reactome.org/PathwayBrowser/#/R-HSA-917937
REACTOME,Regulation of Complement cascade,https://reactome.org/PathwayBrowser/#/R-HSA-5467340
REACTOME,Regulation of FOXO transcriptional activity by acetylation,https://reactome.org/PathwayBrowser/#/R-HSA-8849471
REACTOME,Regulation of FZD by ubiquitination,https://reactome.org/PathwayBrowser/#/R-HSA-69091
REACTOME,Regulation of Glucokinase by Glucokinase Regulatory Protein,https://reactome.org/PathwayBrowser/#/R-HSA-1614603
REACTOME,Regulation of HMOX1 expression and activity,https://reactome.org/PathwayBrowser/#/R-HSA-451306
REACTOME,Regulation of HSF1-mediated heat shock response,https://reactome.org/PathwayBrowser/#/R-HSA-168928
REACTOME,Regulation of IFNA/IFNB signaling,https://reactome.org/content/query?q=Regulation%20of%20IFNA%2FIFNB%20signaling&types=Pathway
REACTOME,Regulation of IFNG signaling,https://reactome.org/PathwayBrowser/#/R-HSA-162909
REACTOME,Regulation of Insulin-like Growth Factor (IGF) transport and uptake by Insulin-like Growth Factor Binding Proteins (IGFBPs),https://reactome.org/PathwayBrowser/#/R-HSA-6785631
REACTOME,Regulation of KIT signaling,https://reactome.org/PathwayBrowser/#/R-HSA-3214842
REACTOME,Regulation of MECP2 expression and activity,https://reactome.org/PathwayBrowser/#/R-HSA-5602498
REACTOME,Regulation of NF-kappa B signaling,https://reactome.org/PathwayBrowser/#/R-HSA-69109
REACTOME,Regulation of NFE2L2 gene expression,https://reactome.org/content/query?q=Regulation%20of%20NFE2L2%20gene%20expression&types=Pathway
REACTOME,Regulation of NPAS4 gene expression,https://reactome.org/PathwayBrowser/#/R-HSA-162582
REACTOME,Regulation of NPAS4 gene transcription,https://reactome.org/PathwayBrowser/#/R-HSA-392518
REACTOME,Regulation of NPAS4 mRNA translation,https://reactome.org/PathwayBrowser/#/R-HSA-193670
REACTOME,Regulation of PAK-2p34 activity by PS-GAP/RHG10,https://reactome.org/PathwayBrowser/#/R-HSA-1169092
REACTOME,Regulation of PLK1 Activity at G2/M Transition,https://reactome.org/PathwayBrowser/#/R-HSA-429914
REACTOME,Regulation of PTEN gene transcription,https://reactome.org/PathwayBrowser/#/R-HSA-114508
REACTOME,Regulation of PTEN localization,https://reactome.org/PathwayBrowser/#/R-HSA-1855191
REACTOME,Regulation of PTEN mRNA translation,https://reactome.org/PathwayBrowser/#/R-HSA-211916
REACTOME,Regulation of PTEN stability and activity,https://reactome.org/PathwayBrowser/#/R-HSA-5358747
REACTOME,Regulation of RAS by GAPs,https://reactome.org/PathwayBrowser/#/R-HSA-9018682
REACTOME,Regulation of RUNX1 Expression and Activity,https://reactome.org/PathwayBrowser/#/R-HSA-5668541
REACTOME,Regulation of RUNX2 expression and activity,https://reactome.org/content/query?q=Regulation%20of%20RUNX2%20expression%20and%20activity&types=Pathway
REACTOME,Regulation of RUNX3 expression and activity,https://reactome.org/PathwayBrowser/#/R-HSA-9734091
REACTOME,Regulation of TLR by endogenous ligand,https://reactome.org/PathwayBrowser/#/R-HSA-9675132
REACTOME,Regulation of TNFR1 signaling,https://reactome.org/PathwayBrowser/#/R-HSA-8964041
REACTOME,Regulation of TP53 Activity,https://reactome.org/PathwayBrowser/#/R-HSA-9672396
REACTOME,Regulation of TP53 Activity through Acetylation,https://reactome.org/PathwayBrowser/#/R-HSA-8949275
REACTOME,Regulation of TP53 Activity through Association with Co-factors,https://reactome.org/PathwayBrowser/#/R-HSA-68877
REACTOME,Regulation of TP53 Activity through Methylation,https://reactome.org/PathwayBrowser/#/R-HSA-448424
REACTOME,Regulation of TP53 Activity through Phosphorylation,https://reactome.org/PathwayBrowser/#/R-HSA-193144
REACTOME,Regulation of TP53 Degradation,https://reactome.org/PathwayBrowser/#/R-HSA-9668250
REACTOME,Regulation of TP53 Expression,https://reactome.org/PathwayBrowser/#/R-HSA-9696273
REACTOME,Regulation of TP53 Expression and Degradation,https://reactome.org/PathwayBrowser/#/R-HSA-9672383
REACTOME,Regulation of actin dynamics for phagocytic cup formation,https://reactome.org/PathwayBrowser/#/R-HSA-9700645
REACTOME,Regulation of activated PAK-2p34 by proteasome mediated degradation,https://reactome.org/PathwayBrowser/#/R-HSA-1461957
REACTOME,Regulation of beta-cell development,https://reactome.org/PathwayBrowser/#/R-HSA-388396
REACTOME,Regulation of cholesterol biosynthesis by SREBP (SREBF),https://reactome.org/PathwayBrowser/#/R-HSA-982772
REACTOME,Regulation of commissural axon pathfinding by SLIT and ROBO,https://reactome.org/PathwayBrowser/#/R-HSA-9013422
REACTOME,Regulation of cortical dendrite branching,https://reactome.org/PathwayBrowser/#/R-HSA-6791465
REACTOME,Regulation of cytoskeletal remodeling and cell spreading by IPP complex components,https://reactome.org/PathwayBrowser/#/R-HSA-5357956
REACTOME,Regulation of expression of SLITs and ROBOs,https://reactome.org/PathwayBrowser/#/R-HSA-211999
REACTOME,Regulation of gap junction activity,https://reactome.org/PathwayBrowser/#/R-HSA-5626978
REACTOME,Regulation of gene expression by Hypoxia-inducible Factor,https://reactome.org/PathwayBrowser/#/R-HSA-3108214
REACTOME,Regulation of gene expression in beta cells,https://reactome.org/PathwayBrowser/#/R-HSA-418359
REACTOME,Regulation of gene expression in early pancreatic precursor cells,https://reactome.org/PathwayBrowser/#/R-HSA-500792
REACTOME,Regulation of gene expression in endocrine-committed (NEUROG3+) progenitor cells,https://reactome.org/content/query?q=Regulation%20of%20gene%20expression%20in%20endocrine-committed%20%28NEUROG3%2B%29%20progenitor%20cells&types=Pathway
REACTOME,Regulation of gene expression in late stage (branching morphogenesis) pancreatic bud precursor cells,https://reactome.org/PathwayBrowser/#/R-HSA-426496
REACTOME,"Regulation of glycolysis by fructose 2,6-bisphosphate metabolism",https://reactome.org/PathwayBrowser/#/R-HSA-6802953
REACTOME,Regulation of innate immune responses to cytosolic DNA,https://reactome.org/PathwayBrowser/#/R-HSA-446205
REACTOME,Regulation of insulin secretion,https://reactome.org/PathwayBrowser/#/R-HSA-9823730
REACTOME,Regulation of lipid metabolism by PPARalpha,https://reactome.org/content/query?q=Regulation%20of%20lipid%20metabolism%20by%20PPARalpha&types=Pathway
REACTOME,Regulation of localization of FOXO transcription factors,https://reactome.org/PathwayBrowser/#/R-HSA-3359469
REACTOME,Regulation of mRNA stability by proteins that bind AU-rich elements,https://reactome.org/PathwayBrowser/#/R-HSA-2173782
REACTOME,Regulation of mitotic cell cycle,https://reactome.org/PathwayBrowser/#/R-HSA-4411364
REACTOME,Regulation of necroptotic cell death,https://reactome.org/PathwayBrowser/#/R-HSA-1358803
REACTOME,Regulation of ornithine decarboxylase (ODC),https://reactome.org/PathwayBrowser/#/R-HSA-77285
REACTOME,Regulation of pyruvate dehydrogenase (PDH) complex,https://reactome.org/PathwayBrowser/#/R-HSA-190322
REACTOME,Regulation of signaling by CBL,https://reactome.org/PathwayBrowser/#/R-HSA-190372
REACTOME,Regulation of signaling by NODAL,https://reactome.org/PathwayBrowser/#/R-HSA-9632693
REACTOME,Regulation of the apoptosome activity,https://reactome.org/PathwayBrowser/#/R-HSA-2534343
REACTOME,Regulation of thyroid hormone activity,https://reactome.org/PathwayBrowser/#/R-HSA-194313
REACTOME,Relaxin receptors,https://reactome.org/PathwayBrowser/#/R-HSA-9662361
REACTOME,Release of Hh-Np from the secreting cell,https://reactome.org/PathwayBrowser/#/R-HSA-2660826
REACTOME,Release of apoptotic factors from the mitochondria,https://reactome.org/PathwayBrowser/#/R-HSA-1251985
REACTOME,Removal of aminoterminal propeptides from gamma-carboxylated proteins,https://reactome.org/PathwayBrowser/#/R-HSA-5693568
REACTOME,Removal of the Flap Intermediate,https://reactome.org/PathwayBrowser/#/R-HSA-69541
REACTOME,Removal of the Flap Intermediate from the C-strand,https://reactome.org/PathwayBrowser/#/R-HSA-9014325
REACTOME,Replication of the SARS-CoV-1 genome,https://reactome.org/PathwayBrowser/#/R-HSA-9006115
REACTOME,Replication of the SARS-CoV-2 genome,https://reactome.org/PathwayBrowser/#/R-HSA-166520
REACTOME,Repression of WNT target genes,https://reactome.org/PathwayBrowser/#/R-HSA-168271
REACTOME,Reproduction,https://reactome.org/PathwayBrowser/#/R-HSA-1482922
REACTOME,Resistance of ERBB2 KD mutants to AEE788,https://reactome.org/PathwayBrowser/#/R-HSA-1502540
REACTOME,Resistance of ERBB2 KD mutants to afatinib,https://reactome.org/PathwayBrowser/#/R-HSA-4839735
REACTOME,Resistance of ERBB2 KD mutants to lapatinib,https://reactome.org/PathwayBrowser/#/R-HSA-201451
REACTOME,Resistance of ERBB2 KD mutants to neratinib,https://reactome.org/PathwayBrowser/#/R-HSA-4839748
REACTOME,Resistance of ERBB2 KD mutants to osimertinib,https://reactome.org/PathwayBrowser/#/R-HSA-4839744
REACTOME,Resistance of ERBB2 KD mutants to sapitinib,https://reactome.org/PathwayBrowser/#/R-HSA-9725370
REACTOME,Resistance of ERBB2 KD mutants to tesevatinib,https://reactome.org/PathwayBrowser/#/R-HSA-9700206
REACTOME,Resistance of ERBB2 KD mutants to trastuzumab,https://reactome.org/PathwayBrowser/#/R-HSA-201556
REACTOME,Resolution of AP sites via the multiple-nucleotide patch replacement pathway,https://reactome.org/PathwayBrowser/#/R-HSA-9673767
REACTOME,Resolution of AP sites via the single-nucleotide replacement pathway,https://reactome.org/PathwayBrowser/#/R-HSA-8848021
REACTOME,Resolution of Abasic Sites (AP sites),https://reactome.org/PathwayBrowser/#/R-HSA-8863678
REACTOME,Resolution of D-Loop Structures,https://reactome.org/PathwayBrowser/#/R-HSA-6803157
REACTOME,Resolution of D-loop Structures through Holliday Junction Intermediates,https://reactome.org/PathwayBrowser/#/R-HSA-140342
REACTOME,Resolution of D-loop Structures through Synthesis-Dependent Strand Annealing (SDSA),https://reactome.org/PathwayBrowser/#/R-HSA-166187
REACTOME,Resolution of Sister Chromatid Cohesion,https://reactome.org/PathwayBrowser/#/R-HSA-380108
REACTOME,Respiratory electron transport,https://reactome.org/PathwayBrowser/#/R-HSA-114516
REACTOME,"Respiratory electron transport, ATP synthesis by chemiosmotic coupling, and heat production by uncoupling proteins.",https://reactome.org/PathwayBrowser/#/R-HSA-9675143
REACTOME,Response of EIF2AK1 (HRI) to heme deficiency,https://reactome.org/PathwayBrowser/#/R-HSA-444257
REACTOME,Response of EIF2AK4 (GCN2) to amino acid deficiency,https://reactome.org/PathwayBrowser/#/R-HSA-74752
REACTOME,Response of Mtb to phagocytosis,https://reactome.org/PathwayBrowser/#/R-HSA-5683057
REACTOME,Response to elevated platelet cytosolic Ca2+,https://reactome.org/PathwayBrowser/#/R-HSA-5688426
REACTOME,Response to metal ions,https://reactome.org/PathwayBrowser/#/R-HSA-9729555
REACTOME,Retinoid cycle disease events,https://reactome.org/PathwayBrowser/#/R-HSA-3371378
REACTOME,Retinoid metabolism and transport,https://reactome.org/PathwayBrowser/#/R-HSA-977443
REACTOME,Retrograde neurotrophin signalling,https://reactome.org/PathwayBrowser/#/R-HSA-388844
REACTOME,Retrograde transport at the Trans-Golgi-Network,https://reactome.org/PathwayBrowser/#/R-HSA-165181
REACTOME,Reuptake of GABA,https://reactome.org/PathwayBrowser/#/R-HSA-9690406
REACTOME,Rev-mediated nuclear export of HIV RNA,https://reactome.org/PathwayBrowser/#/R-HSA-8949613
REACTOME,Reversal of alkylation damage by DNA dioxygenases,https://reactome.org/PathwayBrowser/#/R-HSA-69563
REACTOME,Reversible hydration of carbon dioxide,https://reactome.org/PathwayBrowser/#/R-HSA-6802955
REACTOME,Rhesus blood group biosynthesis,https://reactome.org/PathwayBrowser/#/R-HSA-844455
REACTOME,Rhesus glycoproteins mediate ammonium transport.,https://reactome.org/PathwayBrowser/#/R-HSA-5099900
REACTOME,Ribavirin ADME,https://reactome.org/PathwayBrowser/#/R-HSA-8964208
REACTOME,Ribosomal scanning and start codon recognition,https://reactome.org/PathwayBrowser/#/R-HSA-140834
REACTOME,Role of ABL in ROBO-SLIT signaling,https://reactome.org/PathwayBrowser/#/R-HSA-9706019
REACTOME,Role of LAT2/NTAL/LAB on calcium mobilization,https://reactome.org/PathwayBrowser/#/R-HSA-174143
REACTOME,Role of phospholipids in phagocytosis,https://reactome.org/PathwayBrowser/#/R-HSA-112126
REACTOME,Role of second messengers in netrin-1 signaling,https://reactome.org/PathwayBrowser/#/R-HSA-6806003
REACTOME,S Phase,https://reactome.org/PathwayBrowser/#/R-HSA-389359
REACTOME,SARS-CoV Infections,https://reactome.org/PathwayBrowser/#/R-HSA-8854518
REACTOME,SARS-CoV-1 Genome Replication and Transcription,https://reactome.org/PathwayBrowser/#/R-HSA-187037
REACTOME,SARS-CoV-1 Infection,https://reactome.org/PathwayBrowser/#/R-HSA-3785653
REACTOME,SARS-CoV-1 activates/modulates innate immune responses,https://reactome.org/PathwayBrowser/#/R-HSA-9725371
REACTOME,SARS-CoV-1 modulates host translation machinery,https://reactome.org/PathwayBrowser/#/R-HSA-198765
REACTOME,SARS-CoV-1 targets host intracellular signalling and regulatory pathways,https://reactome.org/PathwayBrowser/#/R-HSA-196807
REACTOME,SARS-CoV-1-host interactions,https://reactome.org/content/query?q=SARS-CoV-1-host%20interactions&types=Pathway
REACTOME,SARS-CoV-1-mediated effects on programmed cell death,https://reactome.org/PathwayBrowser/#/R-HSA-1606322
REACTOME,SARS-CoV-2 Genome Replication and Transcription,https://reactome.org/PathwayBrowser/#/R-HSA-9034015
REACTOME,SARS-CoV-2 Infection,https://reactome.org/PathwayBrowser/#/R-HSA-451326
REACTOME,SARS-CoV-2 activates/modulates innate and adaptive immune responses,https://reactome.org/PathwayBrowser/#/R-HSA-376172
REACTOME,SARS-CoV-2 modulates autophagy,https://reactome.org/PathwayBrowser/#/R-HSA-70635
REACTOME,SARS-CoV-2 modulates host translation machinery,https://reactome.org/PathwayBrowser/#/R-HSA-9755511
REACTOME,SARS-CoV-2 targets PDZ proteins in cell-cell junction,https://reactome.org/PathwayBrowser/#/R-HSA-977068
REACTOME,SARS-CoV-2 targets host intracellular signalling and regulatory pathways,https://reactome.org/PathwayBrowser/#/R-HSA-392154
REACTOME,SARS-CoV-2-host interactions,https://reactome.org/PathwayBrowser/#/R-HSA-3769402
REACTOME,SCF(Skp2)-mediated degradation of p27/p21,https://reactome.org/PathwayBrowser/#/R-HSA-5654696
REACTOME,SCF-beta-TrCP mediated degradation of Emi1,https://reactome.org/PathwayBrowser/#/R-HSA-9612973
REACTOME,SDK interactions,https://reactome.org/PathwayBrowser/#/R-HSA-77288
REACTOME,SEMA3A-Plexin repulsion signaling by inhibiting Integrin adhesion,https://reactome.org/PathwayBrowser/#/R-HSA-9014826
REACTOME,SHC-mediated cascade:FGFR1,https://reactome.org/PathwayBrowser/#/R-HSA-164940
REACTOME,SHC-mediated cascade:FGFR2,https://reactome.org/PathwayBrowser/#/R-HSA-5654727
REACTOME,SHC-mediated cascade:FGFR3,https://reactome.org/PathwayBrowser/#/R-HSA-4086400
REACTOME,SHC-mediated cascade:FGFR4,https://reactome.org/PathwayBrowser/#/R-HSA-5654689
REACTOME,SHC-related events triggered by IGF1R,https://reactome.org/PathwayBrowser/#/R-HSA-72702
REACTOME,SHC1 events in EGFR signaling,https://reactome.org/PathwayBrowser/#/R-HSA-9620244
REACTOME,SHC1 events in ERBB2 signaling,https://reactome.org/PathwayBrowser/#/R-HSA-167161
REACTOME,SHC1 events in ERBB4 signaling,https://reactome.org/PathwayBrowser/#/R-HSA-2022928
REACTOME,SHOC2 M1731 mutant abolishes MRAS complex function,https://reactome.org/PathwayBrowser/#/R-HSA-6811438
REACTOME,SIRT1 negatively regulates rRNA expression,https://reactome.org/PathwayBrowser/#/R-HSA-447038
REACTOME,SLBP Dependent Processing of Replication-Dependent Histone Pre-mRNAs,https://reactome.org/PathwayBrowser/#/R-HSA-5602571
REACTOME,SLBP independent Processing of Histone Pre-mRNAs,https://reactome.org/PathwayBrowser/#/R-HSA-6803205
REACTOME,SLC transporter disorders,https://reactome.org/PathwayBrowser/#/R-HSA-5693532
REACTOME,SLC-mediated transmembrane transport,https://reactome.org/PathwayBrowser/#/R-HSA-139915
REACTOME,SLIT2:ROBO1 increases RHOA activity,https://reactome.org/PathwayBrowser/#/R-HSA-8951911
REACTOME,SMAC (DIABLO) binds to IAPs,https://reactome.org/PathwayBrowser/#/R-HSA-163685
REACTOME,SMAC(DIABLO)-mediated dissociation of IAP:caspase complexes,https://reactome.org/PathwayBrowser/#/R-HSA-162592
REACTOME,"SMAC, XIAP-regulated apoptotic response",https://reactome.org/PathwayBrowser/#/R-HSA-175567
REACTOME,SMAD2/3 MH2 Domain Mutants in Cancer,https://reactome.org/PathwayBrowser/#/R-HSA-5140745
REACTOME,SMAD2/3 Phosphorylation Motif Mutants in Cancer,https://reactome.org/PathwayBrowser/#/R-HSA-9768778
REACTOME,SMAD2/SMAD3:SMAD4 heterotrimer regulates transcription,https://reactome.org/PathwayBrowser/#/R-HSA-1236974
REACTOME,SMAD4 MH2 Domain Mutants in Cancer,https://reactome.org/PathwayBrowser/#/R-HSA-9673324
REACTOME,SOS-mediated signalling,https://reactome.org/PathwayBrowser/#/R-HSA-9755088
REACTOME,SRP-dependent cotranslational protein targeting to membrane,https://reactome.org/PathwayBrowser/#/R-HSA-8940973
REACTOME,STAT3 nuclear events downstream of ALK signaling,https://reactome.org/PathwayBrowser/#/R-HSA-166058
REACTOME,STAT5 Activation,https://reactome.org/PathwayBrowser/#/R-HSA-190827
REACTOME,STAT5 activation downstream of FLT3 ITD mutants,https://reactome.org/PathwayBrowser/#/R-HSA-400511
REACTOME,STAT6-mediated induction of chemokines,https://reactome.org/PathwayBrowser/#/R-HSA-382551
REACTOME,STING mediated induction of host immune responses,https://reactome.org/PathwayBrowser/#/R-HSA-5628897
REACTOME,SUMO E3 ligases SUMOylate target proteins,https://reactome.org/PathwayBrowser/#/R-HSA-2424491
REACTOME,SUMO is conjugated to E1 (UBA2:SAE1),https://reactome.org/PathwayBrowser/#/R-HSA-168268
REACTOME,SUMO is proteolytically processed,https://reactome.org/PathwayBrowser/#/R-HSA-196819
REACTOME,"SUMO is transferred from E1 to E2 (UBE2I, UBC9)",https://reactome.org/PathwayBrowser/#/R-HSA-2187338
REACTOME,SUMOylation,https://reactome.org/PathwayBrowser/#/R-HSA-1489509
REACTOME,SUMOylation of DNA damage response and repair proteins,https://reactome.org/PathwayBrowser/#/R-HSA-2172127
REACTOME,SUMOylation of DNA methylation proteins,https://reactome.org/PathwayBrowser/#/R-HSA-162594
REACTOME,SUMOylation of DNA replication proteins,https://reactome.org/PathwayBrowser/#/R-HSA-2559586
REACTOME,SUMOylation of RNA binding proteins,https://reactome.org/PathwayBrowser/#/R-HSA-73942
REACTOME,SUMOylation of SUMOylation proteins,https://reactome.org/PathwayBrowser/#/R-HSA-73893
REACTOME,SUMOylation of chromatin organization proteins,https://reactome.org/PathwayBrowser/#/R-HSA-5696394
REACTOME,SUMOylation of immune response proteins,https://reactome.org/PathwayBrowser/#/R-HSA-9634815
REACTOME,SUMOylation of intracellular receptors,https://reactome.org/PathwayBrowser/#/R-HSA-114604
REACTOME,SUMOylation of nuclear envelope proteins,https://reactome.org/PathwayBrowser/#/R-HSA-8979227
REACTOME,SUMOylation of transcription cofactors,https://reactome.org/PathwayBrowser/#/R-HSA-8939211
REACTOME,SUMOylation of transcription factors,https://reactome.org/PathwayBrowser/#/R-HSA-9706574
REACTOME,SUMOylation of ubiquitinylation proteins,https://reactome.org/PathwayBrowser/#/R-HSA-180024
REACTOME,Scavenging by Class A Receptors,https://reactome.org/PathwayBrowser/#/R-HSA-4755510
REACTOME,Scavenging by Class B Receptors,https://reactome.org/PathwayBrowser/#/R-HSA-400042
REACTOME,Scavenging by Class F Receptors,https://reactome.org/PathwayBrowser/#/R-HSA-2467813
REACTOME,Scavenging by Class H Receptors,https://reactome.org/content/query?q=Scavenging%20by%20Class%20H%20Receptors&types=Pathway
REACTOME,Scavenging of heme from plasma,https://reactome.org/PathwayBrowser/#/R-HSA-163680
REACTOME,Sealing of the nuclear envelope (NE) by ESCRT-III,https://reactome.org/PathwayBrowser/#/R-HSA-173623
REACTOME,Selective autophagy,https://reactome.org/PathwayBrowser/#/R-HSA-1296053
REACTOME,Selenoamino acid metabolism,https://reactome.org/PathwayBrowser/#/R-HSA-5696398
REACTOME,Selenocysteine synthesis,https://reactome.org/PathwayBrowser/#/R-HSA-5637815
REACTOME,Sema3A PAK dependent Axon repulsion,https://reactome.org/PathwayBrowser/#/R-HSA-8984722
REACTOME,Sema4D in semaphorin signaling,https://reactome.org/PathwayBrowser/#/R-HSA-9022537
REACTOME,Sema4D induced cell migration and growth-cone collapse,https://reactome.org/PathwayBrowser/#/R-HSA-380259
REACTOME,Sema4D mediated inhibition of cell attachment and migration,https://reactome.org/PathwayBrowser/#/R-HSA-350054
REACTOME,Semaphorin interactions,https://reactome.org/PathwayBrowser/#/R-HSA-390650
REACTOME,Senescence-Associated Secretory Phenotype (SASP),https://reactome.org/PathwayBrowser/#/R-HSA-389661
REACTOME,Sensing of DNA Double Strand Breaks,https://reactome.org/PathwayBrowser/#/R-HSA-5625900
REACTOME,Sensory Perception,https://reactome.org/PathwayBrowser/#/R-HSA-9662851
REACTOME,Sensory perception of salty taste,https://reactome.org/PathwayBrowser/#/R-HSA-190872
REACTOME,Sensory perception of sour taste,https://reactome.org/PathwayBrowser/#/R-HSA-180910
REACTOME,"Sensory perception of sweet, bitter, and umami (glutamate) taste",https://reactome.org/PathwayBrowser/#/R-HSA-9672391
REACTOME,Sensory perception of taste,https://reactome.org/PathwayBrowser/#/R-HSA-9672393
REACTOME,Sensory processing of sound,https://reactome.org/PathwayBrowser/#/R-HSA-75153
REACTOME,Sensory processing of sound by inner hair cells of the cochlea,https://reactome.org/PathwayBrowser/#/R-HSA-111471
REACTOME,Sensory processing of sound by outer hair cells of the cochlea,https://reactome.org/PathwayBrowser/#/R-HSA-445717
REACTOME,Separation of Sister Chromatids,https://reactome.org/PathwayBrowser/#/R-HSA-77346
REACTOME,Serine biosynthesis,https://reactome.org/PathwayBrowser/#/R-HSA-189200
REACTOME,Serotonin Neurotransmitter Release Cycle,https://reactome.org/PathwayBrowser/#/R-HSA-6783589
REACTOME,Serotonin and melatonin biosynthesis,https://reactome.org/PathwayBrowser/#/R-HSA-5656169
REACTOME,Serotonin clearance from the synaptic cleft,https://reactome.org/PathwayBrowser/#/R-HSA-5654738
REACTOME,Serotonin receptors,https://reactome.org/PathwayBrowser/#/R-HSA-167044
REACTOME,Sialic acid metabolism,https://reactome.org/PathwayBrowser/#/R-HSA-9031628
REACTOME,Signal Transduction,https://reactome.org/PathwayBrowser/#/R-HSA-9659787
REACTOME,Signal amplification,https://reactome.org/PathwayBrowser/#/R-HSA-5579026
REACTOME,Signal attenuation,https://reactome.org/PathwayBrowser/#/R-HSA-3065676
REACTOME,Signal regulatory protein family interactions,https://reactome.org/PathwayBrowser/#/R-HSA-9648025
REACTOME,Signal transduction by L1,https://reactome.org/PathwayBrowser/#/R-HSA-9008059
REACTOME,Signaling by ALK,https://reactome.org/PathwayBrowser/#/R-HSA-6809371
REACTOME,Signaling by ALK fusions and activated point mutants,https://reactome.org/PathwayBrowser/#/R-HSA-9632697
REACTOME,Signaling by ALK in cancer,https://reactome.org/PathwayBrowser/#/R-HSA-9630794
REACTOME,Signaling by AMER1 mutants,https://reactome.org/PathwayBrowser/#/R-HSA-2022377
REACTOME,Signaling by APC mutants,https://reactome.org/PathwayBrowser/#/R-HSA-1430728
REACTOME,Signaling by AXIN mutants,https://reactome.org/PathwayBrowser/#/R-HSA-174490
REACTOME,Signaling by Activin,https://reactome.org/PathwayBrowser/#/R-HSA-76066
REACTOME,Signaling by BMP,https://reactome.org/PathwayBrowser/#/R-HSA-182971
REACTOME,Signaling by BRAF and RAF1 fusions,https://reactome.org/PathwayBrowser/#/R-HSA-192456
REACTOME,Signaling by CSF1 (M-CSF) in myeloid cells,https://reactome.org/PathwayBrowser/#/R-HSA-69618
REACTOME,Signaling by CSF3 (G-CSF),https://reactome.org/PathwayBrowser/#/R-HSA-1483115
REACTOME,Signaling by CTNNB1 phospho-site mutants,https://reactome.org/PathwayBrowser/#/R-HSA-5579029
REACTOME,Signaling by EGFR,https://reactome.org/PathwayBrowser/#/R-HSA-9636249
REACTOME,Signaling by EGFR in Cancer,https://reactome.org/PathwayBrowser/#/R-HSA-9613354
REACTOME,Signaling by EGFRvIII in Cancer,https://reactome.org/PathwayBrowser/#/R-HSA-9665251
REACTOME,Signaling by ERBB2,https://reactome.org/PathwayBrowser/#/R-HSA-162906
REACTOME,Signaling by ERBB2 ECD mutants,https://reactome.org/PathwayBrowser/#/R-HSA-9665233
REACTOME,Signaling by ERBB2 KD Mutants,https://reactome.org/PathwayBrowser/#/R-HSA-109582
REACTOME,Signaling by ERBB2 TMD/JMD mutants,https://reactome.org/PathwayBrowser/#/R-HSA-1638091
REACTOME,Signaling by ERBB2 in Cancer,https://reactome.org/PathwayBrowser/#/R-HSA-162587
REACTOME,Signaling by ERBB4,https://reactome.org/PathwayBrowser/#/R-HSA-167169
REACTOME,Signaling by Erythropoietin,https://reactome.org/PathwayBrowser/#/R-HSA-190239
REACTOME,Signaling by FGFR,https://reactome.org/PathwayBrowser/#/R-HSA-9632974
REACTOME,Signaling by FGFR in disease,https://reactome.org/PathwayBrowser/#/R-HSA-9683686
REACTOME,Signaling by FGFR1,https://reactome.org/PathwayBrowser/#/R-HSA-5675221
REACTOME,Signaling by FGFR1 in disease,https://reactome.org/PathwayBrowser/#/R-HSA-1221632
REACTOME,Signaling by FGFR2,https://reactome.org/PathwayBrowser/#/R-HSA-9623433
REACTOME,Signaling by FGFR2 IIIa TM,https://reactome.org/PathwayBrowser/#/R-HSA-9026357
REACTOME,Signaling by FGFR2 in disease,https://reactome.org/PathwayBrowser/#/R-HSA-9031525
REACTOME,Signaling by FGFR3,https://reactome.org/PathwayBrowser/#/R-HSA-109704
REACTOME,Signaling by FGFR3 in disease,https://reactome.org/PathwayBrowser/#/R-HSA-1250342
REACTOME,Signaling by FGFR4,https://reactome.org/PathwayBrowser/#/R-HSA-1963642
REACTOME,Signaling by FGFR4 in disease,https://reactome.org/PathwayBrowser/#/R-HSA-428890
REACTOME,Signaling by FLT3 ITD and TKD mutants,https://reactome.org/PathwayBrowser/#/R-HSA-9694516
REACTOME,Signaling by FLT3 fusion proteins,https://reactome.org/PathwayBrowser/#/R-HSA-9694682
REACTOME,Signaling by GPCR,https://reactome.org/PathwayBrowser/#/R-HSA-1482798
REACTOME,Signaling by GSK3beta mutants,https://reactome.org/PathwayBrowser/#/R-HSA-8953854
REACTOME,Signaling by Hedgehog,https://reactome.org/PathwayBrowser/#/R-HSA-9026395
REACTOME,Signaling by Hippo,https://reactome.org/PathwayBrowser/#/R-HSA-168277
REACTOME,Signaling by Insulin receptor,https://reactome.org/PathwayBrowser/#/R-HSA-5652084
REACTOME,Signaling by Interleukins,https://reactome.org/PathwayBrowser/#/R-HSA-425381
REACTOME,Signaling by KIT in disease,https://reactome.org/PathwayBrowser/#/R-HSA-416482
REACTOME,Signaling by LRP5 mutants,https://reactome.org/PathwayBrowser/#/R-HSA-9035034
REACTOME,Signaling by Leptin,https://reactome.org/PathwayBrowser/#/R-HSA-5693538
REACTOME,Signaling by Ligand-Responsive EGFR Variants in Cancer,https://reactome.org/PathwayBrowser/#/R-HSA-9665246
REACTOME,Signaling by MAP2K mutants,https://reactome.org/content/query?q=Signaling%20by%20MAP2K%20mutants&types=Pathway
REACTOME,Signaling by MAPK mutants,https://reactome.org/PathwayBrowser/#/R-HSA-5578749
REACTOME,Signaling by MET,https://reactome.org/PathwayBrowser/#/R-HSA-8853383
REACTOME,Signaling by MRAS-complex mutants,https://reactome.org/PathwayBrowser/#/R-HSA-6811442
REACTOME,Signaling by MST1,https://reactome.org/PathwayBrowser/#/R-HSA-9734207
REACTOME,Signaling by NODAL,https://reactome.org/PathwayBrowser/#/R-HSA-9632700
REACTOME,Signaling by NOTCH,https://reactome.org/PathwayBrowser/#/R-HSA-5679096
REACTOME,Signaling by NOTCH1,https://reactome.org/PathwayBrowser/#/R-HSA-5679090
REACTOME,Signaling by NOTCH1 HD Domain Mutants in Cancer,https://reactome.org/PathwayBrowser/#/R-HSA-4420332
REACTOME,Signaling by NOTCH1 HD+PEST Domain Mutants in Cancer,https://reactome.org/PathwayBrowser/#/R-HSA-3560801
REACTOME,Signaling by NOTCH1 PEST Domain Mutants in Cancer,https://reactome.org/PathwayBrowser/#/R-HSA-3359462
REACTOME,Signaling by NOTCH1 in Cancer,https://reactome.org/PathwayBrowser/#/R-HSA-5619099
REACTOME,Signaling by NOTCH1 t(7;9)(NOTCH1:M1580_K2555) Translocation Mutant,https://reactome.org/PathwayBrowser/#/R-HSA-190828
REACTOME,Signaling by NOTCH2,https://reactome.org/PathwayBrowser/#/R-HSA-5579031
REACTOME,Signaling by NOTCH3,https://reactome.org/PathwayBrowser/#/R-HSA-5083632
REACTOME,Signaling by NOTCH4,https://reactome.org/PathwayBrowser/#/R-HSA-5696400
REACTOME,Signaling by NTRK1 (TRKA),https://reactome.org/PathwayBrowser/#/R-HSA-5619107
REACTOME,Signaling by NTRK2 (TRKB),https://reactome.org/PathwayBrowser/#/R-HSA-171306
REACTOME,Signaling by NTRK3 (TRKC),https://reactome.org/PathwayBrowser/#/R-HSA-9692916
REACTOME,Signaling by NTRKs,https://reactome.org/PathwayBrowser/#/R-HSA-3656243
REACTOME,Signaling by Non-Receptor Tyrosine Kinases,https://reactome.org/PathwayBrowser/#/R-HSA-9707616
REACTOME,Signaling by Nuclear Receptors,https://reactome.org/PathwayBrowser/#/R-HSA-4719377
REACTOME,Signaling by Overexpressed Wild-Type EGFR in Cancer,https://reactome.org/PathwayBrowser/#/R-HSA-3304347
REACTOME,Signaling by PDGF,https://reactome.org/PathwayBrowser/#/R-HSA-2514853
REACTOME,Signaling by PDGFR in disease,https://reactome.org/PathwayBrowser/#/R-HSA-416476
REACTOME,Signaling by PDGFRA extracellular domain mutants,https://reactome.org/PathwayBrowser/#/R-HSA-418597
REACTOME,"Signaling by PDGFRA transmembrane, juxtamembrane and kinase domain mutants",https://reactome.org/PathwayBrowser/#/R-HSA-418555
REACTOME,Signaling by PTK6,https://reactome.org/PathwayBrowser/#/R-HSA-189451
REACTOME,Signaling by RAF1 mutants,https://reactome.org/PathwayBrowser/#/R-HSA-433692
REACTOME,Signaling by RAS GAP mutants,https://reactome.org/PathwayBrowser/#/R-HSA-9705671
REACTOME,Signaling by RAS GTPase mutants,https://reactome.org/PathwayBrowser/#/R-HSA-9754560
REACTOME,Signaling by RAS mutants,https://reactome.org/PathwayBrowser/#/R-HSA-169893
REACTOME,Signaling by RNF43 mutants,https://reactome.org/PathwayBrowser/#/R-HSA-174411
REACTOME,Signaling by ROBO receptors,https://reactome.org/PathwayBrowser/#/R-HSA-77305
REACTOME,Signaling by Receptor Tyrosine Kinases,https://reactome.org/PathwayBrowser/#/R-HSA-2219530
REACTOME,Signaling by Retinoic Acid,https://reactome.org/PathwayBrowser/#/R-HSA-5658623
REACTOME,Signaling by Rho GTPases,https://reactome.org/PathwayBrowser/#/R-HSA-9687139
REACTOME,"Signaling by Rho GTPases, Miro GTPases and RHOBTB3",https://reactome.org/PathwayBrowser/#/R-HSA-156582
REACTOME,Signaling by SCF-KIT,https://reactome.org/PathwayBrowser/#/R-HSA-75094
REACTOME,Signaling by TCF7L2 mutants,https://reactome.org/PathwayBrowser/#/R-HSA-196791
REACTOME,Signaling by TGF-beta Receptor Complex,https://reactome.org/PathwayBrowser/#/R-HSA-3928662
REACTOME,Signaling by TGF-beta Receptor Complex in Cancer,https://reactome.org/PathwayBrowser/#/R-HSA-9768777
REACTOME,Signaling by TGFB family members,https://reactome.org/PathwayBrowser/#/R-HSA-212718
REACTOME,Signaling by Type 1 Insulin-like Growth Factor 1 Receptor (IGF1R),https://reactome.org/PathwayBrowser/#/R-HSA-389960
REACTOME,Signaling by VEGF,https://reactome.org/PathwayBrowser/#/R-HSA-173599
REACTOME,Signaling by WNT,https://reactome.org/PathwayBrowser/#/R-HSA-73929
REACTOME,Signaling by WNT in cancer,https://reactome.org/PathwayBrowser/#/R-HSA-199991
REACTOME,Signaling by activated point mutants of FGFR1,https://reactome.org/PathwayBrowser/#/R-HSA-8963899
REACTOME,Signaling by activated point mutants of FGFR3,https://reactome.org/PathwayBrowser/#/R-HSA-449836
REACTOME,Signaling by cytosolic FGFR1 fusion mutants,https://reactome.org/PathwayBrowser/#/R-HSA-1500620
REACTOME,Signaling by cytosolic PDGFRA and PDGFRB fusion proteins,https://reactome.org/PathwayBrowser/#/R-HSA-5576890
REACTOME,Signaling by high-kinase activity BRAF mutants,https://reactome.org/PathwayBrowser/#/R-HSA-418890
REACTOME,Signaling by membrane-tethered fusions of PDGFRA or PDGFRB,https://reactome.org/PathwayBrowser/#/R-HSA-159236
REACTOME,Signaling by moderate kinase activity BRAF mutants,https://reactome.org/PathwayBrowser/#/R-HSA-70688
REACTOME,"Signaling by phosphorylated juxtamembrane, extracellular and kinase domain KIT mutants",https://reactome.org/PathwayBrowser/#/R-HSA-418594
REACTOME,Signaling by plasma membrane FGFR1 fusions,https://reactome.org/PathwayBrowser/#/R-HSA-8951430
REACTOME,Signaling by the B Cell Receptor (BCR),https://reactome.org/PathwayBrowser/#/R-HSA-73930
REACTOME,Signaling downstream of RAS mutants,https://reactome.org/PathwayBrowser/#/R-HSA-6794362
REACTOME,Signalling to ERK5,https://reactome.org/PathwayBrowser/#/R-HSA-2046106
REACTOME,Signalling to ERKs,https://reactome.org/PathwayBrowser/#/R-HSA-5223345
REACTOME,Signalling to RAS,https://reactome.org/PathwayBrowser/#/R-HSA-9715370
REACTOME,Signalling to STAT3,https://reactome.org/PathwayBrowser/#/R-HSA-77588
REACTOME,Signalling to p38 via RIT and RIN,https://reactome.org/PathwayBrowser/#/R-HSA-9726840
REACTOME,Small interfering RNA (siRNA) biogenesis,https://reactome.org/PathwayBrowser/#/R-HSA-73856
REACTOME,Smooth Muscle Contraction,https://reactome.org/PathwayBrowser/#/R-HSA-9005891
REACTOME,Sodium-coupled phosphate cotransporters,https://reactome.org/PathwayBrowser/#/R-HSA-8948747
REACTOME,"Sodium-coupled sulphate, di- and tri-carboxylate transporters",https://reactome.org/PathwayBrowser/#/R-HSA-1307965
REACTOME,Sodium/Calcium exchangers,https://reactome.org/PathwayBrowser/#/R-HSA-73621
REACTOME,Sodium/Proton exchangers,https://reactome.org/PathwayBrowser/#/R-HSA-2453902
REACTOME,Sperm Motility And Taxes,https://reactome.org/PathwayBrowser/#/R-HSA-9645722
REACTOME,Sphingolipid de novo biosynthesis,https://reactome.org/PathwayBrowser/#/R-HSA-5685942
REACTOME,Sphingolipid metabolism,https://reactome.org/PathwayBrowser/#/R-HSA-451308
REACTOME,Spry regulation of FGF signaling,https://reactome.org/PathwayBrowser/#/R-HSA-9664407
REACTOME,Stabilization of p53,https://reactome.org/PathwayBrowser/#/R-HSA-5607763
REACTOME,Sterols are 12-hydroxylated by CYP8B1,https://reactome.org/PathwayBrowser/#/R-HSA-430039
REACTOME,Stimulation of the cell death response by PAK-2p34,https://reactome.org/PathwayBrowser/#/R-HSA-159227
REACTOME,Stimuli-sensing channels,https://reactome.org/PathwayBrowser/#/R-HSA-2426168
REACTOME,Striated Muscle Contraction,https://reactome.org/PathwayBrowser/#/R-HSA-5358606
REACTOME,Sulfide oxidation to sulfate,https://reactome.org/PathwayBrowser/#/R-HSA-6804759
REACTOME,Sulfur amino acid metabolism,https://reactome.org/PathwayBrowser/#/R-HSA-6804756
REACTOME,Suppression of apoptosis,https://reactome.org/PathwayBrowser/#/R-HSA-1839130
REACTOME,Suppression of autophagy,https://reactome.org/PathwayBrowser/#/R-HSA-4420097
REACTOME,Suppression of phagosomal maturation,https://reactome.org/PathwayBrowser/#/R-HSA-5684264
REACTOME,Surfactant metabolism,https://reactome.org/PathwayBrowser/#/R-HSA-8943723
REACTOME,Switching of origins to a post-replicative state,https://reactome.org/content/query?q=Switching%20of%20origins%20to%20a%20post-replicative%20state&types=Pathway
REACTOME,Synaptic adhesion-like molecules,https://reactome.org/PathwayBrowser/#/R-HSA-975577
REACTOME,Syndecan interactions,https://reactome.org/PathwayBrowser/#/R-HSA-5632681
REACTOME,"Synthesis And Processing Of GAG, GAGPOL Polyproteins",https://reactome.org/PathwayBrowser/#/R-HSA-175474
REACTOME,Synthesis of (16-20)-hydroxyeicosatetraenoic acids (HETE),https://reactome.org/PathwayBrowser/#/R-HSA-9665348
REACTOME,Synthesis of 12-eicosatetraenoic acid derivatives,https://reactome.org/PathwayBrowser/#/R-HSA-9013409
REACTOME,Synthesis of 15-eicosatetraenoic acid derivatives,https://reactome.org/PathwayBrowser/#/R-HSA-5358565
REACTOME,Synthesis of 5-eicosatetraenoic acids,https://reactome.org/PathwayBrowser/#/R-HSA-6802949
REACTOME,Synthesis of DNA,https://reactome.org/PathwayBrowser/#/R-HSA-389357
REACTOME,Synthesis of Dolichyl-phosphate,https://reactome.org/PathwayBrowser/#/R-HSA-388479
REACTOME,Synthesis of GDP-mannose,https://reactome.org/PathwayBrowser/#/R-HSA-1369007
REACTOME,"Synthesis of IP2, IP, and Ins in the cytosol",https://reactome.org/PathwayBrowser/#/R-HSA-8854521
REACTOME,Synthesis of IP3 and IP4 in the cytosol,https://reactome.org/PathwayBrowser/#/R-HSA-68875
REACTOME,Synthesis of IPs in the nucleus,https://reactome.org/PathwayBrowser/#/R-HSA-8868766
REACTOME,Synthesis of Ketone Bodies,https://reactome.org/PathwayBrowser/#/R-HSA-167172
REACTOME,Synthesis of Leukotrienes (LT) and Eoxins (EX),https://reactome.org/PathwayBrowser/#/R-HSA-2672351
REACTOME,Synthesis of Lipoxins (LX),https://reactome.org/PathwayBrowser/#/R-HSA-390522
REACTOME,Synthesis of PA,https://reactome.org/PathwayBrowser/#/R-HSA-8964572
REACTOME,Synthesis of PC,https://reactome.org/PathwayBrowser/#/R-HSA-9012852
REACTOME,Synthesis of PE,https://reactome.org/PathwayBrowser/#/R-HSA-72202
REACTOME,Synthesis of PG,https://reactome.org/PathwayBrowser/#/R-HSA-2046105
REACTOME,Synthesis of PI,https://reactome.org/PathwayBrowser/#/R-HSA-211000
REACTOME,Synthesis of PIPs at the ER membrane,https://reactome.org/PathwayBrowser/#/R-HSA-9708530
REACTOME,Synthesis of PIPs at the Golgi membrane,https://reactome.org/PathwayBrowser/#/R-HSA-72689
REACTOME,Synthesis of PIPs at the early endosome membrane,https://reactome.org/PathwayBrowser/#/R-HSA-196025
REACTOME,Synthesis of PIPs at the late endosome membrane,https://reactome.org/PathwayBrowser/#/R-HSA-111458
REACTOME,Synthesis of PIPs at the plasma membrane,https://reactome.org/PathwayBrowser/#/R-HSA-190373
REACTOME,Synthesis of PIPs in the nucleus,https://reactome.org/PathwayBrowser/#/R-HSA-438066
REACTOME,Synthesis of PS,https://reactome.org/PathwayBrowser/#/R-HSA-5339562
REACTOME,Synthesis of Prostaglandins (PG) and Thromboxanes (TX),https://reactome.org/PathwayBrowser/#/R-HSA-1483249
REACTOME,Synthesis of UDP-N-acetyl-glucosamine,https://reactome.org/PathwayBrowser/#/R-HSA-8941856
REACTOME,Synthesis of active ubiquitin: roles of E1 and E2 enzymes,https://reactome.org/PathwayBrowser/#/R-HSA-111447
REACTOME,Synthesis of bile acids and bile salts,https://reactome.org/PathwayBrowser/#/R-HSA-446652
REACTOME,Synthesis of bile acids and bile salts via 24-hydroxycholesterol,https://reactome.org/PathwayBrowser/#/R-HSA-110056
REACTOME,Synthesis of bile acids and bile salts via 27-hydroxycholesterol,https://reactome.org/PathwayBrowser/#/R-HSA-8936459
REACTOME,Synthesis of bile acids and bile salts via 7alpha-hydroxycholesterol,https://reactome.org/PathwayBrowser/#/R-HSA-448706
REACTOME,Synthesis of diphthamide-EEF2,https://reactome.org/PathwayBrowser/#/R-HSA-6796648
REACTOME,Synthesis of dolichyl-phosphate mannose,https://reactome.org/PathwayBrowser/#/R-HSA-5620971
REACTOME,Synthesis of dolichyl-phosphate-glucose,https://reactome.org/PathwayBrowser/#/R-HSA-1234158
REACTOME,Synthesis of epoxy (EET) and dihydroxyeicosatrienoic acids (DHET),https://reactome.org/PathwayBrowser/#/R-HSA-1227986
REACTOME,Synthesis of glycosylphosphatidylinositol (GPI),https://reactome.org/PathwayBrowser/#/R-HSA-8952158
REACTOME,Synthesis of pyrophosphates in the cytosol,https://reactome.org/content/query?q=Synthesis%20of%20pyrophosphates%20in%20the%20cytosol&types=Pathway
REACTOME,Synthesis of substrates in N-glycan biosythesis,https://reactome.org/PathwayBrowser/#/R-HSA-352230
REACTOME,Synthesis of very long-chain fatty acyl-CoAs,https://reactome.org/PathwayBrowser/#/R-HSA-418990
REACTOME,Synthesis of wybutosine at G37 of tRNA(Phe),https://reactome.org/PathwayBrowser/#/R-HSA-389599
REACTOME,"Synthesis, secretion, and deacylation of Ghrelin",https://reactome.org/PathwayBrowser/#/R-HSA-167021
REACTOME,"Synthesis, secretion, and inactivation of Glucagon-like Peptide-1 (GLP-1)",https://reactome.org/PathwayBrowser/#/R-HSA-5688849
REACTOME,"Synthesis, secretion, and inactivation of Glucose-dependent Insulinotropic Polypeptide (GIP)",https://reactome.org/PathwayBrowser/#/R-HSA-1296065
REACTOME,TAK1-dependent IKK and NF-kappa-B activation,https://reactome.org/PathwayBrowser/#/R-HSA-8964038
REACTOME,TBC/RABGAPs,https://reactome.org/PathwayBrowser/#/R-HSA-9013420
REACTOME,TCF dependent signaling in response to WNT,https://reactome.org/PathwayBrowser/#/R-HSA-210991
REACTOME,TCR signaling,https://reactome.org/PathwayBrowser/#/R-HSA-264642
REACTOME,"TET1,2,3 and TDG demethylate DNA",https://reactome.org/PathwayBrowser/#/R-HSA-181430
REACTOME,TFAP2 (AP-2) family regulates transcription of cell cycle factors,https://reactome.org/PathwayBrowser/#/R-HSA-1475029
REACTOME,TFAP2 (AP-2) family regulates transcription of growth factors and their receptors,https://reactome.org/PathwayBrowser/#/R-HSA-9665245
REACTOME,TFAP2 (AP-2) family regulates transcription of other transcription factors,https://reactome.org/PathwayBrowser/#/R-HSA-9660537
REACTOME,TFAP2A acts as a transcriptional repressor during retinoic acid induced cell differentiation,https://reactome.org/PathwayBrowser/#/R-HSA-8852405
REACTOME,TGF-beta receptor signaling activates SMADs,https://reactome.org/PathwayBrowser/#/R-HSA-2465910
REACTOME,TGF-beta receptor signaling in EMT (epithelial to mesenchymal transition),https://reactome.org/PathwayBrowser/#/R-HSA-9705683
REACTOME,TGFBR1 KD Mutants in Cancer,https://reactome.org/PathwayBrowser/#/R-HSA-211728
REACTOME,TGFBR1 LBD Mutants in Cancer,https://reactome.org/PathwayBrowser/#/R-HSA-399955
REACTOME,TGFBR2 Kinase Domain Mutants in Cancer,https://reactome.org/PathwayBrowser/#/R-HSA-373756
REACTOME,TGFBR2 MSI Frameshift Mutants in Cancer,https://reactome.org/PathwayBrowser/#/R-HSA-174113
REACTOME,TICAM1 deficiency - HSE,https://reactome.org/PathwayBrowser/#/R-HSA-9818028
REACTOME,"TICAM1, RIP1-mediated IKK complex recruitment",https://reactome.org/PathwayBrowser/#/R-HSA-6805567
REACTOME,"TICAM1,TRAF6-dependent induction of TAK1 complex",https://reactome.org/PathwayBrowser/#/R-HSA-167060
REACTOME,TICAM1-dependent activation of IRF3/IRF7,https://reactome.org/PathwayBrowser/#/R-HSA-205017
REACTOME,TLR3-mediated TICAM1-dependent programmed cell death,https://reactome.org/PathwayBrowser/#/R-HSA-9818027
REACTOME,TNF receptor superfamily (TNFSF) members mediating non-canonical NF-kB pathway,https://reactome.org/PathwayBrowser/#/R-HSA-9007892
REACTOME,TNF signaling,https://reactome.org/PathwayBrowser/#/R-HSA-3000157
REACTOME,TNFR1-induced NF-kappa-B signaling pathway,https://reactome.org/PathwayBrowser/#/R-HSA-5682910
REACTOME,TNFR1-induced proapoptotic signaling,https://reactome.org/PathwayBrowser/#/R-HSA-73980
REACTOME,TNFR1-mediated ceramide production,https://reactome.org/PathwayBrowser/#/R-HSA-9012999
REACTOME,TNFR2 non-canonical NF-kB pathway,https://reactome.org/PathwayBrowser/#/R-HSA-9018678
REACTOME,TNFs bind their physiological receptors,https://reactome.org/PathwayBrowser/#/R-HSA-8941413
REACTOME,TP53 Regulates Metabolic Genes,https://reactome.org/PathwayBrowser/#/R-HSA-1963640
REACTOME,TP53 Regulates Transcription of Caspase Activators and Caspases,https://reactome.org/PathwayBrowser/#/R-HSA-354192
REACTOME,TP53 Regulates Transcription of Cell Cycle Genes,https://reactome.org/PathwayBrowser/#/R-HSA-399710
REACTOME,TP53 Regulates Transcription of Cell Death Genes,https://reactome.org/PathwayBrowser/#/R-HSA-8863795
REACTOME,TP53 Regulates Transcription of DNA Repair Genes,https://reactome.org/PathwayBrowser/#/R-HSA-1237044
REACTOME,TP53 Regulates Transcription of Death Receptors and Ligands,https://reactome.org/PathwayBrowser/#/R-HSA-1253288
REACTOME,TP53 Regulates Transcription of Genes Involved in Cytochrome C Release,https://reactome.org/PathwayBrowser/#/R-HSA-2555396
REACTOME,TP53 Regulates Transcription of Genes Involved in G1 Cell Cycle Arrest,https://reactome.org/PathwayBrowser/#/R-HSA-9619483
REACTOME,TP53 Regulates Transcription of Genes Involved in G2 Cell Cycle Arrest,https://reactome.org/PathwayBrowser/#/R-HSA-112411
REACTOME,TP53 regulates transcription of additional cell cycle genes whose exact role in the p53 pathway remain uncertain,https://reactome.org/PathwayBrowser/#/R-HSA-8955332
REACTOME,TP53 regulates transcription of several additional cell death genes whose specific roles in p53-dependent apoptosis remain uncertain,https://reactome.org/PathwayBrowser/#/R-HSA-68881
REACTOME,TRAF3 deficiency - HSE,https://reactome.org/PathwayBrowser/#/R-HSA-9818025
REACTOME,TRAF3-dependent IRF activation pathway,https://reactome.org/PathwayBrowser/#/R-HSA-446388
REACTOME,TRAF6 mediated IRF7 activation,https://reactome.org/PathwayBrowser/#/R-HSA-9010553
REACTOME,TRAF6 mediated IRF7 activation in TLR7/8 or 9 signaling,https://reactome.org/PathwayBrowser/#/R-HSA-1483166
REACTOME,TRAF6 mediated NF-kB activation,https://reactome.org/PathwayBrowser/#/R-HSA-162599
REACTOME,TRAF6 mediated induction of NFkB and MAP kinases upon TLR7/8 or 9 activation,https://reactome.org/PathwayBrowser/#/R-HSA-9735804
REACTOME,TRAF6-mediated induction of TAK1 complex within TLR4 complex,https://reactome.org/PathwayBrowser/#/R-HSA-9759774
REACTOME,TRAIL signaling,https://reactome.org/PathwayBrowser/#/R-HSA-2173788
REACTOME,TRIF(TICAM1)-mediated TLR4 signaling,https://reactome.org/PathwayBrowser/#/R-HSA-5668914
REACTOME,TRIF-mediated programmed cell death,https://reactome.org/PathwayBrowser/#/R-HSA-9675136
REACTOME,TRKA activation by NGF,https://reactome.org/PathwayBrowser/#/R-HSA-1250347
REACTOME,TRP channels,https://reactome.org/PathwayBrowser/#/R-HSA-9010642
REACTOME,TWIK related potassium channel (TREK),https://reactome.org/PathwayBrowser/#/R-HSA-437239
REACTOME,TWIK-related alkaline pH activated K+ channel (TALK),https://reactome.org/PathwayBrowser/#/R-HSA-6787450
REACTOME,TWIK-releated acid-sensitive K+ channel (TASK),https://reactome.org/PathwayBrowser/#/R-HSA-168315
REACTOME,TYSND1 cleaves peroxisomal proteins,https://reactome.org/PathwayBrowser/#/R-HSA-5655799
REACTOME,Tachykinin receptors bind tachykinins,https://reactome.org/PathwayBrowser/#/R-HSA-2187335
REACTOME,Tandem of pore domain in a weak inwardly rectifying K+ channels (TWIK),https://reactome.org/PathwayBrowser/#/R-HSA-73928
REACTOME,Tandem pore domain potassium channels,https://reactome.org/PathwayBrowser/#/R-HSA-73927
REACTOME,Tat-mediated HIV elongation arrest and recovery,https://reactome.org/PathwayBrowser/#/R-HSA-379398
REACTOME,Tat-mediated elongation of the HIV-1 transcript,https://reactome.org/PathwayBrowser/#/R-HSA-379397
REACTOME,Telomere C-strand (Lagging Strand) Synthesis,https://reactome.org/PathwayBrowser/#/R-HSA-425986
REACTOME,Telomere C-strand synthesis initiation,https://reactome.org/PathwayBrowser/#/R-HSA-1300642
REACTOME,Telomere Extension By Telomerase,https://reactome.org/PathwayBrowser/#/R-HSA-8982491
REACTOME,Telomere Maintenance,https://reactome.org/PathwayBrowser/#/R-HSA-70221
REACTOME,Terminal pathway of complement,https://reactome.org/PathwayBrowser/#/R-HSA-6811440
REACTOME,Termination of O-glycan biosynthesis,https://reactome.org/PathwayBrowser/#/R-HSA-3295583
REACTOME,Termination of translesion DNA synthesis,https://reactome.org/PathwayBrowser/#/R-HSA-9664417
REACTOME,"Tetrahydrobiopterin (BH4) synthesis, recycling, salvage and regulation",https://reactome.org/PathwayBrowser/#/R-HSA-450531
REACTOME,The AIM2 inflammasome,https://reactome.org/PathwayBrowser/#/R-HSA-936837
REACTOME,The IPAF inflammasome,https://reactome.org/PathwayBrowser/#/R-HSA-9616222
REACTOME,The NLRP1 inflammasome,https://reactome.org/PathwayBrowser/#/R-HSA-193368
REACTOME,The NLRP3 inflammasome,https://reactome.org/PathwayBrowser/#/R-HSA-5693571
REACTOME,The activation of arylsulfatases,https://reactome.org/PathwayBrowser/#/R-HSA-187687
REACTOME,The canonical retinoid cycle in rods (twilight vision),https://reactome.org/PathwayBrowser/#/R-HSA-9012546
REACTOME,The citric acid (TCA) cycle and respiratory electron transport,https://reactome.org/PathwayBrowser/#/R-HSA-5663202
REACTOME,The fatty acid cycling model,https://reactome.org/PathwayBrowser/#/R-HSA-4641263
REACTOME,The phototransduction cascade,https://reactome.org/PathwayBrowser/#/R-HSA-9020956
REACTOME,The proton buffering model,https://reactome.org/PathwayBrowser/#/R-HSA-170822
REACTOME,The retinoid cycle in cones (daylight vision),https://reactome.org/PathwayBrowser/#/R-HSA-8939242
REACTOME,The role of GTSE1 in G2/M progression after G2 checkpoint,https://reactome.org/PathwayBrowser/#/R-HSA-442720
REACTOME,The role of Nef in HIV-1 replication and disease pathogenesis,https://reactome.org/PathwayBrowser/#/R-HSA-9664873
REACTOME,Threonine catabolism,https://reactome.org/PathwayBrowser/#/R-HSA-76071
REACTOME,Thrombin signalling through proteinase activated receptors (PARs),https://reactome.org/PathwayBrowser/#/R-HSA-3928663
REACTOME,Thromboxane signalling through TP receptor,https://reactome.org/PathwayBrowser/#/R-HSA-9709570
REACTOME,Thyroxine biosynthesis,https://reactome.org/PathwayBrowser/#/R-HSA-1834941
REACTOME,Tie2 Signaling,https://reactome.org/PathwayBrowser/#/R-HSA-72695
REACTOME,Tight junction interactions,https://reactome.org/PathwayBrowser/#/R-HSA-9762114
REACTOME,Toll Like Receptor 10 (TLR10) Cascade,https://reactome.org/PathwayBrowser/#/R-HSA-177243
REACTOME,Toll Like Receptor 2 (TLR2) Cascade,https://reactome.org/PathwayBrowser/#/R-HSA-9630747
REACTOME,Toll Like Receptor 3 (TLR3) Cascade,https://reactome.org/PathwayBrowser/#/R-HSA-176034
REACTOME,Toll Like Receptor 4 (TLR4) Cascade,https://reactome.org/PathwayBrowser/#/R-HSA-3781860
REACTOME,Toll Like Receptor 5 (TLR5) Cascade,https://reactome.org/PathwayBrowser/#/R-HSA-176033
REACTOME,Toll Like Receptor 7/8 (TLR7/8) Cascade,https://reactome.org/PathwayBrowser/#/R-HSA-5602358
REACTOME,Toll Like Receptor 9 (TLR9) Cascade,https://reactome.org/PathwayBrowser/#/R-HSA-5609975
REACTOME,Toll Like Receptor TLR1:TLR2 Cascade,https://reactome.org/PathwayBrowser/#/R-HSA-5687613
REACTOME,Toll Like Receptor TLR6:TLR2 Cascade,https://reactome.org/PathwayBrowser/#/R-HSA-2474795
REACTOME,Toll-like Receptor Cascades,https://reactome.org/PathwayBrowser/#/R-HSA-9605308
REACTOME,Toxicity of botulinum toxin type A (botA),https://reactome.org/content/query?q=Toxicity%20of%20botulinum%20toxin%20type%20A%20%28botA%29&types=Pathway
REACTOME,Toxicity of botulinum toxin type B (botB),https://reactome.org/PathwayBrowser/#/R-HSA-168176
REACTOME,Toxicity of botulinum toxin type C (botC),https://reactome.org/PathwayBrowser/#/R-HSA-1296072
REACTOME,Toxicity of botulinum toxin type D (botD),https://reactome.org/PathwayBrowser/#/R-HSA-416993
REACTOME,Toxicity of botulinum toxin type E (botE),https://reactome.org/PathwayBrowser/#/R-HSA-180897
REACTOME,Toxicity of botulinum toxin type F (botF),https://reactome.org/PathwayBrowser/#/R-HSA-5624138
REACTOME,Toxicity of botulinum toxin type G (botG),https://reactome.org/PathwayBrowser/#/R-HSA-168181
REACTOME,Trafficking and processing of endosomal TLR,https://reactome.org/PathwayBrowser/#/R-HSA-933543
REACTOME,Trafficking of AMPA receptors,https://reactome.org/PathwayBrowser/#/R-HSA-5250913
REACTOME,Trafficking of GluR2-containing AMPA receptors,https://reactome.org/PathwayBrowser/#/R-HSA-975578
REACTOME,Trafficking of myristoylated proteins to the cilium,https://reactome.org/PathwayBrowser/#/R-HSA-1442490
REACTOME,Transcription from mitochondrial promoters,https://reactome.org/PathwayBrowser/#/R-HSA-1566977
REACTOME,Transcription of E2F targets under negative control by DREAM complex,https://reactome.org/PathwayBrowser/#/R-HSA-165054
REACTOME,Transcription of E2F targets under negative control by p107 (RBL1) and p130 (RBL2) in complex with HDAC1,https://reactome.org/PathwayBrowser/#/R-HSA-9006927
REACTOME,Transcription of the HIV genome,https://reactome.org/PathwayBrowser/#/R-HSA-917729
REACTOME,Transcription-Coupled Nucleotide Excision Repair (TC-NER),https://reactome.org/PathwayBrowser/#/R-HSA-193648
REACTOME,Transcriptional Regulation by E2F6,https://reactome.org/PathwayBrowser/#/R-HSA-9664422
REACTOME,Transcriptional Regulation by MECP2,https://reactome.org/PathwayBrowser/#/R-HSA-9662001
REACTOME,Transcriptional Regulation by NPAS4,https://reactome.org/PathwayBrowser/#/R-HSA-1640170
REACTOME,Transcriptional Regulation by TP53,https://reactome.org/PathwayBrowser/#/R-HSA-165158
REACTOME,Transcriptional Regulation by VENTX,https://reactome.org/PathwayBrowser/#/R-HSA-432722
REACTOME,Transcriptional activation of cell cycle inhibitor p21,https://reactome.org/PathwayBrowser/#/R-HSA-5637812
REACTOME,Transcriptional activation of mitochondrial biogenesis,https://reactome.org/PathwayBrowser/#/R-HSA-1187000
REACTOME,Transcriptional activation of p53 responsive genes,https://reactome.org/PathwayBrowser/#/R-HSA-1643713
REACTOME,Transcriptional activity of SMAD2/SMAD3:SMAD4 heterotrimer,https://reactome.org/PathwayBrowser/#/R-HSA-199977
REACTOME,Transcriptional regulation by RUNX1,https://reactome.org/PathwayBrowser/#/R-HSA-399956
REACTOME,Transcriptional regulation by RUNX2,https://reactome.org/PathwayBrowser/#/R-HSA-8874211
REACTOME,Transcriptional regulation by RUNX3,https://reactome.org/PathwayBrowser/#/R-HSA-9652282
REACTOME,Transcriptional regulation by small RNAs,https://reactome.org/PathwayBrowser/#/R-HSA-5693606
REACTOME,Transcriptional regulation by the AP-2 (TFAP2) family of transcription factors,https://reactome.org/PathwayBrowser/#/R-HSA-6804757
REACTOME,Transcriptional regulation of granulopoiesis,https://reactome.org/PathwayBrowser/#/R-HSA-9648002
REACTOME,Transcriptional regulation of pluripotent stem cells,https://reactome.org/PathwayBrowser/#/R-HSA-1251932
REACTOME,Transcriptional regulation of testis differentiation,https://reactome.org/PathwayBrowser/#/R-HSA-6811555
REACTOME,Transcriptional regulation of white adipocyte differentiation,https://reactome.org/PathwayBrowser/#/R-HSA-5619507
REACTOME,Transfer of LPS from LBP carrier to CD14,https://reactome.org/PathwayBrowser/#/R-HSA-1839117
REACTOME,Transferrin endocytosis and recycling,https://reactome.org/PathwayBrowser/#/R-HSA-68882
REACTOME,Translation,https://reactome.org/PathwayBrowser/#/R-HSA-2871809
REACTOME,Translation initiation complex formation,https://reactome.org/PathwayBrowser/#/R-HSA-9752946
REACTOME,Translation of Replicase and Assembly of the Replication Transcription Complex,https://reactome.org/PathwayBrowser/#/R-HSA-167238
REACTOME,Translation of Structural Proteins,https://reactome.org/PathwayBrowser/#/R-HSA-1226099
REACTOME,Translesion Synthesis by POLH,https://reactome.org/PathwayBrowser/#/R-HSA-69239
REACTOME,Translesion synthesis by POLI,https://reactome.org/PathwayBrowser/#/R-HSA-8949664
REACTOME,Translesion synthesis by POLK,https://reactome.org/PathwayBrowser/#/R-HSA-77595
REACTOME,Translesion synthesis by REV1,https://reactome.org/PathwayBrowser/#/R-HSA-5693607
REACTOME,Translesion synthesis by Y family DNA polymerases bypasses lesions on DNA template,https://reactome.org/PathwayBrowser/#/R-HSA-9664433
REACTOME,Translocation of SLC2A4 (GLUT4) to the plasma membrane,https://reactome.org/PathwayBrowser/#/R-HSA-1234174
REACTOME,Translocation of ZAP-70 to Immunological synapse,https://reactome.org/PathwayBrowser/#/R-HSA-399997
REACTOME,Transmission across Chemical Synapses,https://reactome.org/PathwayBrowser/#/R-HSA-111933
REACTOME,Transmission across Electrical Synapses,https://reactome.org/PathwayBrowser/#/R-HSA-9758890
REACTOME,Transport and synthesis of PAPS,https://reactome.org/PathwayBrowser/#/R-HSA-774815
REACTOME,Transport of Mature Transcript to Cytoplasm,https://reactome.org/PathwayBrowser/#/R-HSA-5334118
REACTOME,Transport of Mature mRNA Derived from an Intronless Transcript,https://reactome.org/content/query?q=Transport%20of%20Mature%20mRNA%20Derived%20from%20an%20Intronless%20Transcript&types=Pathway
REACTOME,Transport of Mature mRNA derived from an Intron-Containing Transcript,https://reactome.org/PathwayBrowser/#/R-HSA-166786
REACTOME,Transport of Mature mRNAs Derived from Intronless Transcripts,https://reactome.org/PathwayBrowser/#/R-HSA-71288
REACTOME,Transport of RCbl within the body,https://reactome.org/PathwayBrowser/#/R-HSA-168249
REACTOME,Transport of Ribonucleoproteins into the Host Nucleus,https://reactome.org/PathwayBrowser/#/R-HSA-1236978
REACTOME,"Transport of bile salts and organic acids, metal ions and amine compounds",https://reactome.org/PathwayBrowser/#/R-HSA-156581
REACTOME,Transport of connexins along the secretory pathway,https://reactome.org/PathwayBrowser/#/R-HSA-3304351
REACTOME,Transport of connexons to the plasma membrane,https://reactome.org/PathwayBrowser/#/R-HSA-163765
REACTOME,Transport of fatty acids,https://reactome.org/PathwayBrowser/#/R-HSA-5654736
REACTOME,Transport of gamma-carboxylated protein precursors from the endoplasmic reticulum to the Golgi apparatus,https://reactome.org/PathwayBrowser/#/R-HSA-5693537
REACTOME,Transport of glycerol from adipocytes to the liver by Aquaporins,https://reactome.org/PathwayBrowser/#/R-HSA-5387390
REACTOME,Transport of inorganic cations/anions and amino acids/oligopeptides,https://reactome.org/PathwayBrowser/#/R-HSA-9617828
REACTOME,Transport of nucleosides and free purine and pyrimidine bases across the plasma membrane,https://reactome.org/PathwayBrowser/#/R-HSA-9706374
REACTOME,Transport of nucleotide sugars,https://reactome.org/PathwayBrowser/#/R-HSA-180534
REACTOME,Transport of organic anions,https://reactome.org/PathwayBrowser/#/R-HSA-442982
REACTOME,Transport of small molecules,https://reactome.org/PathwayBrowser/#/R-HSA-2151209
REACTOME,Transport of the SLBP Dependant Mature mRNA,https://reactome.org/content/query?q=Transport%20of%20the%20SLBP%20Dependant%20Mature%20mRNA&types=Pathway
REACTOME,Transport of the SLBP independent Mature mRNA,https://reactome.org/PathwayBrowser/#/R-HSA-6814122
REACTOME,"Transport of vitamins, nucleosides, and related molecules",https://reactome.org/PathwayBrowser/#/R-HSA-9682385
REACTOME,Transport to the Golgi and subsequent modification,https://reactome.org/PathwayBrowser/#/R-HSA-71403
REACTOME,Triglyceride biosynthesis,https://reactome.org/PathwayBrowser/#/R-HSA-8939236
REACTOME,Triglyceride catabolism,https://reactome.org/PathwayBrowser/#/R-HSA-426117
REACTOME,Triglyceride metabolism,https://reactome.org/PathwayBrowser/#/R-HSA-174184
REACTOME,"Tristetraprolin (TTP, ZFP36) binds and destabilizes mRNA",https://reactome.org/PathwayBrowser/#/R-HSA-3700989
REACTOME,Truncations of AMER1 destabilize the destruction complex,https://reactome.org/PathwayBrowser/#/R-HSA-2408550
REACTOME,Tryptophan catabolism,https://reactome.org/PathwayBrowser/#/R-HSA-189445
REACTOME,Type I hemidesmosome assembly,https://reactome.org/PathwayBrowser/#/R-HSA-9793242
REACTOME,Type II Na+/Pi cotransporters,https://reactome.org/PathwayBrowser/#/R-HSA-8943724
REACTOME,Tyrosine catabolism,https://reactome.org/PathwayBrowser/#/R-HSA-156902
REACTOME,UCH proteinases,https://reactome.org/PathwayBrowser/#/R-HSA-8851680
REACTOME,UNC93B1 deficiency - HSE,https://reactome.org/PathwayBrowser/#/R-HSA-209560
REACTOME,Ub-specific processing proteases,https://reactome.org/PathwayBrowser/#/R-HSA-5621481
REACTOME,Ubiquinol biosynthesis,https://reactome.org/PathwayBrowser/#/R-HSA-9013408
REACTOME,Ubiquitin Mediated Degradation of Phosphorylated Cdc25A,https://reactome.org/PathwayBrowser/#/R-HSA-6811434
REACTOME,Ubiquitin-dependent degradation of Cyclin D,https://reactome.org/PathwayBrowser/#/R-HSA-442742
REACTOME,"Unblocking of NMDA receptors, glutamate binding and activation",https://reactome.org/PathwayBrowser/#/R-HSA-525793
REACTOME,Unfolded Protein Response (UPR),https://reactome.org/PathwayBrowser/#/R-HSA-937042
REACTOME,Unwinding of DNA,https://reactome.org/PathwayBrowser/#/R-HSA-5213460
REACTOME,Uptake and actions of bacterial toxins,https://reactome.org/PathwayBrowser/#/R-HSA-909733
REACTOME,Uptake and function of anthrax toxins,https://reactome.org/PathwayBrowser/#/R-HSA-913531
REACTOME,Uptake and function of diphtheria toxin,https://reactome.org/PathwayBrowser/#/R-HSA-5362517
REACTOME,Uptake of dietary cobalamins into enterocytes,https://reactome.org/PathwayBrowser/#/R-HSA-8875360
REACTOME,Urea cycle,https://reactome.org/PathwayBrowser/#/R-HSA-69166
REACTOME,Utilization of Ketone Bodies,https://reactome.org/PathwayBrowser/#/R-HSA-1362300
REACTOME,VEGF binds to VEGFR leading to receptor dimerization,https://reactome.org/PathwayBrowser/#/R-HSA-69200
REACTOME,VEGF ligand-receptor interactions,https://reactome.org/PathwayBrowser/#/R-HSA-176417
REACTOME,VEGFA-VEGFR2 Pathway,https://reactome.org/PathwayBrowser/#/R-HSA-5652227
REACTOME,VEGFR2 mediated cell proliferation,https://reactome.org/PathwayBrowser/#/R-HSA-112310
REACTOME,VEGFR2 mediated vascular permeability,https://reactome.org/PathwayBrowser/#/R-HSA-112314
REACTOME,VLDL assembly,https://reactome.org/PathwayBrowser/#/R-HSA-3000484
REACTOME,VLDL clearance,https://reactome.org/PathwayBrowser/#/R-HSA-3000497
REACTOME,VLDLR internalisation and degradation,https://reactome.org/PathwayBrowser/#/R-HSA-110314
REACTOME,Vasopressin regulates renal water homeostasis via Aquaporins,https://reactome.org/PathwayBrowser/#/R-HSA-9763198
REACTOME,Vasopressin-like receptors,https://reactome.org/PathwayBrowser/#/R-HSA-3315487
REACTOME,Vesicle-mediated transport,https://reactome.org/PathwayBrowser/#/R-HSA-174178
REACTOME,Vif-mediated degradation of APOBEC3G,https://reactome.org/PathwayBrowser/#/R-HSA-9824439
REACTOME,Viral Infection Pathways,https://reactome.org/PathwayBrowser/#/R-HSA-2161541
REACTOME,Viral Messenger RNA Synthesis,https://reactome.org/PathwayBrowser/#/R-HSA-69231
REACTOME,Viral mRNA Translation,https://reactome.org/PathwayBrowser/#/R-HSA-2586552
REACTOME,Virus Assembly and Release,https://reactome.org/PathwayBrowser/#/R-HSA-2151201
REACTOME,Visual phototransduction,https://reactome.org/PathwayBrowser/#/R-HSA-69615
REACTOME,Vitamin B1 (thiamin) metabolism,https://reactome.org/PathwayBrowser/#/R-HSA-8873719
REACTOME,Vitamin B2 (riboflavin) metabolism,https://reactome.org/PathwayBrowser/#/R-HSA-6803211
REACTOME,Vitamin B5 (pantothenate) metabolism,https://reactome.org/PathwayBrowser/#/R-HSA-9733458
REACTOME,Vitamin C (ascorbate) metabolism,https://reactome.org/PathwayBrowser/#/R-HSA-3134975
REACTOME,Vitamin D (calciferol) metabolism,https://reactome.org/PathwayBrowser/#/R-HSA-447043
REACTOME,Vitamins,https://reactome.org/PathwayBrowser/#/R-HSA-112316
REACTOME,Vitamins B6 activation to pyridoxal phosphate,https://reactome.org/PathwayBrowser/#/R-HSA-1296061
REACTOME,Voltage gated Potassium channels,https://reactome.org/PathwayBrowser/#/R-HSA-111931
REACTOME,Vpr-mediated induction of apoptosis by mitochondrial outer membrane permeabilization,https://reactome.org/PathwayBrowser/#/R-HSA-5654741
REACTOME,Vpr-mediated nuclear import of PICs,https://reactome.org/PathwayBrowser/#/R-HSA-9707564
REACTOME,Vpu mediated degradation of CD4,https://reactome.org/content/query?q=Vpu%20mediated%20degradation%20of%20CD4&types=Pathway
REACTOME,VxPx cargo-targeting to cilium,https://reactome.org/PathwayBrowser/#/R-HSA-5610785
REACTOME,WNT ligand biogenesis and trafficking,https://reactome.org/PathwayBrowser/#/R-HSA-5357609
REACTOME,WNT mediated activation of DVL,https://reactome.org/PathwayBrowser/#/R-HSA-9635486
REACTOME,WNT5:FZD7-mediated leishmania damping,https://reactome.org/PathwayBrowser/#/R-HSA-168273
REACTOME,"WNT5A-dependent internalization of FZD2, FZD5 and ROR2",https://reactome.org/PathwayBrowser/#/R-HSA-110328
REACTOME,WNT5A-dependent internalization of FZD4,https://reactome.org/PathwayBrowser/#/R-HSA-9670095
REACTOME,Wax and plasmalogen biosynthesis,https://reactome.org/PathwayBrowser/#/R-HSA-5619113
REACTOME,Wax biosynthesis,https://reactome.org/PathwayBrowser/#/R-HSA-372708
REACTOME,XAV939 stabilizes AXIN,https://reactome.org/PathwayBrowser/#/R-HSA-912694
REACTOME,XBP1(S) activates chaperone genes,https://reactome.org/PathwayBrowser/#/R-HSA-937039
REACTOME,Xenobiotics,https://reactome.org/PathwayBrowser/#/R-HSA-5632927
REACTOME,YAP1- and WWTR1 (TAZ)-stimulated gene expression,https://reactome.org/PathwayBrowser/#/R-HSA-111464
REACTOME,ZBP1(DAI) mediated induction of type I IFNs,https://reactome.org/PathwayBrowser/#/R-HSA-2022857
REACTOME,Zinc efflux and compartmentalization by the SLC30 family,https://reactome.org/PathwayBrowser/#/R-HSA-209543
REACTOME,Zinc influx into cells by the SLC39 gene family,https://reactome.org/PathwayBrowser/#/R-HSA-72187
REACTOME,Zinc transporters,https://reactome.org/PathwayBrowser/#/R-HSA-203615
REACTOME,activated TAK1 mediates p38 MAPK activation,https://reactome.org/PathwayBrowser/#/R-HSA-383280
REACTOME,alpha-linolenic (omega3) and linoleic (omega6) acid metabolism,https://reactome.org/PathwayBrowser/#/R-HSA-6783783
REACTOME,alpha-linolenic acid (ALA) metabolism,https://reactome.org/PathwayBrowser/#/R-HSA-447115
REACTOME,betaKlotho-mediated ligand binding,https://reactome.org/PathwayBrowser/#/R-HSA-1655829
REACTOME,cGMP effects,https://reactome.org/PathwayBrowser/#/R-HSA-211935
REACTOME,eNOS activation,https://reactome.org/PathwayBrowser/#/R-HSA-6807505
REACTOME,mRNA 3'-end processing,https://reactome.org/PathwayBrowser/#/R-HSA-3323169
REACTOME,mRNA Capping,https://reactome.org/PathwayBrowser/#/R-HSA-9027276
REACTOME,mRNA Editing,https://reactome.org/PathwayBrowser/#/R-HSA-110320
REACTOME,mRNA Editing: A to I Conversion,https://reactome.org/PathwayBrowser/#/R-HSA-9824446
REACTOME,mRNA Editing: C to U Conversion,https://reactome.org/PathwayBrowser/#/R-HSA-9683701
REACTOME,mRNA Splicing,https://reactome.org/PathwayBrowser/#/R-HSA-6781823
REACTOME,mRNA Splicing - Major Pathway,https://reactome.org/PathwayBrowser/#/R-HSA-2559584
REACTOME,mRNA Splicing - Minor Pathway,https://reactome.org/PathwayBrowser/#/R-HSA-9034013
REACTOME,mRNA decay by 3' to 5' exoribonuclease,https://reactome.org/PathwayBrowser/#/R-HSA-381038
REACTOME,mRNA decay by 5' to 3' exoribonuclease,https://reactome.org/PathwayBrowser/#/R-HSA-8875656
REACTOME,mTORC1-mediated signalling,https://reactome.org/PathwayBrowser/#/R-HSA-390450
REACTOME,mitochondrial fatty acid beta-oxidation of saturated fatty acids,https://reactome.org/PathwayBrowser/#/R-HSA-445989
REACTOME,mitochondrial fatty acid beta-oxidation of unsaturated fatty acids,https://reactome.org/PathwayBrowser/#/R-HSA-8854214
REACTOME,p130Cas linkage to MAPK signaling for integrins,https://reactome.org/PathwayBrowser/#/R-HSA-9668328
REACTOME,p38MAPK events,https://reactome.org/PathwayBrowser/#/R-HSA-211958
REACTOME,p53-Dependent G1 DNA Damage Response,https://reactome.org/PathwayBrowser/#/R-HSA-5607764
REACTOME,p53-Dependent G1/S DNA damage checkpoint,https://reactome.org/PathwayBrowser/#/R-HSA-5660668
REACTOME,p53-Independent DNA Damage Response,https://reactome.org/PathwayBrowser/#/R-HSA-6811436
REACTOME,p53-Independent G1/S DNA damage checkpoint,https://reactome.org/PathwayBrowser/#/R-HSA-6807878
REACTOME,p75 NTR receptor-mediated signalling,https://reactome.org/PathwayBrowser/#/R-HSA-75108
REACTOME,p75NTR negatively regulates cell cycle via SC1,https://reactome.org/PathwayBrowser/#/R-HSA-9637628
REACTOME,p75NTR recruits signalling complexes,https://reactome.org/PathwayBrowser/#/R-HSA-156827
REACTOME,p75NTR regulates axonogenesis,https://reactome.org/PathwayBrowser/#/R-HSA-427359
REACTOME,p75NTR signals via NF-kB,https://reactome.org/PathwayBrowser/#/R-HSA-983189
REACTOME,phospho-PLA2 pathway,https://reactome.org/PathwayBrowser/#/R-HSA-8878159
REACTOME,rRNA modification in the mitochondrion,https://reactome.org/PathwayBrowser/#/R-HSA-171007
REACTOME,rRNA modification in the nucleus and cytosol,https://reactome.org/PathwayBrowser/#/R-HSA-8950505
REACTOME,rRNA processing,https://reactome.org/PathwayBrowser/#/R-HSA-190861
REACTOME,rRNA processing in the mitochondrion,https://reactome.org/PathwayBrowser/#/R-HSA-8875791
REACTOME,rRNA processing in the nucleus and cytosol,https://reactome.org/PathwayBrowser/#/R-HSA-190873
REACTOME,snRNP Assembly,https://reactome.org/PathwayBrowser/#/R-HSA-2564830
REACTOME,tRNA Aminoacylation,https://reactome.org/PathwayBrowser/#/R-HSA-5205685
REACTOME,tRNA modification in the mitochondrion,https://reactome.org/PathwayBrowser/#/R-HSA-8851805
REACTOME,tRNA modification in the nucleus and cytosol,https://reactome.org/PathwayBrowser/#/R-HSA-1462054
REACTOME,tRNA processing,https://reactome.org/PathwayBrowser/#/R-HSA-9645460
REACTOME,tRNA processing in the mitochondrion,https://reactome.org/PathwayBrowser/#/R-HSA-8875555
REACTOME,tRNA processing in the nucleus,https://reactome.org/PathwayBrowser/#/R-HSA-69306
REACTOME,"tRNA-derived small RNA (tsRNA or tRNA-related fragment, tRF) biogenesis",https://reactome.org/PathwayBrowser/#/R-HSA-9717189
REACTOME,trans-Golgi Network Vesicle Budding,https://reactome.org/PathwayBrowser/#/R-HSA-9693928
REACTOME,vRNP Assembly,https://reactome.org/PathwayBrowser/#/R-HSA-75105
SIGNOR 3.0,AML-IDH/TET,https://signor.uniroma2.it/
SIGNOR 3.0,AMPK Signaling,https://signor.uniroma2.it/pathway_browser.php?beta=3.0&organism=&pathway_list=SIGNOR-AMPK
SIGNOR 3.0,Acute Myeloid Leukemia,https://signor.uniroma2.it/pathway_browser.php?beta=3.0&organism=&pathway_list=SIGNOR-AML
SIGNOR 3.0,Adipogenesis,https://signor.uniroma2.it/pathway_browser.php?beta=3.0&organism=&pathway_list=SIGNOR-AC
SIGNOR 3.0,Alzheimer,https://signor.uniroma2.it/pathway_browser.php?beta=3.0&organism=&pathway_list=SIGNOR-AD
SIGNOR 3.0,Aspartate and asparagine metabolism,https://signor.uniroma2.it/pathway_browser.php?beta=3.0&organism=&pathway_list=SIGNOR-AAAM
SIGNOR 3.0,Autophagy,https://signor.uniroma2.it/pathway_browser.php?beta=3.0&organism=&pathway_list=SIGNOR-Autophagy
SIGNOR 3.0,Axon guidance,https://signor.uniroma2.it/pathway_browser.php?beta=3.0&organism=&pathway_list=SIGNOR-AG
SIGNOR 3.0,B-cell activation,https://signor.uniroma2.it/pathway_browser.php?beta=3.0&organism=&pathway_list=SIGNOR-B-cell
SIGNOR 3.0,COVID-19 Causal Network,https://signor.uniroma2.it/
SIGNOR 3.0,Carnitine biosynthesis,https://signor.uniroma2.it/pathway_browser.php?beta=3.0&organism=&pathway_list=SIGNOR-CB
SIGNOR 3.0,Catecholamine metabolism,https://signor.uniroma2.it/pathway_browser.php?beta=3.0&organism=&pathway_list=SIGNOR-CM
SIGNOR 3.0,Cell cycle: G1/S phase transition,https://signor.uniroma2.it/pathway_browser.php?beta=3.0&organism=&pathway_list=SIGNOR-G1-S_trans
SIGNOR 3.0,Cell cycle: G2/M phase transition,https://signor.uniroma2.it/pathway_browser.php?beta=3.0&organism=&pathway_list=SIGNOR-G2-M_trans
SIGNOR 3.0,Circadian clock,https://signor.uniroma2.it/pathway_browser.php?beta=3.0&organism=&pathway_list=SIGNOR-CC
SIGNOR 3.0,Citric acid cycle,https://signor.uniroma2.it/pathway_browser.php?beta=3.0&organism=&pathway_list=SIGNOR-CAC
SIGNOR 3.0,Colorectal Carcinoma,https://signor.uniroma2.it/pathway_browser.php?beta=3.0&organism=&pathway_list=SIGNOR-CRC
SIGNOR 3.0,Complement Signaling,https://signor.uniroma2.it/pathway_browser.php?beta=3.0&organism=&pathway_list=SIGNOR-CS
SIGNOR 3.0,Death Receptor Signaling,https://signor.uniroma2.it/pathway_browser.php?beta=3.0&organism=&pathway_list=SIGNOR-DR
SIGNOR 3.0,Dopaminergic Synapse,https://signor.uniroma2.it/pathway_browser.php?beta=3.0&organism=&pathway_list=SIGNOR-DS
SIGNOR 3.0,EBV infection,https://signor.uniroma2.it/pathway_browser.php?beta=3.0&organism=&pathway_list=SIGNOR-EI
SIGNOR 3.0,EGFR Signaling,https://signor.uniroma2.it/pathway_browser.php?beta=3.0&organism=&pathway_list=SIGNOR-EGF
SIGNOR 3.0,Fatty Acid Synthesis,https://signor.uniroma2.it/pathway_browser.php?beta=3.0&organism=&pathway_list=SIGNOR-FattyAcidSynthesis
SIGNOR 3.0,Fibrosis,https://signor.uniroma2.it/pathway_browser.php?beta=3.0&organism=&pathway_list=SIGNOR-Fibrosis
SIGNOR 3.0,Focal segmental glomerulosclerosis,https://signor.uniroma2.it/pathway_browser.php?beta=3.0&organism=&pathway_list=SIGNOR-FSGS
SIGNOR 3.0,GABAergic synapse,https://signor.uniroma2.it/pathway_browser.php?beta=3.0&organism=&pathway_list=SIGNOR-GSP
SIGNOR 3.0,Glioblastoma Multiforme,https://signor.uniroma2.it/pathway_browser.php?beta=3.0&organism=&pathway_list=SIGNOR-GBM
SIGNOR 3.0,Glucocorticoid receptor Signaling,https://signor.uniroma2.it/pathway_browser.php?beta=3.0&organism=&pathway_list=SIGNOR-GCR
SIGNOR 3.0,Glutamatergic synapse,https://signor.uniroma2.it/pathway_browser.php?beta=3.0&organism=&pathway_list=SIGNOR-GS
SIGNOR 3.0,Glutamine metabolism,https://signor.uniroma2.it/pathway_browser.php?beta=3.0&organism=&pathway_list=SIGNOR-GP
SIGNOR 3.0,Glycogenesis,https://signor.uniroma2.it/pathway_browser.php?beta=3.0&organism=&pathway_list=SIGNOR-G
SIGNOR 3.0,Glycogenolysis,https://signor.uniroma2.it/pathway_browser.php?beta=3.0&organism=&pathway_list=SIGNOR-Glycogenolysis
SIGNOR 3.0,Glycolysis and Gluconeogenesis,https://signor.uniroma2.it/pathway_browser.php?beta=3.0&organism=&pathway_list=SIGNOR-Glycolysis
SIGNOR 3.0,Hepatocellular Tumor,https://signor.uniroma2.it/pathway_browser.php?beta=3.0&organism=&pathway_list=SIGNOR-HT
SIGNOR 3.0,Hippo Signaling,https://signor.uniroma2.it/pathway_browser.php?beta=3.0&organism=&pathway_list=SIGNOR-HPP
SIGNOR 3.0,IL1 Signaling,https://signor.uniroma2.it/pathway_browser.php?beta=3.0&organism=&pathway_list=SIGNOR-IL1R
SIGNOR 3.0,IL6 Signaling,https://signor.uniroma2.it/pathway_browser.php?beta=3.0&organism=&pathway_list=SIGNOR-IL6
SIGNOR 3.0,Inflammosome Activation,https://signor.uniroma2.it/pathway_browser.php?beta=3.0&organism=&pathway_list=SIGNOR-Inflammosome
SIGNOR 3.0,Inhibition of Apoptosis,https://signor.uniroma2.it/pathway_browser.php?beta=3.0&organism=&pathway_list=SIGNOR-IOA
SIGNOR 3.0,Initiation of Translation,https://signor.uniroma2.it/pathway_browser.php?beta=3.0&organism=&pathway_list=SIGNOR-IoT
SIGNOR 3.0,Innate Immune Response,https://signor.uniroma2.it/pathway_browser.php?beta=3.0&organism=&pathway_list=SIGNOR-IIS
SIGNOR 3.0,Insulin Signaling,https://signor.uniroma2.it/pathway_browser.php?beta=3.0&organism=&pathway_list=SIGNOR-INSR
SIGNOR 3.0,Integrin Signaling,https://signor.uniroma2.it/pathway_browser.php?beta=3.0&organism=&pathway_list=SIGNOR-IS
SIGNOR 3.0,Leptin Signaling,https://signor.uniroma2.it/pathway_browser.php?beta=3.0&organism=&pathway_list=SIGNOR-LR
SIGNOR 3.0,Luminal Breast Cancer,https://signor.uniroma2.it/pathway_browser.php?beta=3.0&organism=&pathway_list=SIGNOR-LBC
SIGNOR 3.0,MTOR Signaling,https://signor.uniroma2.it/pathway_browser.php?beta=3.0&organism=&pathway_list=SIGNOR-MS
SIGNOR 3.0,Macrophage polarization,https://signor.uniroma2.it/pathway_browser.php?beta=3.0&organism=&pathway_list=SIGNOR-M1M2
SIGNOR 3.0,Malignant Melanoma,https://signor.uniroma2.it/pathway_browser.php?beta=3.0&organism=&pathway_list=SIGNOR-MM
SIGNOR 3.0,Mitochondrial Control of Apoptosis,https://signor.uniroma2.it/pathway_browser.php?beta=3.0&organism=&pathway_list=SIGNOR-MCAPO
SIGNOR 3.0,Multiple sclerosis,https://signor.uniroma2.it/pathway_browser.php?beta=3.0&organism=&pathway_list=SIGNOR-MSP
SIGNOR 3.0,NF-KB Canonical,https://signor.uniroma2.it/pathway_browser.php?beta=3.0&organism=&pathway_list=SIGNOR-NFKBC
SIGNOR 3.0,NF-KB Non Canonical,https://signor.uniroma2.it/pathway_browser.php?beta=3.0&organism=&pathway_list=SIGNOR-NFKBNC
SIGNOR 3.0,NOTCH Signaling,https://signor.uniroma2.it/pathway_browser.php?beta=3.0&organism=&pathway_list=SIGNOR-NOTCH
SIGNOR 3.0,NOTCH Signaling and Myogenesis,https://signor.uniroma2.it/pathway_browser.php?beta=3.0&organism=&pathway_list=SIGNOR-NOTCH_Myogenesis
SIGNOR 3.0,Neurotransmitters release,https://signor.uniroma2.it/pathway_browser.php?beta=3.0&organism=&pathway_list=SIGNOR-NR
SIGNOR 3.0,Non-small-cell lung cancer (NSCLC),https://signor.uniroma2.it/pathway_browser.php?beta=3.0&organism=&pathway_list=SIGNOR-NSCLCN
SIGNOR 3.0,Nucleotide Biosynthesis,https://signor.uniroma2.it/pathway_browser.php?beta=3.0&organism=&pathway_list=SIGNOR-NM
SIGNOR 3.0,One-carbon Metabolism,https://signor.uniroma2.it/pathway_browser.php?beta=3.0&organism=&pathway_list=SIGNOR-FM
SIGNOR 3.0,Oxytocin signaling,https://signor.uniroma2.it/pathway_browser.php?beta=3.0&organism=&pathway_list=SIGNOR-OS
SIGNOR 3.0,P38 Signaling,https://signor.uniroma2.it/pathway_browser.php?beta=3.0&organism=&pathway_list=SIGNOR-P38
SIGNOR 3.0,P38 Signaling and Myogenesis,https://signor.uniroma2.it/pathway_browser.php?beta=3.0&organism=&pathway_list=SIGNOR-P38_Myogenesis
SIGNOR 3.0,PI3K/AKT Signaling,https://signor.uniroma2.it/pathway_browser.php?beta=3.0&organism=&pathway_list=SIGNOR-PI3K-AKT
SIGNOR 3.0,Pancreatic ductal adenocarcinoma (PDA),https://signor.uniroma2.it/pathway_browser.php?beta=3.0&organism=&pathway_list=SIGNOR-PDAP
SIGNOR 3.0,Pentose phosphate pathway,https://signor.uniroma2.it/pathway_browser.php?beta=3.0&organism=&pathway_list=SIGNOR-PPP
SIGNOR 3.0,Prostate Cancer,https://signor.uniroma2.it/pathway_browser.php?beta=3.0&organism=&pathway_list=SIGNOR-PC
SIGNOR 3.0,Retinoic Acid Metabolism,https://signor.uniroma2.it/pathway_browser.php?beta=3.0&organism=&pathway_list=SIGNOR-RAM
SIGNOR 3.0,Retinoic acid Signaling,https://signor.uniroma2.it/pathway_browser.php?beta=3.0&organism=&pathway_list=SIGNOR-RAS
SIGNOR 3.0,Rhabdomyosarcoma,https://signor.uniroma2.it/pathway_browser.php?beta=3.0&organism=&pathway_list=SIGNOR-RMS
SIGNOR 3.0,SAPK/JNK Signaling,https://signor.uniroma2.it/pathway_browser.php?beta=3.0&organism=&pathway_list=SIGNOR-SAPK-JNK
SIGNOR 3.0,SARS-COV APOPTOSIS,https://signor.uniroma2.it/
SIGNOR 3.0,SARS-CoV ATTACHMENT AND ENTRY,https://signor.uniroma2.it/
SIGNOR 3.0,SARS-CoV CYTOKINE STORM,https://signor.uniroma2.it/
SIGNOR 3.0,SARS-CoV ER STRESS,https://signor.uniroma2.it/
SIGNOR 3.0,SARS-CoV FIBROSIS,https://signor.uniroma2.it/
SIGNOR 3.0,SARS-CoV INFLAMMATORY RESPONSE,https://signor.uniroma2.it/
SIGNOR 3.0,SARS-CoV INNATE RESPONSE TO dsRNA,https://signor.uniroma2.it/
SIGNOR 3.0,SARS-CoV MAPK PERTURBATION,https://signor.uniroma2.it/
SIGNOR 3.0,SARS-CoV STRESS GRANULES,https://signor.uniroma2.it/
SIGNOR 3.0,Sex Hormone Biosynthesis,https://signor.uniroma2.it/pathway_browser.php?beta=3.0&organism=&pathway_list=SIGNOR-SHB
SIGNOR 3.0,Sonic Hedgehog,https://signor.uniroma2.it/pathway_browser.php?beta=3.0&organism=&pathway_list=SIGNOR-Hedgehog
SIGNOR 3.0,T cell activation,https://signor.uniroma2.it/pathway_browser.php?beta=3.0&organism=&pathway_list=SIGNOR-TCA
SIGNOR 3.0,TGF-beta Signaling,https://signor.uniroma2.it/pathway_browser.php?beta=3.0&organism=&pathway_list=SIGNOR-TGFb
SIGNOR 3.0,TNF-alpha Signaling,https://signor.uniroma2.it/pathway_browser.php?beta=3.0&organism=&pathway_list=SIGNOR-TA
SIGNOR 3.0,Thyroid Hormone Metabolism,https://signor.uniroma2.it/pathway_browser.php?beta=3.0&organism=&pathway_list=SIGNOR-THM
SIGNOR 3.0,Thyroid cancer,https://signor.uniroma2.it/pathway_browser.php?beta=3.0&organism=&pathway_list=SIGNOR-TC
SIGNOR 3.0,Toll like receptors,https://signor.uniroma2.it/pathway_browser.php?beta=3.0&organism=&pathway_list=SIGNOR-TLR
SIGNOR 3.0,Transcription initiation,https://signor.uniroma2.it/pathway_browser.php?beta=3.0&organism=&pathway_list=SIGNOR-TI
SIGNOR 3.0,Translation elongation and termination,https://signor.uniroma2.it/pathway_browser.php?beta=3.0&organism=&pathway_list=SIGNOR-TEAT
SIGNOR 3.0,Ubiquitin activation,https://signor.uniroma2.it/pathway_browser.php?beta=3.0&organism=&pathway_list=SIGNOR-PU
SIGNOR 3.0,VEGF Signaling,https://signor.uniroma2.it/pathway_browser.php?beta=3.0&organism=&pathway_list=SIGNOR-VEGF
SIGNOR 3.0,Vitamin-D Metabolism,https://signor.uniroma2.it/pathway_browser.php?beta=3.0&organism=&pathway_list=SIGNOR-VDM
SIGNOR 3.0,Vitamin-K cycle,https://signor.uniroma2.it/pathway_browser.php?beta=3.0&organism=&pathway_list=SIGNOR-VKC
SIGNOR 3.0,WNT Signaling,https://signor.uniroma2.it/pathway_browser.php?beta=3.0&organism=&pathway_list=SIGNOR-WNT
SIGNOR 3.0,WNT Signaling and Myogenesis,https://signor.uniroma2.it/pathway_browser.php?beta=3.0&organism=&pathway_list=SIGNOR-WNT_Myogenesis
SIGNOR 3.0,mRNA maturation,https://signor.uniroma2.it/pathway_browser.php?beta=3.0&organism=&pathway_list=SIGNOR-mRNA_Maturation
UniProt_Pathways,Alcohol metabolism; ethanol degradation; acetate from ethanol: step 2/2.,https://www.uniprot.org/uniprotkb?query=keyword:Alcohol%20metabolism%3B%20ethanol%20degradation%3B%20acetate%20from%20ethanol%3A%20step%202%2F2.+AND+(organism_id:9606)+AND+reviewed:true
UniProt_Pathways,Amine and polyamine biosynthesis; carnitine biosynthesis.,https://www.uniprot.org/uniprotkb?query=keyword:Amine%20and%20polyamine%20biosynthesis%3B%20carnitine%20biosynthesis.+AND+(organism_id:9606)+AND+reviewed:true
UniProt_Pathways,Amino-acid biosynthesis; L-homocysteine biosynthesis; L-homocysteine from S-adenosyl-L-homocysteine: step 1/1.,https://www.uniprot.org/uniprotkb?query=keyword:Amino-acid%20biosynthesis%3B%20L-homocysteine%20biosynthesis%3B%20L-homocysteine%20from%20S-adenosyl-L-homocysteine%3A%20step%201%2F1.+AND+(organism_id:9606)+AND+reviewed:true
UniProt_Pathways,Amino-acid biosynthesis; L-methionine biosynthesis via de novo pathway; L-methionine from L-homocysteine (BhmT route): step 1/1.,https://www.uniprot.org/uniprotkb?query=keyword:Amino-acid%20biosynthesis%3B%20L-methionine%20biosynthesis%20via%20de%20novo%20pathway%3B%20L-methionine%20from%20L-homocysteine%20%28BhmT%20route%29%3A%20step%201%2F1.+AND+(organism_id:9606)+AND+reviewed:true
UniProt_Pathways,Amino-acid biosynthesis; L-proline biosynthesis; L-proline from L-glutamate 5-semialdehyde: step 1/1.,https://www.uniprot.org/uniprotkb?query=keyword:Amino-acid%20biosynthesis%3B%20L-proline%20biosynthesis%3B%20L-proline%20from%20L-glutamate%205-semialdehyde%3A%20step%201%2F1.+AND+(organism_id:9606)+AND+reviewed:true
UniProt_Pathways,Amino-acid biosynthesis; S-adenosyl-L-methionine biosynthesis; S-adenosyl-L-methionine from L-methionine: step 1/1.,https://www.uniprot.org/uniprotkb?query=keyword:Amino-acid%20biosynthesis%3B%20S-adenosyl-L-methionine%20biosynthesis%3B%20S-adenosyl-L-methionine%20from%20L-methionine%3A%20step%201%2F1.+AND+(organism_id:9606)+AND+reviewed:true
UniProt_Pathways,Amino-acid biosynthesis; beta-alanine biosynthesis.,https://www.uniprot.org/uniprotkb?query=keyword:Amino-acid%20biosynthesis%3B%20beta-alanine%20biosynthesis.+AND+(organism_id:9606)+AND+reviewed:true
UniProt_Pathways,Amino-acid degradation.,https://www.uniprot.org/uniprotkb?query=keyword:Amino-acid%20degradation.+AND+(organism_id:9606)+AND+reviewed:true
UniProt_Pathways,Amino-acid degradation; L-alanine degradation via transaminase pathway; pyruvate from L-alanine: step 1/1.,https://www.uniprot.org/uniprotkb?query=keyword:Amino-acid%20degradation%3B%20L-alanine%20degradation%20via%20transaminase%20pathway%3B%20pyruvate%20from%20L-alanine%3A%20step%201%2F1.+AND+(organism_id:9606)+AND+reviewed:true
UniProt_Pathways,Amino-acid degradation; L-isoleucine degradation.,https://www.uniprot.org/uniprotkb?query=keyword:Amino-acid%20degradation%3B%20L-isoleucine%20degradation.+AND+(organism_id:9606)+AND+reviewed:true
UniProt_Pathways,Amino-acid degradation; L-kynurenine degradation; kynurenate from L-kynurenine: step 1/2.,https://www.uniprot.org/uniprotkb?query=keyword:Amino-acid%20degradation%3B%20L-kynurenine%20degradation%3B%20kynurenate%20from%20L-kynurenine%3A%20step%201%2F2.+AND+(organism_id:9606)+AND+reviewed:true
UniProt_Pathways,Amino-acid degradation; L-leucine degradation; (S)-3-hydroxy-3-methylglutaryl-CoA from 3-isovaleryl-CoA: step 2/3.,https://www.uniprot.org/uniprotkb?query=keyword:Amino-acid%20degradation%3B%20L-leucine%20degradation%3B%20%28S%29-3-hydroxy-3-methylglutaryl-CoA%20from%203-isovaleryl-CoA%3A%20step%202%2F3.+AND+(organism_id:9606)+AND+reviewed:true
UniProt_Pathways,Amino-acid degradation; L-tryptophan degradation via kynurenine pathway; L-kynurenine from L-tryptophan: step 1/2.,https://www.uniprot.org/uniprotkb?query=keyword:Amino-acid%20degradation%3B%20L-tryptophan%20degradation%20via%20kynurenine%20pathway%3B%20L-kynurenine%20from%20L-tryptophan%3A%20step%201%2F2.+AND+(organism_id:9606)+AND+reviewed:true
UniProt_Pathways,Amino-acid degradation; L-valine degradation.,https://www.uniprot.org/uniprotkb?query=keyword:Amino-acid%20degradation%3B%20L-valine%20degradation.+AND+(organism_id:9606)+AND+reviewed:true
UniProt_Pathways,Amino-acid metabolism.,https://www.uniprot.org/uniprotkb?query=keyword:Amino-acid%20metabolism.+AND+(organism_id:9606)+AND+reviewed:true
UniProt_Pathways,Amino-sugar metabolism; N-acetylneuraminate biosynthesis.,https://www.uniprot.org/uniprotkb?query=keyword:Amino-sugar%20metabolism%3B%20N-acetylneuraminate%20biosynthesis.+AND+(organism_id:9606)+AND+reviewed:true
UniProt_Pathways,Amino-sugar metabolism; N-acetylneuraminate degradation.,https://www.uniprot.org/uniprotkb?query=keyword:Amino-sugar%20metabolism%3B%20N-acetylneuraminate%20degradation.+AND+(organism_id:9606)+AND+reviewed:true
UniProt_Pathways,Aminoacyl-tRNA biosynthesis; selenocysteinyl-tRNA(Sec) biosynthesis; L-seryl-tRNA(Sec) from L-serine and tRNA(Sec): step 1/1.,https://www.uniprot.org/uniprotkb?query=keyword:Aminoacyl-tRNA%20biosynthesis%3B%20selenocysteinyl-tRNA%28Sec%29%20biosynthesis%3B%20L-seryl-tRNA%28Sec%29%20from%20L-serine%20and%20tRNA%28Sec%29%3A%20step%201%2F1.+AND+(organism_id:9606)+AND+reviewed:true
UniProt_Pathways,Aromatic compound metabolism; melatonin biosynthesis; melatonin from serotonin: step 1/2.,https://www.uniprot.org/uniprotkb?query=keyword:Aromatic%20compound%20metabolism%3B%20melatonin%20biosynthesis%3B%20melatonin%20from%20serotonin%3A%20step%201%2F2.+AND+(organism_id:9606)+AND+reviewed:true
UniProt_Pathways,Aromatic compound metabolism; serotonin biosynthesis; serotonin from L-tryptophan: step 1/2.,https://www.uniprot.org/uniprotkb?query=keyword:Aromatic%20compound%20metabolism%3B%20serotonin%20biosynthesis%3B%20serotonin%20from%20L-tryptophan%3A%20step%201%2F2.+AND+(organism_id:9606)+AND+reviewed:true
UniProt_Pathways,Carbohydrate biosynthesis; gluconeogenesis.,https://www.uniprot.org/uniprotkb?query=keyword:Carbohydrate%20biosynthesis%3B%20gluconeogenesis.+AND+(organism_id:9606)+AND+reviewed:true
UniProt_Pathways,Carbohydrate degradation.,https://www.uniprot.org/uniprotkb?query=keyword:Carbohydrate%20degradation.+AND+(organism_id:9606)+AND+reviewed:true
UniProt_Pathways,Carbohydrate degradation; glycolysis; D-glyceraldehyde 3-phosphate and glycerone phosphate from D-glucose: step 1/4.,https://www.uniprot.org/uniprotkb?query=keyword:Carbohydrate%20degradation%3B%20glycolysis%3B%20D-glyceraldehyde%203-phosphate%20and%20glycerone%20phosphate%20from%20D-glucose%3A%20step%201%2F4.+AND+(organism_id:9606)+AND+reviewed:true
UniProt_Pathways,Carbohydrate degradation; glycolysis; D-glyceraldehyde 3-phosphate and glycerone phosphate from D-glucose: step 3/4.,https://www.uniprot.org/uniprotkb?query=keyword:Carbohydrate%20degradation%3B%20glycolysis%3B%20D-glyceraldehyde%203-phosphate%20and%20glycerone%20phosphate%20from%20D-glucose%3A%20step%203%2F4.+AND+(organism_id:9606)+AND+reviewed:true
UniProt_Pathways,Carbohydrate degradation; glycolysis; D-glyceraldehyde 3-phosphate and glycerone phosphate from D-glucose: step 4/4.,https://www.uniprot.org/uniprotkb?query=keyword:Carbohydrate%20degradation%3B%20glycolysis%3B%20D-glyceraldehyde%203-phosphate%20and%20glycerone%20phosphate%20from%20D-glucose%3A%20step%204%2F4.+AND+(organism_id:9606)+AND+reviewed:true
UniProt_Pathways,Carbohydrate degradation; glycolysis; pyruvate from D-glyceraldehyde 3-phosphate: step 1/5.,https://www.uniprot.org/uniprotkb?query=keyword:Carbohydrate%20degradation%3B%20glycolysis%3B%20pyruvate%20from%20D-glyceraldehyde%203-phosphate%3A%20step%201%2F5.+AND+(organism_id:9606)+AND+reviewed:true
UniProt_Pathways,Carbohydrate degradation; glycolysis; pyruvate from D-glyceraldehyde 3-phosphate: step 2/5.,https://www.uniprot.org/uniprotkb?query=keyword:Carbohydrate%20degradation%3B%20glycolysis%3B%20pyruvate%20from%20D-glyceraldehyde%203-phosphate%3A%20step%202%2F5.+AND+(organism_id:9606)+AND+reviewed:true
UniProt_Pathways,Carbohydrate degradation; glycolysis; pyruvate from D-glyceraldehyde 3-phosphate: step 4/5.,https://www.uniprot.org/uniprotkb?query=keyword:Carbohydrate%20degradation%3B%20glycolysis%3B%20pyruvate%20from%20D-glyceraldehyde%203-phosphate%3A%20step%204%2F5.+AND+(organism_id:9606)+AND+reviewed:true
UniProt_Pathways,Carbohydrate degradation; glycolysis; pyruvate from D-glyceraldehyde 3-phosphate: step 5/5.,https://www.uniprot.org/uniprotkb?query=keyword:Carbohydrate%20degradation%3B%20glycolysis%3B%20pyruvate%20from%20D-glyceraldehyde%203-phosphate%3A%20step%205%2F5.+AND+(organism_id:9606)+AND+reviewed:true
UniProt_Pathways,Carbohydrate degradation; pentose phosphate pathway; D-ribulose 5-phosphate from D-glucose 6-phosphate (oxidative stage): step 1/3.,https://www.uniprot.org/uniprotkb?query=keyword:Carbohydrate%20degradation%3B%20pentose%20phosphate%20pathway%3B%20D-ribulose%205-phosphate%20from%20D-glucose%206-phosphate%20%28oxidative%20stage%29%3A%20step%201%2F3.+AND+(organism_id:9606)+AND+reviewed:true
UniProt_Pathways,Carbohydrate degradation; pentose phosphate pathway; D-ribulose 5-phosphate from D-glucose 6-phosphate (oxidative stage): step 2/3.,https://www.uniprot.org/uniprotkb?query=keyword:Carbohydrate%20degradation%3B%20pentose%20phosphate%20pathway%3B%20D-ribulose%205-phosphate%20from%20D-glucose%206-phosphate%20%28oxidative%20stage%29%3A%20step%202%2F3.+AND+(organism_id:9606)+AND+reviewed:true
UniProt_Pathways,Carbohydrate metabolism; galactose metabolism.,https://www.uniprot.org/uniprotkb?query=keyword:Carbohydrate%20metabolism%3B%20galactose%20metabolism.+AND+(organism_id:9606)+AND+reviewed:true
UniProt_Pathways,Carbohydrate metabolism; hexose metabolism.,https://www.uniprot.org/uniprotkb?query=keyword:Carbohydrate%20metabolism%3B%20hexose%20metabolism.+AND+(organism_id:9606)+AND+reviewed:true
UniProt_Pathways,Carbohydrate metabolism; tricarboxylic acid cycle.,https://www.uniprot.org/uniprotkb?query=keyword:Carbohydrate%20metabolism%3B%20tricarboxylic%20acid%20cycle.+AND+(organism_id:9606)+AND+reviewed:true
UniProt_Pathways,Carbohydrate metabolism; tricarboxylic acid cycle; fumarate from succinate (eukaryal route): step 1/1.,https://www.uniprot.org/uniprotkb?query=keyword:Carbohydrate%20metabolism%3B%20tricarboxylic%20acid%20cycle%3B%20fumarate%20from%20succinate%20%28eukaryal%20route%29%3A%20step%201%2F1.+AND+(organism_id:9606)+AND+reviewed:true
UniProt_Pathways,Carbohydrate metabolism; tricarboxylic acid cycle; succinate from succinyl-CoA (ligase route): step 1/1.,https://www.uniprot.org/uniprotkb?query=keyword:Carbohydrate%20metabolism%3B%20tricarboxylic%20acid%20cycle%3B%20succinate%20from%20succinyl-CoA%20%28ligase%20route%29%3A%20step%201%2F1.+AND+(organism_id:9606)+AND+reviewed:true
UniProt_Pathways,Cofactor biosynthesis; NAD(+) biosynthesis.,https://www.uniprot.org/uniprotkb?query=keyword:Cofactor%20biosynthesis%3B%20NAD%28%2B%29%20biosynthesis.+AND+(organism_id:9606)+AND+reviewed:true
UniProt_Pathways,Cofactor biosynthesis; NAD(+) biosynthesis; NAD(+) from nicotinamide D-ribonucleotide: step 1/1.,https://www.uniprot.org/uniprotkb?query=keyword:Cofactor%20biosynthesis%3B%20NAD%28%2B%29%20biosynthesis%3B%20NAD%28%2B%29%20from%20nicotinamide%20D-ribonucleotide%3A%20step%201%2F1.+AND+(organism_id:9606)+AND+reviewed:true
UniProt_Pathways,Cofactor biosynthesis; NAD(+) biosynthesis; deamido-NAD(+) from nicotinate D-ribonucleotide: step 1/1.,https://www.uniprot.org/uniprotkb?query=keyword:Cofactor%20biosynthesis%3B%20NAD%28%2B%29%20biosynthesis%3B%20deamido-NAD%28%2B%29%20from%20nicotinate%20D-ribonucleotide%3A%20step%201%2F1.+AND+(organism_id:9606)+AND+reviewed:true
UniProt_Pathways,Cofactor biosynthesis; coenzyme A biosynthesis; CoA from (R)-pantothenate: step 1/5.,https://www.uniprot.org/uniprotkb?query=keyword:Cofactor%20biosynthesis%3B%20coenzyme%20A%20biosynthesis%3B%20CoA%20from%20%28R%29-pantothenate%3A%20step%201%2F5.+AND+(organism_id:9606)+AND+reviewed:true
UniProt_Pathways,Cofactor biosynthesis; iron-sulfur cluster biosynthesis.,https://www.uniprot.org/uniprotkb?query=keyword:Cofactor%20biosynthesis%3B%20iron-sulfur%20cluster%20biosynthesis.+AND+(organism_id:9606)+AND+reviewed:true
UniProt_Pathways,Cofactor biosynthesis; molybdopterin biosynthesis.,https://www.uniprot.org/uniprotkb?query=keyword:Cofactor%20biosynthesis%3B%20molybdopterin%20biosynthesis.+AND+(organism_id:9606)+AND+reviewed:true
UniProt_Pathways,"Cofactor biosynthesis; tetrahydrofolate biosynthesis; 5,6,7,8-tetrahydrofolate from 7,8-dihydrofolate: step 1/1.",https://www.uniprot.org/uniprotkb?query=keyword:Cofactor%20biosynthesis%3B%20tetrahydrofolate%20biosynthesis%3B%205%2C6%2C7%2C8-tetrahydrofolate%20from%207%2C8-dihydrofolate%3A%20step%201%2F1.+AND+(organism_id:9606)+AND+reviewed:true
UniProt_Pathways,Cofactor biosynthesis; ubiquinone biosynthesis.,https://www.uniprot.org/uniprotkb?query=keyword:Cofactor%20biosynthesis%3B%20ubiquinone%20biosynthesis.+AND+(organism_id:9606)+AND+reviewed:true
UniProt_Pathways,Cofactor degradation; phylloquinone degradation.,https://www.uniprot.org/uniprotkb?query=keyword:Cofactor%20degradation%3B%20phylloquinone%20degradation.+AND+(organism_id:9606)+AND+reviewed:true
UniProt_Pathways,Cofactor metabolism; retinol metabolism.,https://www.uniprot.org/uniprotkb?query=keyword:Cofactor%20metabolism%3B%20retinol%20metabolism.+AND+(organism_id:9606)+AND+reviewed:true
UniProt_Pathways,Energy metabolism; oxidative phosphorylation.,https://www.uniprot.org/uniprotkb?query=keyword:Energy%20metabolism%3B%20oxidative%20phosphorylation.+AND+(organism_id:9606)+AND+reviewed:true
UniProt_Pathways,Fermentation; pyruvate fermentation to lactate; (S)-lactate from pyruvate: step 1/1.,https://www.uniprot.org/uniprotkb?query=keyword:Fermentation%3B%20pyruvate%20fermentation%20to%20lactate%3B%20%28S%29-lactate%20from%20pyruvate%3A%20step%201%2F1.+AND+(organism_id:9606)+AND+reviewed:true
UniProt_Pathways,Genetic information processing; DNA replication.,https://www.uniprot.org/uniprotkb?query=keyword:Genetic%20information%20processing%3B%20DNA%20replication.+AND+(organism_id:9606)+AND+reviewed:true
UniProt_Pathways,Glycan biosynthesis; glycogen biosynthesis.,https://www.uniprot.org/uniprotkb?query=keyword:Glycan%20biosynthesis%3B%20glycogen%20biosynthesis.+AND+(organism_id:9606)+AND+reviewed:true
UniProt_Pathways,Glycan biosynthesis; glycogen metabolism.,https://www.uniprot.org/uniprotkb?query=keyword:Glycan%20biosynthesis%3B%20glycogen%20metabolism.+AND+(organism_id:9606)+AND+reviewed:true
UniProt_Pathways,Glycan biosynthesis; hyaluronan biosynthesis.,https://www.uniprot.org/uniprotkb?query=keyword:Glycan%20biosynthesis%3B%20hyaluronan%20biosynthesis.+AND+(organism_id:9606)+AND+reviewed:true
UniProt_Pathways,Glycan metabolism; N-glycan degradation.,https://www.uniprot.org/uniprotkb?query=keyword:Glycan%20metabolism%3B%20N-glycan%20degradation.+AND+(organism_id:9606)+AND+reviewed:true
UniProt_Pathways,Glycan metabolism; N-glycan metabolism.,https://www.uniprot.org/uniprotkb?query=keyword:Glycan%20metabolism%3B%20N-glycan%20metabolism.+AND+(organism_id:9606)+AND+reviewed:true
UniProt_Pathways,Glycan metabolism; chondroitin sulfate biosynthesis.,https://www.uniprot.org/uniprotkb?query=keyword:Glycan%20metabolism%3B%20chondroitin%20sulfate%20biosynthesis.+AND+(organism_id:9606)+AND+reviewed:true
UniProt_Pathways,Glycan metabolism; heparan sulfate biosynthesis.,https://www.uniprot.org/uniprotkb?query=keyword:Glycan%20metabolism%3B%20heparan%20sulfate%20biosynthesis.+AND+(organism_id:9606)+AND+reviewed:true
UniProt_Pathways,Glycan metabolism; heparin biosynthesis.,https://www.uniprot.org/uniprotkb?query=keyword:Glycan%20metabolism%3B%20heparin%20biosynthesis.+AND+(organism_id:9606)+AND+reviewed:true
UniProt_Pathways,Glycerolipid metabolism; triacylglycerol biosynthesis.,https://www.uniprot.org/uniprotkb?query=keyword:Glycerolipid%20metabolism%3B%20triacylglycerol%20biosynthesis.+AND+(organism_id:9606)+AND+reviewed:true
UniProt_Pathways,Glycerolipid metabolism; triacylglycerol degradation.,https://www.uniprot.org/uniprotkb?query=keyword:Glycerolipid%20metabolism%3B%20triacylglycerol%20degradation.+AND+(organism_id:9606)+AND+reviewed:true
UniProt_Pathways,Glycolipid biosynthesis.,https://www.uniprot.org/uniprotkb?query=keyword:Glycolipid%20biosynthesis.+AND+(organism_id:9606)+AND+reviewed:true
UniProt_Pathways,Glycolipid biosynthesis; glycosylphosphatidylinositol-anchor biosynthesis.,https://www.uniprot.org/uniprotkb?query=keyword:Glycolipid%20biosynthesis%3B%20glycosylphosphatidylinositol-anchor%20biosynthesis.+AND+(organism_id:9606)+AND+reviewed:true
UniProt_Pathways,Hormone biosynthesis; thyroid hormone biosynthesis.,https://www.uniprot.org/uniprotkb?query=keyword:Hormone%20biosynthesis%3B%20thyroid%20hormone%20biosynthesis.+AND+(organism_id:9606)+AND+reviewed:true
UniProt_Pathways,Hormone biosynthesis; vitamin D biosynthesis.,https://www.uniprot.org/uniprotkb?query=keyword:Hormone%20biosynthesis%3B%20vitamin%20D%20biosynthesis.+AND+(organism_id:9606)+AND+reviewed:true
UniProt_Pathways,Isoprenoid biosynthesis; dimethylallyl diphosphate biosynthesis; dimethylallyl diphosphate from isopentenyl diphosphate: step 1/1.,https://www.uniprot.org/uniprotkb?query=keyword:Isoprenoid%20biosynthesis%3B%20dimethylallyl%20diphosphate%20biosynthesis%3B%20dimethylallyl%20diphosphate%20from%20isopentenyl%20diphosphate%3A%20step%201%2F1.+AND+(organism_id:9606)+AND+reviewed:true
UniProt_Pathways,Isoprenoid biosynthesis; farnesyl diphosphate biosynthesis; farnesyl diphosphate from geranyl diphosphate and isopentenyl diphosphate: step 1/1.,https://www.uniprot.org/uniprotkb?query=keyword:Isoprenoid%20biosynthesis%3B%20farnesyl%20diphosphate%20biosynthesis%3B%20farnesyl%20diphosphate%20from%20geranyl%20diphosphate%20and%20isopentenyl%20diphosphate%3A%20step%201%2F1.+AND+(organism_id:9606)+AND+reviewed:true
UniProt_Pathways,Isoprenoid biosynthesis; geranyl diphosphate biosynthesis; geranyl diphosphate from dimethylallyl diphosphate and isopentenyl diphosphate: step 1/1.,https://www.uniprot.org/uniprotkb?query=keyword:Isoprenoid%20biosynthesis%3B%20geranyl%20diphosphate%20biosynthesis%3B%20geranyl%20diphosphate%20from%20dimethylallyl%20diphosphate%20and%20isopentenyl%20diphosphate%3A%20step%201%2F1.+AND+(organism_id:9606)+AND+reviewed:true
UniProt_Pathways,Ketone metabolism; succinyl-CoA degradation; acetoacetyl-CoA from succinyl-CoA: step 1/1.,https://www.uniprot.org/uniprotkb?query=keyword:Ketone%20metabolism%3B%20succinyl-CoA%20degradation%3B%20acetoacetyl-CoA%20from%20succinyl-CoA%3A%20step%201%2F1.+AND+(organism_id:9606)+AND+reviewed:true
UniProt_Pathways,Lipid metabolism.,https://www.uniprot.org/uniprotkb?query=keyword:Lipid%20metabolism.+AND+(organism_id:9606)+AND+reviewed:true
UniProt_Pathways,Lipid metabolism; C21-steroid hormone metabolism.,https://www.uniprot.org/uniprotkb?query=keyword:Lipid%20metabolism%3B%20C21-steroid%20hormone%20metabolism.+AND+(organism_id:9606)+AND+reviewed:true
UniProt_Pathways,Lipid metabolism; arachidonate metabolism.,https://www.uniprot.org/uniprotkb?query=keyword:Lipid%20metabolism%3B%20arachidonate%20metabolism.+AND+(organism_id:9606)+AND+reviewed:true
UniProt_Pathways,Lipid metabolism; bile acid biosynthesis.,https://www.uniprot.org/uniprotkb?query=keyword:Lipid%20metabolism%3B%20bile%20acid%20biosynthesis.+AND+(organism_id:9606)+AND+reviewed:true
UniProt_Pathways,Lipid metabolism; fatty acid beta-oxidation.,https://www.uniprot.org/uniprotkb?query=keyword:Lipid%20metabolism%3B%20fatty%20acid%20beta-oxidation.+AND+(organism_id:9606)+AND+reviewed:true
UniProt_Pathways,Lipid metabolism; fatty acid biosynthesis.,https://www.uniprot.org/uniprotkb?query=keyword:Lipid%20metabolism%3B%20fatty%20acid%20biosynthesis.+AND+(organism_id:9606)+AND+reviewed:true
UniProt_Pathways,Lipid metabolism; fatty acid metabolism.,https://www.uniprot.org/uniprotkb?query=keyword:Lipid%20metabolism%3B%20fatty%20acid%20metabolism.+AND+(organism_id:9606)+AND+reviewed:true
UniProt_Pathways,Lipid metabolism; glycerolipid metabolism.,https://www.uniprot.org/uniprotkb?query=keyword:Lipid%20metabolism%3B%20glycerolipid%20metabolism.+AND+(organism_id:9606)+AND+reviewed:true
UniProt_Pathways,Lipid metabolism; hydroperoxy eicosatetraenoic acid biosynthesis.,https://www.uniprot.org/uniprotkb?query=keyword:Lipid%20metabolism%3B%20hydroperoxy%20eicosatetraenoic%20acid%20biosynthesis.+AND+(organism_id:9606)+AND+reviewed:true
UniProt_Pathways,Lipid metabolism; leukotriene B4 biosynthesis.,https://www.uniprot.org/uniprotkb?query=keyword:Lipid%20metabolism%3B%20leukotriene%20B4%20biosynthesis.+AND+(organism_id:9606)+AND+reviewed:true
UniProt_Pathways,Lipid metabolism; leukotriene B4 degradation.,https://www.uniprot.org/uniprotkb?query=keyword:Lipid%20metabolism%3B%20leukotriene%20B4%20degradation.+AND+(organism_id:9606)+AND+reviewed:true
UniProt_Pathways,Lipid metabolism; leukotriene C4 biosynthesis.,https://www.uniprot.org/uniprotkb?query=keyword:Lipid%20metabolism%3B%20leukotriene%20C4%20biosynthesis.+AND+(organism_id:9606)+AND+reviewed:true
UniProt_Pathways,Lipid metabolism; leukotriene D4 biosynthesis.,https://www.uniprot.org/uniprotkb?query=keyword:Lipid%20metabolism%3B%20leukotriene%20D4%20biosynthesis.+AND+(organism_id:9606)+AND+reviewed:true
UniProt_Pathways,Lipid metabolism; malonyl-CoA biosynthesis; malonyl-CoA from acetyl-CoA: step 1/1.,https://www.uniprot.org/uniprotkb?query=keyword:Lipid%20metabolism%3B%20malonyl-CoA%20biosynthesis%3B%20malonyl-CoA%20from%20acetyl-CoA%3A%20step%201%2F1.+AND+(organism_id:9606)+AND+reviewed:true
UniProt_Pathways,Lipid metabolism; mitochondrial fatty acid beta-oxidation.,https://www.uniprot.org/uniprotkb?query=keyword:Lipid%20metabolism%3B%20mitochondrial%20fatty%20acid%20beta-oxidation.+AND+(organism_id:9606)+AND+reviewed:true
UniProt_Pathways,Lipid metabolism; oxylipin biosynthesis.,https://www.uniprot.org/uniprotkb?query=keyword:Lipid%20metabolism%3B%20oxylipin%20biosynthesis.+AND+(organism_id:9606)+AND+reviewed:true
UniProt_Pathways,Lipid metabolism; peroxisomal fatty acid beta-oxidation.,https://www.uniprot.org/uniprotkb?query=keyword:Lipid%20metabolism%3B%20peroxisomal%20fatty%20acid%20beta-oxidation.+AND+(organism_id:9606)+AND+reviewed:true
UniProt_Pathways,Lipid metabolism; phospholipid metabolism.,https://www.uniprot.org/uniprotkb?query=keyword:Lipid%20metabolism%3B%20phospholipid%20metabolism.+AND+(organism_id:9606)+AND+reviewed:true
UniProt_Pathways,Lipid metabolism; polyunsaturated fatty acid biosynthesis.,https://www.uniprot.org/uniprotkb?query=keyword:Lipid%20metabolism%3B%20polyunsaturated%20fatty%20acid%20biosynthesis.+AND+(organism_id:9606)+AND+reviewed:true
UniProt_Pathways,Lipid metabolism; prostaglandin biosynthesis.,https://www.uniprot.org/uniprotkb?query=keyword:Lipid%20metabolism%3B%20prostaglandin%20biosynthesis.+AND+(organism_id:9606)+AND+reviewed:true
UniProt_Pathways,Lipid metabolism; sphingolipid metabolism.,https://www.uniprot.org/uniprotkb?query=keyword:Lipid%20metabolism%3B%20sphingolipid%20metabolism.+AND+(organism_id:9606)+AND+reviewed:true
UniProt_Pathways,Lipid metabolism; steroid biosynthesis.,https://www.uniprot.org/uniprotkb?query=keyword:Lipid%20metabolism%3B%20steroid%20biosynthesis.+AND+(organism_id:9606)+AND+reviewed:true
UniProt_Pathways,Membrane lipid metabolism; glycerophospholipid metabolism.,https://www.uniprot.org/uniprotkb?query=keyword:Membrane%20lipid%20metabolism%3B%20glycerophospholipid%20metabolism.+AND+(organism_id:9606)+AND+reviewed:true
UniProt_Pathways,Metabolic intermediate biosynthesis; (R)-mevalonate biosynthesis; (R)-mevalonate from acetyl-CoA: step 2/3.,https://www.uniprot.org/uniprotkb?query=keyword:Metabolic%20intermediate%20biosynthesis%3B%20%28R%29-mevalonate%20biosynthesis%3B%20%28R%29-mevalonate%20from%20acetyl-CoA%3A%20step%202%2F3.+AND+(organism_id:9606)+AND+reviewed:true
UniProt_Pathways,Metabolic intermediate biosynthesis; 5-phospho-alpha-D-ribose 1-diphosphate biosynthesis; 5-phospho-alpha-D-ribose 1-diphosphate from D-ribose 5-phosphate (route I): step 1/1.,https://www.uniprot.org/uniprotkb?query=keyword:Metabolic%20intermediate%20biosynthesis%3B%205-phospho-alpha-D-ribose%201-diphosphate%20biosynthesis%3B%205-phospho-alpha-D-ribose%201-diphosphate%20from%20D-ribose%205-phosphate%20%28route%20I%29%3A%20step%201%2F1.+AND+(organism_id:9606)+AND+reviewed:true
UniProt_Pathways,Metabolic intermediate metabolism; (S)-3-hydroxy-3-methylglutaryl-CoA degradation; acetoacetate from (S)-3-hydroxy-3-methylglutaryl-CoA: step 1/1.,https://www.uniprot.org/uniprotkb?query=keyword:Metabolic%20intermediate%20metabolism%3B%20%28S%29-3-hydroxy-3-methylglutaryl-CoA%20degradation%3B%20acetoacetate%20from%20%28S%29-3-hydroxy-3-methylglutaryl-CoA%3A%20step%201%2F1.+AND+(organism_id:9606)+AND+reviewed:true
UniProt_Pathways,Metabolic intermediate metabolism; propanoyl-CoA degradation; succinyl-CoA from propanoyl-CoA: step 1/3.,https://www.uniprot.org/uniprotkb?query=keyword:Metabolic%20intermediate%20metabolism%3B%20propanoyl-CoA%20degradation%3B%20succinyl-CoA%20from%20propanoyl-CoA%3A%20step%201%2F3.+AND+(organism_id:9606)+AND+reviewed:true
UniProt_Pathways,Nitrogen metabolism; urea cycle; L-ornithine and urea from L-arginine: step 1/1.,https://www.uniprot.org/uniprotkb?query=keyword:Nitrogen%20metabolism%3B%20urea%20cycle%3B%20L-ornithine%20and%20urea%20from%20L-arginine%3A%20step%201%2F1.+AND+(organism_id:9606)+AND+reviewed:true
UniProt_Pathways,Nucleotide-sugar biosynthesis; GDP-alpha-D-mannose biosynthesis; alpha-D-mannose 1-phosphate from D-fructose 6-phosphate: step 2/2.,https://www.uniprot.org/uniprotkb?query=keyword:Nucleotide-sugar%20biosynthesis%3B%20GDP-alpha-D-mannose%20biosynthesis%3B%20alpha-D-mannose%201-phosphate%20from%20D-fructose%206-phosphate%3A%20step%202%2F2.+AND+(organism_id:9606)+AND+reviewed:true
UniProt_Pathways,Nucleotide-sugar biosynthesis; UDP-N-acetyl-alpha-D-glucosamine biosynthesis; alpha-D-glucosamine 6-phosphate from D-fructose 6-phosphate: step 1/1.,https://www.uniprot.org/uniprotkb?query=keyword:Nucleotide-sugar%20biosynthesis%3B%20UDP-N-acetyl-alpha-D-glucosamine%20biosynthesis%3B%20alpha-D-glucosamine%206-phosphate%20from%20D-fructose%206-phosphate%3A%20step%201%2F1.+AND+(organism_id:9606)+AND+reviewed:true
UniProt_Pathways,One-carbon metabolism; tetrahydrofolate interconversion.,https://www.uniprot.org/uniprotkb?query=keyword:One-carbon%20metabolism%3B%20tetrahydrofolate%20interconversion.+AND+(organism_id:9606)+AND+reviewed:true
UniProt_Pathways,Phospholipid metabolism.,https://www.uniprot.org/uniprotkb?query=keyword:Phospholipid%20metabolism.+AND+(organism_id:9606)+AND+reviewed:true
UniProt_Pathways,Phospholipid metabolism; CDP-diacylglycerol biosynthesis; CDP-diacylglycerol from sn-glycerol 3-phosphate: step 1/3.,https://www.uniprot.org/uniprotkb?query=keyword:Phospholipid%20metabolism%3B%20CDP-diacylglycerol%20biosynthesis%3B%20CDP-diacylglycerol%20from%20sn-glycerol%203-phosphate%3A%20step%201%2F3.+AND+(organism_id:9606)+AND+reviewed:true
UniProt_Pathways,Phospholipid metabolism; CDP-diacylglycerol biosynthesis; CDP-diacylglycerol from sn-glycerol 3-phosphate: step 2/3.,https://www.uniprot.org/uniprotkb?query=keyword:Phospholipid%20metabolism%3B%20CDP-diacylglycerol%20biosynthesis%3B%20CDP-diacylglycerol%20from%20sn-glycerol%203-phosphate%3A%20step%202%2F3.+AND+(organism_id:9606)+AND+reviewed:true
UniProt_Pathways,Phospholipid metabolism; CDP-diacylglycerol biosynthesis; CDP-diacylglycerol from sn-glycerol 3-phosphate: step 3/3.,https://www.uniprot.org/uniprotkb?query=keyword:Phospholipid%20metabolism%3B%20CDP-diacylglycerol%20biosynthesis%3B%20CDP-diacylglycerol%20from%20sn-glycerol%203-phosphate%3A%20step%203%2F3.+AND+(organism_id:9606)+AND+reviewed:true
UniProt_Pathways,Phospholipid metabolism; phosphatidylcholine biosynthesis; phosphatidylcholine from phosphocholine: step 1/2.,https://www.uniprot.org/uniprotkb?query=keyword:Phospholipid%20metabolism%3B%20phosphatidylcholine%20biosynthesis%3B%20phosphatidylcholine%20from%20phosphocholine%3A%20step%201%2F2.+AND+(organism_id:9606)+AND+reviewed:true
UniProt_Pathways,Phospholipid metabolism; phosphatidylcholine biosynthesis; phosphatidylcholine from phosphocholine: step 2/2.,https://www.uniprot.org/uniprotkb?query=keyword:Phospholipid%20metabolism%3B%20phosphatidylcholine%20biosynthesis%3B%20phosphatidylcholine%20from%20phosphocholine%3A%20step%202%2F2.+AND+(organism_id:9606)+AND+reviewed:true
UniProt_Pathways,Phospholipid metabolism; phosphatidylethanolamine biosynthesis; phosphatidylethanolamine from ethanolamine: step 1/3.,https://www.uniprot.org/uniprotkb?query=keyword:Phospholipid%20metabolism%3B%20phosphatidylethanolamine%20biosynthesis%3B%20phosphatidylethanolamine%20from%20ethanolamine%3A%20step%201%2F3.+AND+(organism_id:9606)+AND+reviewed:true
UniProt_Pathways,Phospholipid metabolism; phosphatidylethanolamine biosynthesis; phosphatidylethanolamine from ethanolamine: step 3/3.,https://www.uniprot.org/uniprotkb?query=keyword:Phospholipid%20metabolism%3B%20phosphatidylethanolamine%20biosynthesis%3B%20phosphatidylethanolamine%20from%20ethanolamine%3A%20step%203%2F3.+AND+(organism_id:9606)+AND+reviewed:true
UniProt_Pathways,Phospholipid metabolism; phosphatidylinositol metabolism.,https://www.uniprot.org/uniprotkb?query=keyword:Phospholipid%20metabolism%3B%20phosphatidylinositol%20metabolism.+AND+(organism_id:9606)+AND+reviewed:true
UniProt_Pathways,Phospholipid metabolism; phosphatidylinositol phosphate biosynthesis.,https://www.uniprot.org/uniprotkb?query=keyword:Phospholipid%20metabolism%3B%20phosphatidylinositol%20phosphate%20biosynthesis.+AND+(organism_id:9606)+AND+reviewed:true
UniProt_Pathways,Phospholipid metabolism; phosphatidylserine biosynthesis.,https://www.uniprot.org/uniprotkb?query=keyword:Phospholipid%20metabolism%3B%20phosphatidylserine%20biosynthesis.+AND+(organism_id:9606)+AND+reviewed:true
UniProt_Pathways,Pigment biosynthesis; melanin biosynthesis.,https://www.uniprot.org/uniprotkb?query=keyword:Pigment%20biosynthesis%3B%20melanin%20biosynthesis.+AND+(organism_id:9606)+AND+reviewed:true
UniProt_Pathways,Polyol metabolism; glycerol degradation via glycerol kinase pathway; sn-glycerol 3-phosphate from glycerol: step 1/1.,https://www.uniprot.org/uniprotkb?query=keyword:Polyol%20metabolism%3B%20glycerol%20degradation%20via%20glycerol%20kinase%20pathway%3B%20sn-glycerol%203-phosphate%20from%20glycerol%3A%20step%201%2F1.+AND+(organism_id:9606)+AND+reviewed:true
UniProt_Pathways,Polyol metabolism; myo-inositol biosynthesis; myo-inositol from D-glucose 6-phosphate: step 2/2.,https://www.uniprot.org/uniprotkb?query=keyword:Polyol%20metabolism%3B%20myo-inositol%20biosynthesis%3B%20myo-inositol%20from%20D-glucose%206-phosphate%3A%20step%202%2F2.+AND+(organism_id:9606)+AND+reviewed:true
UniProt_Pathways,Porphyrin-containing compound metabolism; protoporphyrin-IX biosynthesis; 5-aminolevulinate from glycine: step 1/1.,https://www.uniprot.org/uniprotkb?query=keyword:Porphyrin-containing%20compound%20metabolism%3B%20protoporphyrin-IX%20biosynthesis%3B%205-aminolevulinate%20from%20glycine%3A%20step%201%2F1.+AND+(organism_id:9606)+AND+reviewed:true
UniProt_Pathways,Protein degradation; proteasomal ubiquitin-dependent pathway.,https://www.uniprot.org/uniprotkb?query=keyword:Protein%20degradation%3B%20proteasomal%20ubiquitin-dependent%20pathway.+AND+(organism_id:9606)+AND+reviewed:true
UniProt_Pathways,Protein modification; carbohydrate sulfation.,https://www.uniprot.org/uniprotkb?query=keyword:Protein%20modification%3B%20carbohydrate%20sulfation.+AND+(organism_id:9606)+AND+reviewed:true
UniProt_Pathways,Protein modification; eIF5A hypusination.,https://www.uniprot.org/uniprotkb?query=keyword:Protein%20modification%3B%20eIF5A%20hypusination.+AND+(organism_id:9606)+AND+reviewed:true
UniProt_Pathways,Protein modification; peptidyl-diphthamide biosynthesis.,https://www.uniprot.org/uniprotkb?query=keyword:Protein%20modification%3B%20peptidyl-diphthamide%20biosynthesis.+AND+(organism_id:9606)+AND+reviewed:true
UniProt_Pathways,Protein modification; protein glycosylation.,https://www.uniprot.org/uniprotkb?query=keyword:Protein%20modification%3B%20protein%20glycosylation.+AND+(organism_id:9606)+AND+reviewed:true
UniProt_Pathways,Protein modification; protein neddylation.,https://www.uniprot.org/uniprotkb?query=keyword:Protein%20modification%3B%20protein%20neddylation.+AND+(organism_id:9606)+AND+reviewed:true
UniProt_Pathways,Protein modification; protein sumoylation.,https://www.uniprot.org/uniprotkb?query=keyword:Protein%20modification%3B%20protein%20sumoylation.+AND+(organism_id:9606)+AND+reviewed:true
UniProt_Pathways,Protein modification; protein ubiquitination.,https://www.uniprot.org/uniprotkb?query=keyword:Protein%20modification%3B%20protein%20ubiquitination.+AND+(organism_id:9606)+AND+reviewed:true
UniProt_Pathways,"Purine metabolism; 3',5'-cyclic AMP degradation; AMP from 3',5'-cyclic AMP: step 1/1.",https://www.uniprot.org/uniprotkb?query=keyword:Purine%20metabolism%3B%203%27%2C5%27-cyclic%20AMP%20degradation%3B%20AMP%20from%203%27%2C5%27-cyclic%20AMP%3A%20step%201%2F1.+AND+(organism_id:9606)+AND+reviewed:true
UniProt_Pathways,"Purine metabolism; 3',5'-cyclic GMP degradation; GMP from 3',5'-cyclic GMP: step 1/1.",https://www.uniprot.org/uniprotkb?query=keyword:Purine%20metabolism%3B%203%27%2C5%27-cyclic%20GMP%20degradation%3B%20GMP%20from%203%27%2C5%27-cyclic%20GMP%3A%20step%201%2F1.+AND+(organism_id:9606)+AND+reviewed:true
UniProt_Pathways,Purine metabolism; AMP biosynthesis via de novo pathway; AMP from IMP: step 1/2.,https://www.uniprot.org/uniprotkb?query=keyword:Purine%20metabolism%3B%20AMP%20biosynthesis%20via%20de%20novo%20pathway%3B%20AMP%20from%20IMP%3A%20step%201%2F2.+AND+(organism_id:9606)+AND+reviewed:true
UniProt_Pathways,Purine metabolism; IMP biosynthesis via salvage pathway; IMP from AMP: step 1/1.,https://www.uniprot.org/uniprotkb?query=keyword:Purine%20metabolism%3B%20IMP%20biosynthesis%20via%20salvage%20pathway%3B%20IMP%20from%20AMP%3A%20step%201%2F1.+AND+(organism_id:9606)+AND+reviewed:true
UniProt_Pathways,Purine metabolism; XMP biosynthesis via de novo pathway; XMP from IMP: step 1/1.,https://www.uniprot.org/uniprotkb?query=keyword:Purine%20metabolism%3B%20XMP%20biosynthesis%20via%20de%20novo%20pathway%3B%20XMP%20from%20IMP%3A%20step%201%2F1.+AND+(organism_id:9606)+AND+reviewed:true
UniProt_Pathways,Pyrimidine metabolism; CTP biosynthesis via de novo pathway; CTP from UDP: step 2/2.,https://www.uniprot.org/uniprotkb?query=keyword:Pyrimidine%20metabolism%3B%20CTP%20biosynthesis%20via%20de%20novo%20pathway%3B%20CTP%20from%20UDP%3A%20step%202%2F2.+AND+(organism_id:9606)+AND+reviewed:true
UniProt_Pathways,Pyrimidine metabolism; CTP biosynthesis via salvage pathway; CTP from cytidine: step 1/3.,https://www.uniprot.org/uniprotkb?query=keyword:Pyrimidine%20metabolism%3B%20CTP%20biosynthesis%20via%20salvage%20pathway%3B%20CTP%20from%20cytidine%3A%20step%201%2F3.+AND+(organism_id:9606)+AND+reviewed:true
UniProt_Pathways,Pyrimidine metabolism; UMP biosynthesis via salvage pathway; UMP from uridine: step 1/1.,https://www.uniprot.org/uniprotkb?query=keyword:Pyrimidine%20metabolism%3B%20UMP%20biosynthesis%20via%20salvage%20pathway%3B%20UMP%20from%20uridine%3A%20step%201%2F1.+AND+(organism_id:9606)+AND+reviewed:true
UniProt_Pathways,Pyrimidine metabolism; UMP biosynthesis via salvage pathway; uracil from uridine (phosphorylase route): step 1/1.,https://www.uniprot.org/uniprotkb?query=keyword:Pyrimidine%20metabolism%3B%20UMP%20biosynthesis%20via%20salvage%20pathway%3B%20uracil%20from%20uridine%20%28phosphorylase%20route%29%3A%20step%201%2F1.+AND+(organism_id:9606)+AND+reviewed:true
UniProt_Pathways,Pyrimidine metabolism; dTTP biosynthesis.,https://www.uniprot.org/uniprotkb?query=keyword:Pyrimidine%20metabolism%3B%20dTTP%20biosynthesis.+AND+(organism_id:9606)+AND+reviewed:true
UniProt_Pathways,Signal transduction; phosphatidylinositol signaling pathway.,https://www.uniprot.org/uniprotkb?query=keyword:Signal%20transduction%3B%20phosphatidylinositol%20signaling%20pathway.+AND+(organism_id:9606)+AND+reviewed:true
UniProt_Pathways,Sphingolipid metabolism.,https://www.uniprot.org/uniprotkb?query=keyword:Sphingolipid%20metabolism.+AND+(organism_id:9606)+AND+reviewed:true
UniProt_Pathways,Sphingolipid metabolism; galactosylceramide biosynthesis.,https://www.uniprot.org/uniprotkb?query=keyword:Sphingolipid%20metabolism%3B%20galactosylceramide%20biosynthesis.+AND+(organism_id:9606)+AND+reviewed:true
UniProt_Pathways,Steroid biosynthesis; cholesterol biosynthesis.,https://www.uniprot.org/uniprotkb?query=keyword:Steroid%20biosynthesis%3B%20cholesterol%20biosynthesis.+AND+(organism_id:9606)+AND+reviewed:true
UniProt_Pathways,Steroid biosynthesis; estrogen biosynthesis.,https://www.uniprot.org/uniprotkb?query=keyword:Steroid%20biosynthesis%3B%20estrogen%20biosynthesis.+AND+(organism_id:9606)+AND+reviewed:true
UniProt_Pathways,Steroid biosynthesis; glucocorticoid biosynthesis.,https://www.uniprot.org/uniprotkb?query=keyword:Steroid%20biosynthesis%3B%20glucocorticoid%20biosynthesis.+AND+(organism_id:9606)+AND+reviewed:true
UniProt_Pathways,Steroid hormone biosynthesis.,https://www.uniprot.org/uniprotkb?query=keyword:Steroid%20hormone%20biosynthesis.+AND+(organism_id:9606)+AND+reviewed:true
UniProt_Pathways,Steroid metabolism.,https://www.uniprot.org/uniprotkb?query=keyword:Steroid%20metabolism.+AND+(organism_id:9606)+AND+reviewed:true
UniProt_Pathways,Steroid metabolism; cholesterol degradation.,https://www.uniprot.org/uniprotkb?query=keyword:Steroid%20metabolism%3B%20cholesterol%20degradation.+AND+(organism_id:9606)+AND+reviewed:true
UniProt_Pathways,Steroid metabolism; cholesterol metabolism.,https://www.uniprot.org/uniprotkb?query=keyword:Steroid%20metabolism%3B%20cholesterol%20metabolism.+AND+(organism_id:9606)+AND+reviewed:true
UniProt_Pathways,Sulfur metabolism; glutathione biosynthesis; glutathione from L-cysteine and L-glutamate: step 1/2.,https://www.uniprot.org/uniprotkb?query=keyword:Sulfur%20metabolism%3B%20glutathione%20biosynthesis%3B%20glutathione%20from%20L-cysteine%20and%20L-glutamate%3A%20step%201%2F2.+AND+(organism_id:9606)+AND+reviewed:true
UniProt_Pathways,Sulfur metabolism; glutathione metabolism.,https://www.uniprot.org/uniprotkb?query=keyword:Sulfur%20metabolism%3B%20glutathione%20metabolism.+AND+(organism_id:9606)+AND+reviewed:true
UniProt_Pathways,Sulfur metabolism; sulfate assimilation.,https://www.uniprot.org/uniprotkb?query=keyword:Sulfur%20metabolism%3B%20sulfate%20assimilation.+AND+(organism_id:9606)+AND+reviewed:true
UniProt_Pathways,Terpene metabolism; (4R)-limonene degradation.,https://www.uniprot.org/uniprotkb?query=keyword:Terpene%20metabolism%3B%20%284R%29-limonene%20degradation.+AND+(organism_id:9606)+AND+reviewed:true
UniProt_Pathways,tRNA modification; 5-methoxycarbonylmethyl-2-thiouridine-tRNA biosynthesis.,https://www.uniprot.org/uniprotkb?query=keyword:tRNA%20modification%3B%205-methoxycarbonylmethyl-2-thiouridine-tRNA%20biosynthesis.+AND+(organism_id:9606)+AND+reviewed:true
UniProt_Pathways,tRNA modification; N(7)-methylguanine-tRNA biosynthesis.,https://www.uniprot.org/uniprotkb?query=keyword:tRNA%20modification%3B%20N%287%29-methylguanine-tRNA%20biosynthesis.+AND+(organism_id:9606)+AND+reviewed:true
UniProt_Pathways,tRNA modification; wybutosine-tRNA(Phe) biosynthesis.,https://www.uniprot.org/uniprotkb?query=keyword:tRNA%20modification%3B%20wybutosine-tRNA%28Phe%29%20biosynthesis.+AND+(organism_id:9606)+AND+reviewed:true
WikiPathways,15q11.2 copy number variation syndrome,https://www.wikipathways.org/search.html?query=15q11.2%20copy%20number%20variation%20syndrome&species=Homo%20sapiens
WikiPathways,15q13.3 copy number variation syndrome,https://www.wikipathways.org/search.html?query=15q13.3%20copy%20number%20variation%20syndrome&species=Homo%20sapiens
WikiPathways,16p11.2 distal deletion syndrome,https://www.wikipathways.org/search.html?query=16p11.2%20distal%20deletion%20syndrome&species=Homo%20sapiens
WikiPathways,16p11.2 proximal deletion syndrome,https://www.wikipathways.org/search.html?query=16p11.2%20proximal%20deletion%20syndrome&species=Homo%20sapiens
WikiPathways,17q12 copy number variation syndrome,https://www.wikipathways.org/search.html?query=17q12%20copy%20number%20variation%20syndrome&species=Homo%20sapiens
WikiPathways,1q21.1 copy number variation syndrome,https://www.wikipathways.org/search.html?query=1q21.1%20copy%20number%20variation%20syndrome&species=Homo%20sapiens
WikiPathways,22q11.2 copy number variation syndrome,https://www.wikipathways.org/search.html?query=22q11.2%20copy%20number%20variation%20syndrome&species=Homo%20sapiens
WikiPathways,2q11.2 copy number variation syndrome,https://www.wikipathways.org/search.html?query=2q11.2%20copy%20number%20variation%20syndrome&species=Homo%20sapiens
WikiPathways,2q13 copy number variation syndrome,https://www.wikipathways.org/search.html?query=2q13%20copy%20number%20variation%20syndrome&species=Homo%20sapiens
WikiPathways,2q21.1 copy number variation syndrome,https://www.wikipathways.org/search.html?query=2q21.1%20copy%20number%20variation%20syndrome&species=Homo%20sapiens
WikiPathways,2q37 copy number variation syndrome,https://www.wikipathways.org/search.html?query=2q37%20copy%20number%20variation%20syndrome&species=Homo%20sapiens
WikiPathways,3q29 copy number variation syndrome,https://www.wikipathways.org/search.html?query=3q29%20copy%20number%20variation%20syndrome&species=Homo%20sapiens
WikiPathways,"4-hydroxytamoxifen, dexamethasone, and retinoic acids regulation of p27 expression",https://www.wikipathways.org/search.html?query=4-hydroxytamoxifen%2C%20dexamethasone%2C%20and%20retinoic%20acids%20regulation%20of%20p27%20expression&species=Homo%20sapiens
WikiPathways,7-oxo-C and 7-beta-HC pathways,https://www.wikipathways.org/search.html?query=7-oxo-C%20and%207-beta-HC%20pathways&species=Homo%20sapiens
WikiPathways,7q11.23 copy number variation syndrome,https://www.wikipathways.org/search.html?query=7q11.23%20copy%20number%20variation%20syndrome&species=Homo%20sapiens
WikiPathways,ACE inhibitor pathway,https://www.wikipathways.org/search.html?query=ACE%20inhibitor%20pathway&species=Homo%20sapiens
WikiPathways,AGE/RAGE pathway,https://www.wikipathways.org/search.html?query=AGE%2FRAGE%20pathway&species=Homo%20sapiens
WikiPathways,AMP-activated protein kinase signaling,https://www.wikipathways.org/search.html?query=AMP-activated%20protein%20kinase%20signaling&species=Homo%20sapiens
WikiPathways,ATM signaling in development and disease,https://www.wikipathways.org/search.html?query=ATM%20signaling%20in%20development%20and%20disease&species=Homo%20sapiens
WikiPathways,ATM signaling pathway,https://www.wikipathways.org/search.html?query=ATM%20signaling%20pathway&species=Homo%20sapiens
WikiPathways,ATR signaling,https://www.wikipathways.org/search.html?query=ATR%20signaling&species=Homo%20sapiens
WikiPathways,Acetylcholine synthesis,https://www.wikipathways.org/search.html?query=Acetylcholine%20synthesis&species=Homo%20sapiens
WikiPathways,Acquired partial lipodystrophy / Barraquer-Simons syndrome,https://www.wikipathways.org/search.html?query=Acquired%20partial%20lipodystrophy%20%2F%20Barraquer-Simons%20syndrome&species=Homo%20sapiens
WikiPathways,Activation of NLRP3 inflammasome by SARS-CoV-2,https://www.wikipathways.org/search.html?query=Activation%20of%20NLRP3%20inflammasome%20by%20SARS-CoV-2&species=Homo%20sapiens
WikiPathways,Acute viral myocarditis,https://www.wikipathways.org/search.html?query=Acute%20viral%20myocarditis&species=Homo%20sapiens
WikiPathways,Adipogenesis,https://www.wikipathways.org/search.html?query=Adipogenesis&species=Homo%20sapiens
WikiPathways,Aerobic glycolysis,https://www.wikipathways.org/search.html?query=Aerobic%20glycolysis&species=Homo%20sapiens
WikiPathways,Aflatoxin B1 metabolism,https://www.wikipathways.org/search.html?query=Aflatoxin%20B1%20metabolism&species=Homo%20sapiens
WikiPathways,Airway smooth muscle cell contraction,https://www.wikipathways.org/search.html?query=Airway%20smooth%20muscle%20cell%20contraction&species=Homo%20sapiens
WikiPathways,Alanine and aspartate metabolism,https://www.wikipathways.org/search.html?query=Alanine%20and%20aspartate%20metabolism&species=Homo%20sapiens
WikiPathways,Allograft rejection,https://www.wikipathways.org/search.html?query=Allograft%20rejection&species=Homo%20sapiens
WikiPathways,Alpha 6 beta 4 signaling pathway,https://www.wikipathways.org/search.html?query=Alpha%206%20beta%204%20signaling%20pathway&species=Homo%20sapiens
WikiPathways,Alstrom syndrome,https://www.wikipathways.org/search.html?query=Alstrom%20syndrome&species=Homo%20sapiens
WikiPathways,Altered glycosylation of MUC1 in tumor microenvironment,https://www.wikipathways.org/search.html?query=Altered%20glycosylation%20of%20MUC1%20in%20tumor%20microenvironment&species=Homo%20sapiens
WikiPathways,Alternative pathway of fetal androgen synthesis,https://www.wikipathways.org/search.html?query=Alternative%20pathway%20of%20fetal%20androgen%20synthesis&species=Homo%20sapiens
WikiPathways,Alzheimer's disease,https://www.wikipathways.org/search.html?query=Alzheimer%27s%20disease&species=Homo%20sapiens
WikiPathways,Alzheimer's disease and miRNA effects,https://www.wikipathways.org/search.html?query=Alzheimer%27s%20disease%20and%20miRNA%20effects&species=Homo%20sapiens
WikiPathways,Amino acid conjugation of benzoic acid,https://www.wikipathways.org/search.html?query=Amino%20acid%20conjugation%20of%20benzoic%20acid&species=Homo%20sapiens
WikiPathways,Amino acid metabolism,https://www.wikipathways.org/search.html?query=Amino%20acid%20metabolism&species=Homo%20sapiens
WikiPathways,Amino acid metabolism in triple-negative breast cancer cells,https://www.wikipathways.org/search.html?query=Amino%20acid%20metabolism%20in%20triple-negative%20breast%20cancer%20cells&species=Homo%20sapiens
WikiPathways,Amino acid metabolism pathway excerpt: histidine catabolism extension,https://www.wikipathways.org/search.html?query=Amino%20acid%20metabolism%20pathway%20excerpt%3A%20histidine%20catabolism%20extension&species=Homo%20sapiens
WikiPathways,Amino acid transport defects (IEMs),https://www.wikipathways.org/search.html?query=Amino%20acid%20transport%20defects%20%28IEMs%29&species=Homo%20sapiens
WikiPathways,Amplification and expansion of oncogenic pathways as metastatic traits,https://www.wikipathways.org/search.html?query=Amplification%20and%20expansion%20of%20oncogenic%20pathways%20as%20metastatic%20traits&species=Homo%20sapiens
WikiPathways,Amyotrophic lateral sclerosis (ALS),https://www.wikipathways.org/search.html?query=Amyotrophic%20lateral%20sclerosis%20%28ALS%29&species=Homo%20sapiens
WikiPathways,Androgen receptor network in prostate cancer,https://www.wikipathways.org/search.html?query=Androgen%20receptor%20network%20in%20prostate%20cancer&species=Homo%20sapiens
WikiPathways,Androgen receptor signaling pathway,https://www.wikipathways.org/search.html?query=Androgen%20receptor%20signaling%20pathway&species=Homo%20sapiens
WikiPathways,Angiogenesis,https://www.wikipathways.org/search.html?query=Angiogenesis&species=Homo%20sapiens
WikiPathways,Angiopoietin-like protein 8 regulatory pathway,https://www.wikipathways.org/search.html?query=Angiopoietin-like%20protein%208%20regulatory%20pathway&species=Homo%20sapiens
WikiPathways,Angiotensin II receptor type 1 pathway,https://www.wikipathways.org/search.html?query=Angiotensin%20II%20receptor%20type%201%20pathway&species=Homo%20sapiens
WikiPathways,Antiviral and anti-inflammatory effects of Nrf2 on SARS-CoV-2 pathway,https://www.wikipathways.org/search.html?query=Antiviral%20and%20anti-inflammatory%20effects%20of%20Nrf2%20on%20SARS-CoV-2%20pathway&species=Homo%20sapiens
WikiPathways,ApoE and miR-146 in inflammation and atherosclerosis,https://www.wikipathways.org/search.html?query=ApoE%20and%20miR-146%20in%20inflammation%20and%20atherosclerosis&species=Homo%20sapiens
WikiPathways,Apoptosis,https://www.wikipathways.org/search.html?query=Apoptosis&species=Homo%20sapiens
WikiPathways,Apoptosis modulation and signaling,https://www.wikipathways.org/search.html?query=Apoptosis%20modulation%20and%20signaling&species=Homo%20sapiens
WikiPathways,Apoptosis modulation by HSP70,https://www.wikipathways.org/search.html?query=Apoptosis%20modulation%20by%20HSP70&species=Homo%20sapiens
WikiPathways,Apoptosis-related network due to altered Notch3 in ovarian cancer,https://www.wikipathways.org/search.html?query=Apoptosis-related%20network%20due%20to%20altered%20Notch3%20in%20ovarian%20cancer&species=Homo%20sapiens
WikiPathways,Arachidonate epoxygenase / epoxide hydrolase,https://www.wikipathways.org/search.html?query=Arachidonate%20epoxygenase%20%2F%20epoxide%20hydrolase&species=Homo%20sapiens
WikiPathways,"Arachidonic acid (AA, ARA) oxylipin metabolism",https://www.wikipathways.org/search.html?query=Arachidonic%20acid%20%28AA%2C%20ARA%29%20oxylipin%20metabolism&species=Homo%20sapiens
WikiPathways,Aripiprazole metabolic pathway,https://www.wikipathways.org/search.html?query=Aripiprazole%20metabolic%20pathway&species=Homo%20sapiens
WikiPathways,Arrhythmogenic right ventricular cardiomyopathy,https://www.wikipathways.org/search.html?query=Arrhythmogenic%20right%20ventricular%20cardiomyopathy&species=Homo%20sapiens
WikiPathways,Arsenic metabolism and reactive oxygen species generation,https://www.wikipathways.org/search.html?query=Arsenic%20metabolism%20and%20reactive%20oxygen%20species%20generation&species=Homo%20sapiens
WikiPathways,Aryl hydrocarbon receptor pathway,https://www.wikipathways.org/search.html?query=Aryl%20hydrocarbon%20receptor%20pathway&species=Homo%20sapiens
WikiPathways,Arylamine metabolism,https://www.wikipathways.org/search.html?query=Arylamine%20metabolism&species=Homo%20sapiens
WikiPathways,Aspirin and miRNAs,https://www.wikipathways.org/search.html?query=Aspirin%20and%20miRNAs&species=Homo%20sapiens
WikiPathways,Autophagy,https://www.wikipathways.org/search.html?query=Autophagy&species=Homo%20sapiens
WikiPathways,Autosomal recessive osteopetrosis pathways,https://www.wikipathways.org/search.html?query=Autosomal%20recessive%20osteopetrosis%20pathways&species=Homo%20sapiens
WikiPathways,B cell receptor signaling pathway,https://www.wikipathways.org/search.html?query=B%20cell%20receptor%20signaling%20pathway&species=Homo%20sapiens
WikiPathways,BDNF-TrkB signaling,https://www.wikipathways.org/search.html?query=BDNF-TrkB%20signaling&species=Homo%20sapiens
WikiPathways,BMP signaling in eyelid development,https://www.wikipathways.org/search.html?query=BMP%20signaling%20in%20eyelid%20development&species=Homo%20sapiens
WikiPathways,BMP2-WNT4-FOXO1 pathway in primary endometrial stromal cell differentiation,https://www.wikipathways.org/search.html?query=BMP2-WNT4-FOXO1%20pathway%20in%20primary%20endometrial%20stromal%20cell%20differentiation&species=Homo%20sapiens
WikiPathways,Bardet-Biedl syndrome,https://www.wikipathways.org/search.html?query=Bardet-Biedl%20syndrome&species=Homo%20sapiens
WikiPathways,Base excision repair,https://www.wikipathways.org/search.html?query=Base%20excision%20repair&species=Homo%20sapiens
WikiPathways,Benzene metabolism,https://www.wikipathways.org/search.html?query=Benzene%20metabolism&species=Homo%20sapiens
WikiPathways,Benzo(a)pyrene metabolism,https://www.wikipathways.org/search.html?query=Benzo%28a%29pyrene%20metabolism&species=Homo%20sapiens
WikiPathways,Bile acids synthesis and enterohepatic circulation,https://www.wikipathways.org/search.html?query=Bile%20acids%20synthesis%20and%20enterohepatic%20circulation&species=Homo%20sapiens
WikiPathways,Biogenic amine synthesis,https://www.wikipathways.org/search.html?query=Biogenic%20amine%20synthesis&species=Homo%20sapiens
WikiPathways,Biomarkers for pyrimidine metabolism disorders,https://www.wikipathways.org/search.html?query=Biomarkers%20for%20pyrimidine%20metabolism%20disorders&species=Homo%20sapiens
WikiPathways,Biomarkers for urea cycle disorders,https://www.wikipathways.org/search.html?query=Biomarkers%20for%20urea%20cycle%20disorders&species=Homo%20sapiens
WikiPathways,Biosynthesis and regeneration of tetrahydrobiopterin and catabolism of phenylalanine,https://www.wikipathways.org/search.html?query=Biosynthesis%20and%20regeneration%20of%20tetrahydrobiopterin%20and%20catabolism%20of%20phenylalanine&species=Homo%20sapiens
WikiPathways,Biosynthesis and turnover of 1-deoxy-sphingoid bases,https://www.wikipathways.org/search.html?query=Biosynthesis%20and%20turnover%20of%201-deoxy-sphingoid%20bases&species=Homo%20sapiens
WikiPathways,"Biotin metabolism, including IMDs",https://www.wikipathways.org/search.html?query=Biotin%20metabolism%2C%20including%20IMDs&species=Homo%20sapiens
WikiPathways,Bladder cancer,https://www.wikipathways.org/search.html?query=Bladder%20cancer&species=Homo%20sapiens
WikiPathways,Blood clotting cascade,https://www.wikipathways.org/search.html?query=Blood%20clotting%20cascade&species=Homo%20sapiens
WikiPathways,Bone morphogenic protein signaling and regulation,https://www.wikipathways.org/search.html?query=Bone%20morphogenic%20protein%20signaling%20and%20regulation&species=Homo%20sapiens
WikiPathways,Brain-derived neurotrophic factor (BDNF) signaling pathway,https://www.wikipathways.org/search.html?query=Brain-derived%20neurotrophic%20factor%20%28BDNF%29%20signaling%20pathway&species=Homo%20sapiens
WikiPathways,Breast cancer pathway,https://www.wikipathways.org/search.html?query=Breast%20cancer%20pathway&species=Homo%20sapiens
WikiPathways,Burn wound healing,https://www.wikipathways.org/search.html?query=Burn%20wound%20healing&species=Homo%20sapiens
WikiPathways,Butyrate-induced histone acetylation,https://www.wikipathways.org/search.html?query=Butyrate-induced%20histone%20acetylation&species=Homo%20sapiens
WikiPathways,CAMKK2 pathway,https://www.wikipathways.org/search.html?query=CAMKK2%20pathway&species=Homo%20sapiens
WikiPathways,CCL18 signaling pathway,https://www.wikipathways.org/search.html?query=CCL18%20signaling%20pathway&species=Homo%20sapiens
WikiPathways,CKAP4 signaling pathway map,https://www.wikipathways.org/search.html?query=CKAP4%20signaling%20pathway%20map&species=Homo%20sapiens
WikiPathways,COVID-19 adverse outcome pathway,https://www.wikipathways.org/search.html?query=COVID-19%20adverse%20outcome%20pathway&species=Homo%20sapiens
WikiPathways,COVID-19 and endothelial cell senescence,https://www.wikipathways.org/search.html?query=COVID-19%20and%20endothelial%20cell%20senescence&species=Homo%20sapiens
WikiPathways,"COVID-19, thrombosis and anticoagulation",https://www.wikipathways.org/search.html?query=COVID-19%2C%20thrombosis%20and%20anticoagulation&species=Homo%20sapiens
WikiPathways,Caffeine and theobromine metabolism,https://www.wikipathways.org/search.html?query=Caffeine%20and%20theobromine%20metabolism&species=Homo%20sapiens
WikiPathways,Calcium regulation in cardiac cells,https://www.wikipathways.org/search.html?query=Calcium%20regulation%20in%20cardiac%20cells&species=Homo%20sapiens
WikiPathways,Caloric restriction and aging,https://www.wikipathways.org/search.html?query=Caloric%20restriction%20and%20aging&species=Homo%20sapiens
WikiPathways,Cancer immunotherapy by CTLA4 blockade,https://www.wikipathways.org/search.html?query=Cancer%20immunotherapy%20by%20CTLA4%20blockade&species=Homo%20sapiens
WikiPathways,Cancer immunotherapy by PD-1 blockade,https://www.wikipathways.org/search.html?query=Cancer%20immunotherapy%20by%20PD-1%20blockade&species=Homo%20sapiens
WikiPathways,Cannabinoid receptor signaling,https://www.wikipathways.org/search.html?query=Cannabinoid%20receptor%20signaling&species=Homo%20sapiens
WikiPathways,Canonical NF-kB pathway,https://www.wikipathways.org/search.html?query=Canonical%20NF-kB%20pathway&species=Homo%20sapiens
WikiPathways,Canonical and non-canonical Notch signaling,https://www.wikipathways.org/search.html?query=Canonical%20and%20non-canonical%20Notch%20signaling&species=Homo%20sapiens
WikiPathways,Canonical and non-canonical TGF-B signaling,https://www.wikipathways.org/search.html?query=Canonical%20and%20non-canonical%20TGF-B%20signaling&species=Homo%20sapiens
WikiPathways,Cardiac hypertrophic response,https://www.wikipathways.org/search.html?query=Cardiac%20hypertrophic%20response&species=Homo%20sapiens
WikiPathways,Cardiac progenitor differentiation,https://www.wikipathways.org/search.html?query=Cardiac%20progenitor%20differentiation&species=Homo%20sapiens
WikiPathways,Carnosine metabolism of glial cells,https://www.wikipathways.org/search.html?query=Carnosine%20metabolism%20of%20glial%20cells&species=Homo%20sapiens
WikiPathways,Catalytic cycle of mammalian flavin-containing monooxygenases (FMOs),https://www.wikipathways.org/search.html?query=Catalytic%20cycle%20of%20mammalian%20flavin-containing%20monooxygenases%20%28FMOs%29&species=Homo%20sapiens
WikiPathways,Cell cycle,https://www.wikipathways.org/search.html?query=Cell%20cycle&species=Homo%20sapiens
WikiPathways,Cell differentiation - expanded index,https://www.wikipathways.org/search.html?query=Cell%20differentiation%20-%20expanded%20index&species=Homo%20sapiens
WikiPathways,Cell differentiation - index,https://www.wikipathways.org/search.html?query=Cell%20differentiation%20-%20index&species=Homo%20sapiens
WikiPathways,Cell interactions of the pancreatic cancer microenvironment,https://www.wikipathways.org/search.html?query=Cell%20interactions%20of%20the%20pancreatic%20cancer%20microenvironment&species=Homo%20sapiens
WikiPathways,Cell-type dependent selectivity of CCK2R signaling,https://www.wikipathways.org/search.html?query=Cell-type%20dependent%20selectivity%20of%20CCK2R%20signaling&species=Homo%20sapiens
WikiPathways,Cells and molecules involved in local acute inflammatory response,https://www.wikipathways.org/search.html?query=Cells%20and%20molecules%20involved%20in%20local%20acute%20inflammatory%20response&species=Homo%20sapiens
WikiPathways,Cellular proteostasis,https://www.wikipathways.org/search.html?query=Cellular%20proteostasis&species=Homo%20sapiens
WikiPathways,"Cerebral organic acidurias, including diseases",https://www.wikipathways.org/search.html?query=Cerebral%20organic%20acidurias%2C%20including%20diseases&species=Homo%20sapiens
WikiPathways,Chemokine signaling pathway,https://www.wikipathways.org/search.html?query=Chemokine%20signaling%20pathway&species=Homo%20sapiens
WikiPathways,Cholestasis,https://www.wikipathways.org/search.html?query=Cholestasis&species=Homo%20sapiens
WikiPathways,Cholesterol biosynthesis pathway,https://www.wikipathways.org/search.html?query=Cholesterol%20biosynthesis%20pathway&species=Homo%20sapiens
WikiPathways,Cholesterol biosynthesis pathway in hepatocytes,https://www.wikipathways.org/search.html?query=Cholesterol%20biosynthesis%20pathway%20in%20hepatocytes&species=Homo%20sapiens
WikiPathways,Cholesterol biosynthesis with skeletal dysplasias,https://www.wikipathways.org/search.html?query=Cholesterol%20biosynthesis%20with%20skeletal%20dysplasias&species=Homo%20sapiens
WikiPathways,Cholesterol metabolism,https://www.wikipathways.org/search.html?query=Cholesterol%20metabolism&species=Homo%20sapiens
WikiPathways,Cholesterol metabolism with Bloch and Kandutsch-Russell pathways,https://www.wikipathways.org/search.html?query=Cholesterol%20metabolism%20with%20Bloch%20and%20Kandutsch-Russell%20pathways&species=Homo%20sapiens
WikiPathways,Cholesterol synthesis disorders,https://www.wikipathways.org/search.html?query=Cholesterol%20synthesis%20disorders&species=Homo%20sapiens
WikiPathways,Chromosomal and microsatellite instability in colorectal cancer,https://www.wikipathways.org/search.html?query=Chromosomal%20and%20microsatellite%20instability%20in%20colorectal%20cancer&species=Homo%20sapiens
WikiPathways,Chronic hyperglycemia impairment of neuron function,https://www.wikipathways.org/search.html?query=Chronic%20hyperglycemia%20impairment%20of%20neuron%20function&species=Homo%20sapiens
WikiPathways,Ciliary landscape,https://www.wikipathways.org/search.html?query=Ciliary%20landscape&species=Homo%20sapiens
WikiPathways,Ciliopathies,https://www.wikipathways.org/search.html?query=Ciliopathies&species=Homo%20sapiens
WikiPathways,Circadian rhythm genes,https://www.wikipathways.org/search.html?query=Circadian%20rhythm%20genes&species=Homo%20sapiens
WikiPathways,Classical pathway of steroidogenesis with glucocorticoid and mineralocorticoid metabolism,https://www.wikipathways.org/search.html?query=Classical%20pathway%20of%20steroidogenesis%20with%20glucocorticoid%20and%20mineralocorticoid%20metabolism&species=Homo%20sapiens
WikiPathways,Clear cell renal cell carcinoma pathways,https://www.wikipathways.org/search.html?query=Clear%20cell%20renal%20cell%20carcinoma%20pathways&species=Homo%20sapiens
WikiPathways,Clock-controlled autophagy in bone metabolism,https://www.wikipathways.org/search.html?query=Clock-controlled%20autophagy%20in%20bone%20metabolism&species=Homo%20sapiens
WikiPathways,Cocaine metabolism,https://www.wikipathways.org/search.html?query=Cocaine%20metabolism&species=Homo%20sapiens
WikiPathways,Codeine and morphine metabolism,https://www.wikipathways.org/search.html?query=Codeine%20and%20morphine%20metabolism&species=Homo%20sapiens
WikiPathways,Cohesin complex - Cornelia de Lange syndrome,https://www.wikipathways.org/search.html?query=Cohesin%20complex%20-%20Cornelia%20de%20Lange%20syndrome&species=Homo%20sapiens
WikiPathways,Common pathways underlying drug addiction,https://www.wikipathways.org/search.html?query=Common%20pathways%20underlying%20drug%20addiction&species=Homo%20sapiens
WikiPathways,Complement activation,https://www.wikipathways.org/search.html?query=Complement%20activation&species=Homo%20sapiens
WikiPathways,Complement and coagulation cascades,https://www.wikipathways.org/search.html?query=Complement%20and%20coagulation%20cascades&species=Homo%20sapiens
WikiPathways,Complement system,https://www.wikipathways.org/search.html?query=Complement%20system&species=Homo%20sapiens
WikiPathways,Complement system in neuronal development and plasticity,https://www.wikipathways.org/search.html?query=Complement%20system%20in%20neuronal%20development%20and%20plasticity&species=Homo%20sapiens
WikiPathways,Congenital generalized lipodystrophy,https://www.wikipathways.org/search.html?query=Congenital%20generalized%20lipodystrophy&species=Homo%20sapiens
WikiPathways,Constitutive androstane receptor pathway,https://www.wikipathways.org/search.html?query=Constitutive%20androstane%20receptor%20pathway&species=Homo%20sapiens
WikiPathways,Control of immune tolerance by vasoactive intestinal peptide,https://www.wikipathways.org/search.html?query=Control%20of%20immune%20tolerance%20by%20vasoactive%20intestinal%20peptide&species=Homo%20sapiens
WikiPathways,Conversion of angiotensinogen to angiotensin II,https://www.wikipathways.org/search.html?query=Conversion%20of%20angiotensinogen%20to%20angiotensin%20II&species=Homo%20sapiens
WikiPathways,Copper homeostasis,https://www.wikipathways.org/search.html?query=Copper%20homeostasis&species=Homo%20sapiens
WikiPathways,Copper metabolism,https://www.wikipathways.org/search.html?query=Copper%20metabolism&species=Homo%20sapiens
WikiPathways,Cori cycle,https://www.wikipathways.org/search.html?query=Cori%20cycle&species=Homo%20sapiens
WikiPathways,Corticotropin-releasing hormone signaling pathway,https://www.wikipathways.org/search.html?query=Corticotropin-releasing%20hormone%20signaling%20pathway&species=Homo%20sapiens
WikiPathways,Creatine pathway,https://www.wikipathways.org/search.html?query=Creatine%20pathway&species=Homo%20sapiens
WikiPathways,Cysteine and methionine catabolism,https://www.wikipathways.org/search.html?query=Cysteine%20and%20methionine%20catabolism&species=Homo%20sapiens
WikiPathways,Cytokines and inflammatory response,https://www.wikipathways.org/search.html?query=Cytokines%20and%20inflammatory%20response&species=Homo%20sapiens
WikiPathways,Cytoplasmic ribosomal proteins,https://www.wikipathways.org/search.html?query=Cytoplasmic%20ribosomal%20proteins&species=Homo%20sapiens
WikiPathways,Cytosine methylation,https://www.wikipathways.org/search.html?query=Cytosine%20methylation&species=Homo%20sapiens
WikiPathways,Cytosolic DNA-sensing pathway,https://www.wikipathways.org/search.html?query=Cytosolic%20DNA-sensing%20pathway&species=Homo%20sapiens
WikiPathways,DDX1 as a regulatory component of the Drosha microprocessor,https://www.wikipathways.org/search.html?query=DDX1%20as%20a%20regulatory%20component%20of%20the%20Drosha%20microprocessor&species=Homo%20sapiens
WikiPathways,DNA IR-damage and cellular response via ATR,https://www.wikipathways.org/search.html?query=DNA%20IR-damage%20and%20cellular%20response%20via%20ATR&species=Homo%20sapiens
WikiPathways,DNA IR-double strand breaks and cellular response via ATM,https://www.wikipathways.org/search.html?query=DNA%20IR-double%20strand%20breaks%20and%20cellular%20response%20via%20ATM&species=Homo%20sapiens
WikiPathways,DNA damage response,https://www.wikipathways.org/search.html?query=DNA%20damage%20response&species=Homo%20sapiens
WikiPathways,DNA damage response (only ATM dependent),https://www.wikipathways.org/search.html?query=DNA%20damage%20response%20%28only%20ATM%20dependent%29&species=Homo%20sapiens
WikiPathways,DNA mismatch repair,https://www.wikipathways.org/search.html?query=DNA%20mismatch%20repair&species=Homo%20sapiens
WikiPathways,"DNA repair pathways, full network",https://www.wikipathways.org/search.html?query=DNA%20repair%20pathways%2C%20full%20network&species=Homo%20sapiens
WikiPathways,DNA replication,https://www.wikipathways.org/search.html?query=DNA%20replication&species=Homo%20sapiens
WikiPathways,DYRK1A,https://www.wikipathways.org/search.html?query=DYRK1A&species=Homo%20sapiens
WikiPathways,"Degradation pathway of sphingolipids, including diseases",https://www.wikipathways.org/search.html?query=Degradation%20pathway%20of%20sphingolipids%2C%20including%20diseases&species=Homo%20sapiens
WikiPathways,Deregulation of Rab and Rab effector genes in bladder cancer,https://www.wikipathways.org/search.html?query=Deregulation%20of%20Rab%20and%20Rab%20effector%20genes%20in%20bladder%20cancer&species=Homo%20sapiens
WikiPathways,Development and heterogeneity of the ILC family,https://www.wikipathways.org/search.html?query=Development%20and%20heterogeneity%20of%20the%20ILC%20family&species=Homo%20sapiens
WikiPathways,Development of pulmonary dendritic cells and macrophage subsets,https://www.wikipathways.org/search.html?query=Development%20of%20pulmonary%20dendritic%20cells%20and%20macrophage%20subsets&species=Homo%20sapiens
WikiPathways,Development of ureteric collection system,https://www.wikipathways.org/search.html?query=Development%20of%20ureteric%20collection%20system&species=Homo%20sapiens
WikiPathways,Diclofenac metabolic pathway,https://www.wikipathways.org/search.html?query=Diclofenac%20metabolic%20pathway&species=Homo%20sapiens
WikiPathways,Differentiation of white and brown adipocyte,https://www.wikipathways.org/search.html?query=Differentiation%20of%20white%20and%20brown%20adipocyte&species=Homo%20sapiens
WikiPathways,Direct reversal repair,https://www.wikipathways.org/search.html?query=Direct%20reversal%20repair&species=Homo%20sapiens
WikiPathways,Disorders in ketolysis,https://www.wikipathways.org/search.html?query=Disorders%20in%20ketolysis&species=Homo%20sapiens
WikiPathways,Disorders in ketone body synthesis,https://www.wikipathways.org/search.html?query=Disorders%20in%20ketone%20body%20synthesis&species=Homo%20sapiens
WikiPathways,Disorders of bile acid synthesis and biliary transport,https://www.wikipathways.org/search.html?query=Disorders%20of%20bile%20acid%20synthesis%20and%20biliary%20transport&species=Homo%20sapiens
WikiPathways,Disorders of folate metabolism and transport,https://www.wikipathways.org/search.html?query=Disorders%20of%20folate%20metabolism%20and%20transport&species=Homo%20sapiens
WikiPathways,Disorders of fructose metabolism,https://www.wikipathways.org/search.html?query=Disorders%20of%20fructose%20metabolism&species=Homo%20sapiens
WikiPathways,Disorders of galactose metabolism,https://www.wikipathways.org/search.html?query=Disorders%20of%20galactose%20metabolism&species=Homo%20sapiens
WikiPathways,Disruption of postsynaptic signaling by CNV,https://www.wikipathways.org/search.html?query=Disruption%20of%20postsynaptic%20signaling%20by%20CNV&species=Homo%20sapiens
WikiPathways,Docosahexaenoic acid oxylipin metabolism,https://www.wikipathways.org/search.html?query=Docosahexaenoic%20acid%20oxylipin%20metabolism&species=Homo%20sapiens
WikiPathways,Dopamine metabolism,https://www.wikipathways.org/search.html?query=Dopamine%20metabolism&species=Homo%20sapiens
WikiPathways,Dopaminergic neurogenesis,https://www.wikipathways.org/search.html?query=Dopaminergic%20neurogenesis&species=Homo%20sapiens
WikiPathways,Downregulation of ACE2 by SARS-CoV-2 spike protein,https://www.wikipathways.org/search.html?query=Downregulation%20of%20ACE2%20by%20SARS-CoV-2%20spike%20protein&species=Homo%20sapiens
WikiPathways,Dravet syndrome,https://www.wikipathways.org/search.html?query=Dravet%20syndrome&species=Homo%20sapiens
WikiPathways,Drug induction of bile acid pathway,https://www.wikipathways.org/search.html?query=Drug%20induction%20of%20bile%20acid%20pathway&species=Homo%20sapiens
WikiPathways,Dual hijack model of Vif in HIV infection,https://www.wikipathways.org/search.html?query=Dual%20hijack%20model%20of%20Vif%20in%20HIV%20infection&species=Homo%20sapiens
WikiPathways,EDA signaling in hair follicle development,https://www.wikipathways.org/search.html?query=EDA%20signaling%20in%20hair%20follicle%20development&species=Homo%20sapiens
WikiPathways,EGF/EGFR signaling pathway,https://www.wikipathways.org/search.html?query=EGF%2FEGFR%20signaling%20pathway&species=Homo%20sapiens
WikiPathways,EGFR tyrosine kinase inhibitor resistance,https://www.wikipathways.org/search.html?query=EGFR%20tyrosine%20kinase%20inhibitor%20resistance&species=Homo%20sapiens
WikiPathways,EPO receptor signaling,https://www.wikipathways.org/search.html?query=EPO%20receptor%20signaling&species=Homo%20sapiens
WikiPathways,ERK pathway in Huntington's disease,https://www.wikipathways.org/search.html?query=ERK%20pathway%20in%20Huntington%27s%20disease&species=Homo%20sapiens
WikiPathways,EV release from cardiac cells and their functional effects,https://www.wikipathways.org/search.html?query=EV%20release%20from%20cardiac%20cells%20and%20their%20functional%20effects&species=Homo%20sapiens
WikiPathways,Ebola virus infection in host,https://www.wikipathways.org/search.html?query=Ebola%20virus%20infection%20in%20host&species=Homo%20sapiens
WikiPathways,Ebstein-Barr virus LMP1 signaling,https://www.wikipathways.org/search.html?query=Ebstein-Barr%20virus%20LMP1%20signaling&species=Homo%20sapiens
WikiPathways,Ectoderm differentiation,https://www.wikipathways.org/search.html?query=Ectoderm%20differentiation&species=Homo%20sapiens
WikiPathways,Effect of intestinal microbiome on anticoagulant response of vitamin K antagonists,https://www.wikipathways.org/search.html?query=Effect%20of%20intestinal%20microbiome%20on%20anticoagulant%20response%20of%20vitamin%20K%20antagonists&species=Homo%20sapiens
WikiPathways,Effect of progerin on genes involved in Hutchinson-Gilford progeria syndrome,https://www.wikipathways.org/search.html?query=Effect%20of%20progerin%20on%20genes%20involved%20in%20Hutchinson-Gilford%20progeria%20syndrome&species=Homo%20sapiens
WikiPathways,Effects of nitric oxide,https://www.wikipathways.org/search.html?query=Effects%20of%20nitric%20oxide&species=Homo%20sapiens
WikiPathways,Eicosanoid metabolism via cyclooxygenases (COX),https://www.wikipathways.org/search.html?query=Eicosanoid%20metabolism%20via%20cyclooxygenases%20%28COX%29&species=Homo%20sapiens
WikiPathways,Eicosanoid metabolism via cytochrome P450 monooxygenases pathway,https://www.wikipathways.org/search.html?query=Eicosanoid%20metabolism%20via%20cytochrome%20P450%20monooxygenases%20pathway&species=Homo%20sapiens
WikiPathways,Eicosanoid metabolism via lipooxygenases (LOX),https://www.wikipathways.org/search.html?query=Eicosanoid%20metabolism%20via%20lipooxygenases%20%28LOX%29&species=Homo%20sapiens
WikiPathways,Eicosanoid synthesis,https://www.wikipathways.org/search.html?query=Eicosanoid%20synthesis&species=Homo%20sapiens
WikiPathways,Electron transport chain: OXPHOS system in mitochondria,https://www.wikipathways.org/search.html?query=Electron%20transport%20chain%3A%20OXPHOS%20system%20in%20mitochondria&species=Homo%20sapiens
WikiPathways,Embryonic stem cell pluripotency pathways,https://www.wikipathways.org/search.html?query=Embryonic%20stem%20cell%20pluripotency%20pathways&species=Homo%20sapiens
WikiPathways,Endochondral ossification,https://www.wikipathways.org/search.html?query=Endochondral%20ossification&species=Homo%20sapiens
WikiPathways,Endoderm differentiation,https://www.wikipathways.org/search.html?query=Endoderm%20differentiation&species=Homo%20sapiens
WikiPathways,Endometrial cancer,https://www.wikipathways.org/search.html?query=Endometrial%20cancer&species=Homo%20sapiens
WikiPathways,Endoplasmic reticulum stress response in coronavirus infection,https://www.wikipathways.org/search.html?query=Endoplasmic%20reticulum%20stress%20response%20in%20coronavirus%20infection&species=Homo%20sapiens
WikiPathways,Endothelin pathways,https://www.wikipathways.org/search.html?query=Endothelin%20pathways&species=Homo%20sapiens
WikiPathways,Energy metabolism,https://www.wikipathways.org/search.html?query=Energy%20metabolism&species=Homo%20sapiens
WikiPathways,Envelope proteins and their potential roles in EDMD physiopathology,https://www.wikipathways.org/search.html?query=Envelope%20proteins%20and%20their%20potential%20roles%20in%20EDMD%20physiopathology&species=Homo%20sapiens
WikiPathways,Epithelial to mesenchymal transition in colorectal cancer,https://www.wikipathways.org/search.html?query=Epithelial%20to%20mesenchymal%20transition%20in%20colorectal%20cancer&species=Homo%20sapiens
WikiPathways,ErbB signaling pathway,https://www.wikipathways.org/search.html?query=ErbB%20signaling%20pathway&species=Homo%20sapiens
WikiPathways,Estradiol regulation in porto-sinusoidal vascular disease,https://www.wikipathways.org/search.html?query=Estradiol%20regulation%20in%20porto-sinusoidal%20vascular%20disease&species=Homo%20sapiens
WikiPathways,Estrogen metabolism,https://www.wikipathways.org/search.html?query=Estrogen%20metabolism&species=Homo%20sapiens
WikiPathways,Estrogen receptor pathway,https://www.wikipathways.org/search.html?query=Estrogen%20receptor%20pathway&species=Homo%20sapiens
WikiPathways,Estrogen signaling pathway,https://www.wikipathways.org/search.html?query=Estrogen%20signaling%20pathway&species=Homo%20sapiens
WikiPathways,Ethanol effects on histone modifications,https://www.wikipathways.org/search.html?query=Ethanol%20effects%20on%20histone%20modifications&species=Homo%20sapiens
WikiPathways,Ethanol metabolism production of ROS by CYP2E1,https://www.wikipathways.org/search.html?query=Ethanol%20metabolism%20production%20of%20ROS%20by%20CYP2E1&species=Homo%20sapiens
WikiPathways,Ether lipid biosynthesis,https://www.wikipathways.org/search.html?query=Ether%20lipid%20biosynthesis&species=Homo%20sapiens
WikiPathways,Ethylmalonic encephalopathy,https://www.wikipathways.org/search.html?query=Ethylmalonic%20encephalopathy&species=Homo%20sapiens
WikiPathways,Eukaryotic transcription initiation,https://www.wikipathways.org/search.html?query=Eukaryotic%20transcription%20initiation&species=Homo%20sapiens
WikiPathways,Evolocumab mechanism to reduce LDL cholesterol,https://www.wikipathways.org/search.html?query=Evolocumab%20mechanism%20to%20reduce%20LDL%20cholesterol&species=Homo%20sapiens
WikiPathways,Exercise-induced circadian regulation,https://www.wikipathways.org/search.html?query=Exercise-induced%20circadian%20regulation&species=Homo%20sapiens
WikiPathways,Extracellular vesicle-mediated signaling in recipient cells,https://www.wikipathways.org/search.html?query=Extracellular%20vesicle-mediated%20signaling%20in%20recipient%20cells&species=Homo%20sapiens
WikiPathways,Extracellular vesicles in the crosstalk of cardiac cells,https://www.wikipathways.org/search.html?query=Extracellular%20vesicles%20in%20the%20crosstalk%20of%20cardiac%20cells&species=Homo%20sapiens
WikiPathways,Extrafollicular and follicular B cell activation by SARS-CoV-2,https://www.wikipathways.org/search.html?query=Extrafollicular%20and%20follicular%20B%20cell%20activation%20by%20SARS-CoV-2&species=Homo%20sapiens
WikiPathways,FABP4 in ovarian cancer,https://www.wikipathways.org/search.html?query=FABP4%20in%20ovarian%20cancer&species=Homo%20sapiens
WikiPathways,FBXL10 enhancement of MAP/ERK signaling in diffuse large B-cell lymphoma,https://www.wikipathways.org/search.html?query=FBXL10%20enhancement%20of%20MAP%2FERK%20signaling%20in%20diffuse%20large%20B-cell%20lymphoma&species=Homo%20sapiens
WikiPathways,FGF23 signaling in hypophosphatemic rickets and related disorders,https://www.wikipathways.org/search.html?query=FGF23%20signaling%20in%20hypophosphatemic%20rickets%20and%20related%20disorders&species=Homo%20sapiens
WikiPathways,FGFR3 signaling in chondrocyte proliferation and terminal differentiation,https://www.wikipathways.org/search.html?query=FGFR3%20signaling%20in%20chondrocyte%20proliferation%20and%20terminal%20differentiation&species=Homo%20sapiens
WikiPathways,FOXA2 pathway,https://www.wikipathways.org/search.html?query=FOXA2%20pathway&species=Homo%20sapiens
WikiPathways,FOXP3 in COVID-19,https://www.wikipathways.org/search.html?query=FOXP3%20in%20COVID-19&species=Homo%20sapiens
WikiPathways,FTO obesity variant mechanism,https://www.wikipathways.org/search.html?query=FTO%20obesity%20variant%20mechanism&species=Homo%20sapiens
WikiPathways,Factors and pathways affecting insulin-like growth factor (IGF1)-Akt signaling,https://www.wikipathways.org/search.html?query=Factors%20and%20pathways%20affecting%20insulin-like%20growth%20factor%20%28IGF1%29-Akt%20signaling&species=Homo%20sapiens
WikiPathways,Familial hyperlipidemia type 1,https://www.wikipathways.org/search.html?query=Familial%20hyperlipidemia%20type%201&species=Homo%20sapiens
WikiPathways,Familial hyperlipidemia type 2,https://www.wikipathways.org/search.html?query=Familial%20hyperlipidemia%20type%202&species=Homo%20sapiens
WikiPathways,Familial hyperlipidemia type 3,https://www.wikipathways.org/search.html?query=Familial%20hyperlipidemia%20type%203&species=Homo%20sapiens
WikiPathways,Familial hyperlipidemia type 4,https://www.wikipathways.org/search.html?query=Familial%20hyperlipidemia%20type%204&species=Homo%20sapiens
WikiPathways,Familial hyperlipidemia type 5,https://www.wikipathways.org/search.html?query=Familial%20hyperlipidemia%20type%205&species=Homo%20sapiens
WikiPathways,Familial partial lipodystrophy,https://www.wikipathways.org/search.html?query=Familial%20partial%20lipodystrophy&species=Homo%20sapiens
WikiPathways,Farnesoid X receptor pathway,https://www.wikipathways.org/search.html?query=Farnesoid%20X%20receptor%20pathway&species=Homo%20sapiens
WikiPathways,Fas ligand pathway and stress induction of heat shock proteins,https://www.wikipathways.org/search.html?query=Fas%20ligand%20pathway%20and%20stress%20induction%20of%20heat%20shock%20proteins&species=Homo%20sapiens
WikiPathways,Fatty Acids and Lipoproteins Transport in Hepatocytes,https://www.wikipathways.org/search.html?query=Fatty%20Acids%20and%20Lipoproteins%20Transport%20in%20Hepatocytes&species=Homo%20sapiens
WikiPathways,Fatty acid beta-oxidation,https://www.wikipathways.org/search.html?query=Fatty%20acid%20beta-oxidation&species=Homo%20sapiens
WikiPathways,Fatty acid biosynthesis,https://www.wikipathways.org/search.html?query=Fatty%20acid%20biosynthesis&species=Homo%20sapiens
WikiPathways,Fatty acid omega-oxidation,https://www.wikipathways.org/search.html?query=Fatty%20acid%20omega-oxidation&species=Homo%20sapiens
WikiPathways,Fatty acid transporters,https://www.wikipathways.org/search.html?query=Fatty%20acid%20transporters&species=Homo%20sapiens
WikiPathways,Felbamate metabolism,https://www.wikipathways.org/search.html?query=Felbamate%20metabolism&species=Homo%20sapiens
WikiPathways,Female steroid hormones in cardiomyocyte energy metabolism,https://www.wikipathways.org/search.html?query=Female%20steroid%20hormones%20in%20cardiomyocyte%20energy%20metabolism&species=Homo%20sapiens
WikiPathways,Ferroptosis,https://www.wikipathways.org/search.html?query=Ferroptosis&species=Homo%20sapiens
WikiPathways,Fibrin complement receptor 3 signaling pathway,https://www.wikipathways.org/search.html?query=Fibrin%20complement%20receptor%203%20signaling%20pathway&species=Homo%20sapiens
WikiPathways,Fluoroacetic acid toxicity,https://www.wikipathways.org/search.html?query=Fluoroacetic%20acid%20toxicity&species=Homo%20sapiens
WikiPathways,Fluoropyrimidine activity,https://www.wikipathways.org/search.html?query=Fluoropyrimidine%20activity&species=Homo%20sapiens
WikiPathways,Focal adhesion,https://www.wikipathways.org/search.html?query=Focal%20adhesion&species=Homo%20sapiens
WikiPathways,Focal adhesion: PI3K-Akt-mTOR-signaling pathway,https://www.wikipathways.org/search.html?query=Focal%20adhesion%3A%20PI3K-Akt-mTOR-signaling%20pathway&species=Homo%20sapiens
WikiPathways,Folate metabolism,https://www.wikipathways.org/search.html?query=Folate%20metabolism&species=Homo%20sapiens
WikiPathways,Folate-alcohol and cancer pathway hypotheses,https://www.wikipathways.org/search.html?query=Folate-alcohol%20and%20cancer%20pathway%20hypotheses&species=Homo%20sapiens
WikiPathways,Follicle stimulating hormone (FSH) signaling pathway,https://www.wikipathways.org/search.html?query=Follicle%20stimulating%20hormone%20%28FSH%29%20signaling%20pathway&species=Homo%20sapiens
WikiPathways,Fragile X syndrome,https://www.wikipathways.org/search.html?query=Fragile%20X%20syndrome&species=Homo%20sapiens
WikiPathways,G protein signaling pathways,https://www.wikipathways.org/search.html?query=G%20protein%20signaling%20pathways&species=Homo%20sapiens
WikiPathways,G1 to S cell cycle control,https://www.wikipathways.org/search.html?query=G1%20to%20S%20cell%20cycle%20control&species=Homo%20sapiens
WikiPathways,G13 signaling pathway,https://www.wikipathways.org/search.html?query=G13%20signaling%20pathway&species=Homo%20sapiens
WikiPathways,GABA metabolism (aka GHB),https://www.wikipathways.org/search.html?query=GABA%20metabolism%20%28aka%20GHB%29&species=Homo%20sapiens
WikiPathways,GABA receptor signaling,https://www.wikipathways.org/search.html?query=GABA%20receptor%20signaling&species=Homo%20sapiens
WikiPathways,GDNF signaling,https://www.wikipathways.org/search.html?query=GDNF%20signaling&species=Homo%20sapiens
WikiPathways,GDNF/RET signaling axis,https://www.wikipathways.org/search.html?query=GDNF%2FRET%20signaling%20axis&species=Homo%20sapiens
WikiPathways,"GPCRs, class A rhodopsin-like",https://www.wikipathways.org/search.html?query=GPCRs%2C%20class%20A%20rhodopsin-like&species=Homo%20sapiens
WikiPathways,"GPCRs, class B secretin-like",https://www.wikipathways.org/search.html?query=GPCRs%2C%20class%20B%20secretin-like&species=Homo%20sapiens
WikiPathways,"GPCRs, class C metabotropic glutamate, pheromone",https://www.wikipathways.org/search.html?query=GPCRs%2C%20class%20C%20metabotropic%20glutamate%2C%20pheromone&species=Homo%20sapiens
WikiPathways,"GPCRs, other",https://www.wikipathways.org/search.html?query=GPCRs%2C%20other&species=Homo%20sapiens
WikiPathways,GPR143 in melanocytes and retinal pigment epithelium cells,https://www.wikipathways.org/search.html?query=GPR143%20in%20melanocytes%20and%20retinal%20pigment%20epithelium%20cells&species=Homo%20sapiens
WikiPathways,GPR40 pathway,https://www.wikipathways.org/search.html?query=GPR40%20pathway&species=Homo%20sapiens
WikiPathways,Galanin receptor pathway,https://www.wikipathways.org/search.html?query=Galanin%20receptor%20pathway&species=Homo%20sapiens
WikiPathways,"Gamma-glutamyl cycle for the biosynthesis and degradation of glutathione, including diseases",https://www.wikipathways.org/search.html?query=Gamma-glutamyl%20cycle%20for%20the%20biosynthesis%20and%20degradation%20of%20glutathione%2C%20including%20diseases&species=Homo%20sapiens
WikiPathways,Ganglio series sphingolipid metabolism,https://www.wikipathways.org/search.html?query=Ganglio%20series%20sphingolipid%20metabolism&species=Homo%20sapiens
WikiPathways,Ganglio sphingolipid metabolism,https://www.wikipathways.org/search.html?query=Ganglio%20sphingolipid%20metabolism&species=Homo%20sapiens
WikiPathways,Gastric acid production,https://www.wikipathways.org/search.html?query=Gastric%20acid%20production&species=Homo%20sapiens
WikiPathways,Gastric cancer network 1,https://www.wikipathways.org/search.html?query=Gastric%20cancer%20network%201&species=Homo%20sapiens
WikiPathways,Gastric cancer network 2,https://www.wikipathways.org/search.html?query=Gastric%20cancer%20network%202&species=Homo%20sapiens
WikiPathways,Gastrin signaling pathway,https://www.wikipathways.org/search.html?query=Gastrin%20signaling%20pathway&species=Homo%20sapiens
WikiPathways,Gene regulatory network modelling somitogenesis,https://www.wikipathways.org/search.html?query=Gene%20regulatory%20network%20modelling%20somitogenesis&species=Homo%20sapiens
WikiPathways,Genes associated with the development of rheumatoid arthritis,https://www.wikipathways.org/search.html?query=Genes%20associated%20with%20the%20development%20of%20rheumatoid%20arthritis&species=Homo%20sapiens
WikiPathways,Genes controlling nephrogenesis,https://www.wikipathways.org/search.html?query=Genes%20controlling%20nephrogenesis&species=Homo%20sapiens
WikiPathways,Genes related to primary cilium development (based on CRISPR),https://www.wikipathways.org/search.html?query=Genes%20related%20to%20primary%20cilium%20development%20%28based%20on%20CRISPR%29&species=Homo%20sapiens
WikiPathways,Genes targeted by miRNAs in adipocytes,https://www.wikipathways.org/search.html?query=Genes%20targeted%20by%20miRNAs%20in%20adipocytes&species=Homo%20sapiens
WikiPathways,Genetic causes of porto-sinusoidal vascular disease,https://www.wikipathways.org/search.html?query=Genetic%20causes%20of%20porto-sinusoidal%20vascular%20disease&species=Homo%20sapiens
WikiPathways,Glial cell differentiation,https://www.wikipathways.org/search.html?query=Glial%20cell%20differentiation&species=Homo%20sapiens
WikiPathways,Glioblastoma signaling pathways,https://www.wikipathways.org/search.html?query=Glioblastoma%20signaling%20pathways&species=Homo%20sapiens
WikiPathways,Glucocorticoid biosynthesis,https://www.wikipathways.org/search.html?query=Glucocorticoid%20biosynthesis&species=Homo%20sapiens
WikiPathways,Glucocorticoid receptor pathway,https://www.wikipathways.org/search.html?query=Glucocorticoid%20receptor%20pathway&species=Homo%20sapiens
WikiPathways,Glucose metabolism in triple-negative breast cancer cells,https://www.wikipathways.org/search.html?query=Glucose%20metabolism%20in%20triple-negative%20breast%20cancer%20cells&species=Homo%20sapiens
WikiPathways,Glucuronidation,https://www.wikipathways.org/search.html?query=Glucuronidation&species=Homo%20sapiens
WikiPathways,Glutathione metabolism,https://www.wikipathways.org/search.html?query=Glutathione%20metabolism&species=Homo%20sapiens
WikiPathways,Glycerolipids and glycerophospholipids,https://www.wikipathways.org/search.html?query=Glycerolipids%20and%20glycerophospholipids&species=Homo%20sapiens
WikiPathways,Glycerophospholipid biosynthetic pathway,https://www.wikipathways.org/search.html?query=Glycerophospholipid%20biosynthetic%20pathway&species=Homo%20sapiens
WikiPathways,Glycine metabolism,https://www.wikipathways.org/search.html?query=Glycine%20metabolism&species=Homo%20sapiens
WikiPathways,Glycogen synthesis and degradation,https://www.wikipathways.org/search.html?query=Glycogen%20synthesis%20and%20degradation&species=Homo%20sapiens
WikiPathways,Glycolysis and gluconeogenesis,https://www.wikipathways.org/search.html?query=Glycolysis%20and%20gluconeogenesis&species=Homo%20sapiens
WikiPathways,Glycolysis in senescence,https://www.wikipathways.org/search.html?query=Glycolysis%20in%20senescence&species=Homo%20sapiens
WikiPathways,Glycosaminoglycan degradation,https://www.wikipathways.org/search.html?query=Glycosaminoglycan%20degradation&species=Homo%20sapiens
WikiPathways,Glycosphingolipid metabolism,https://www.wikipathways.org/search.html?query=Glycosphingolipid%20metabolism&species=Homo%20sapiens
WikiPathways,Glycosylation and related congenital defects,https://www.wikipathways.org/search.html?query=Glycosylation%20and%20related%20congenital%20defects&species=Homo%20sapiens
WikiPathways,Glyoxylate metabolism,https://www.wikipathways.org/search.html?query=Glyoxylate%20metabolism&species=Homo%20sapiens
WikiPathways,H19 action Rb-E2F1 signaling and CDK-Beta-catenin activity,https://www.wikipathways.org/search.html?query=H19%20action%20Rb-E2F1%20signaling%20and%20CDK-Beta-catenin%20activity&species=Homo%20sapiens
WikiPathways,HIF1A and PPARG regulation of glycolysis,https://www.wikipathways.org/search.html?query=HIF1A%20and%20PPARG%20regulation%20of%20glycolysis&species=Homo%20sapiens
WikiPathways,HIPK2 in kidney fibrosis,https://www.wikipathways.org/search.html?query=HIPK2%20in%20kidney%20fibrosis&species=Homo%20sapiens
WikiPathways,Hair follicle development: cytodifferentiation - part 3 of 3,https://www.wikipathways.org/search.html?query=Hair%20follicle%20development%3A%20cytodifferentiation%20-%20part%203%20of%203&species=Homo%20sapiens
WikiPathways,Hair follicle development: organogenesis - part 2 of 3,https://www.wikipathways.org/search.html?query=Hair%20follicle%20development%3A%20organogenesis%20-%20part%202%20of%203&species=Homo%20sapiens
WikiPathways,Head and neck squamous cell carcinoma,https://www.wikipathways.org/search.html?query=Head%20and%20neck%20squamous%20cell%20carcinoma&species=Homo%20sapiens
WikiPathways,Heart development,https://www.wikipathways.org/search.html?query=Heart%20development&species=Homo%20sapiens
WikiPathways,Hedgehog signaling pathway,https://www.wikipathways.org/search.html?query=Hedgehog%20signaling%20pathway&species=Homo%20sapiens
WikiPathways,Hematopoietic stem cell differentiation,https://www.wikipathways.org/search.html?query=Hematopoietic%20stem%20cell%20differentiation&species=Homo%20sapiens
WikiPathways,Hematopoietic stem cell gene regulation by GABP alpha/beta complex,https://www.wikipathways.org/search.html?query=Hematopoietic%20stem%20cell%20gene%20regulation%20by%20GABP%20alpha%2Fbeta%20complex&species=Homo%20sapiens
WikiPathways,Heme biosynthesis,https://www.wikipathways.org/search.html?query=Heme%20biosynthesis&species=Homo%20sapiens
WikiPathways,Hemesynthesis defects and porphyrias,https://www.wikipathways.org/search.html?query=Hemesynthesis%20defects%20and%20porphyrias&species=Homo%20sapiens
WikiPathways,Hepatitis B infection,https://www.wikipathways.org/search.html?query=Hepatitis%20B%20infection&species=Homo%20sapiens
WikiPathways,Hepatitis C and hepatocellular carcinoma,https://www.wikipathways.org/search.html?query=Hepatitis%20C%20and%20hepatocellular%20carcinoma&species=Homo%20sapiens
WikiPathways,Hepatocyte growth factor receptor signaling,https://www.wikipathways.org/search.html?query=Hepatocyte%20growth%20factor%20receptor%20signaling&species=Homo%20sapiens
WikiPathways,Hereditary leiomyomatosis and renal cell carcinoma pathway,https://www.wikipathways.org/search.html?query=Hereditary%20leiomyomatosis%20and%20renal%20cell%20carcinoma%20pathway&species=Homo%20sapiens
WikiPathways,Heroin metabolism,https://www.wikipathways.org/search.html?query=Heroin%20metabolism&species=Homo%20sapiens
WikiPathways,Hfe effect on hepcidin production,https://www.wikipathways.org/search.html?query=Hfe%20effect%20on%20hepcidin%20production&species=Homo%20sapiens
WikiPathways,Hijack of ubiquitination by SARS-CoV-2,https://www.wikipathways.org/search.html?query=Hijack%20of%20ubiquitination%20by%20SARS-CoV-2&species=Homo%20sapiens
WikiPathways,Hippo signaling regulation pathways,https://www.wikipathways.org/search.html?query=Hippo%20signaling%20regulation%20pathways&species=Homo%20sapiens
WikiPathways,Hippo-Merlin signaling dysregulation,https://www.wikipathways.org/search.html?query=Hippo-Merlin%20signaling%20dysregulation&species=Homo%20sapiens
WikiPathways,Hippo-YAP signaling,https://www.wikipathways.org/search.html?query=Hippo-YAP%20signaling&species=Homo%20sapiens
WikiPathways,Hippocampal synaptogenesis and neurogenesis,https://www.wikipathways.org/search.html?query=Hippocampal%20synaptogenesis%20and%20neurogenesis&species=Homo%20sapiens
WikiPathways,Histone modifications,https://www.wikipathways.org/search.html?query=Histone%20modifications&species=Homo%20sapiens
WikiPathways,Homologous recombination,https://www.wikipathways.org/search.html?query=Homologous%20recombination&species=Homo%20sapiens
WikiPathways,Hormonal control of pubertal growth spurt,https://www.wikipathways.org/search.html?query=Hormonal%20control%20of%20pubertal%20growth%20spurt&species=Homo%20sapiens
WikiPathways,Host-pathogen interaction of human coronaviruses - MAPK signaling,https://www.wikipathways.org/search.html?query=Host-pathogen%20interaction%20of%20human%20coronaviruses%20-%20MAPK%20signaling&species=Homo%20sapiens
WikiPathways,Host-pathogen interaction of human coronaviruses - apoptosis,https://www.wikipathways.org/search.html?query=Host-pathogen%20interaction%20of%20human%20coronaviruses%20-%20apoptosis&species=Homo%20sapiens
WikiPathways,Host-pathogen interaction of human coronaviruses - autophagy,https://www.wikipathways.org/search.html?query=Host-pathogen%20interaction%20of%20human%20coronaviruses%20-%20autophagy&species=Homo%20sapiens
WikiPathways,Host-pathogen interaction of human coronaviruses - interferon induction,https://www.wikipathways.org/search.html?query=Host-pathogen%20interaction%20of%20human%20coronaviruses%20-%20interferon%20induction&species=Homo%20sapiens
WikiPathways,Hypertrophy model,https://www.wikipathways.org/search.html?query=Hypertrophy%20model&species=Homo%20sapiens
WikiPathways,Hypothesized pathways in pathogenesis of cardiovascular disease,https://www.wikipathways.org/search.html?query=Hypothesized%20pathways%20in%20pathogenesis%20of%20cardiovascular%20disease&species=Homo%20sapiens
WikiPathways,Hypothetical craniofacial development pathway,https://www.wikipathways.org/search.html?query=Hypothetical%20craniofacial%20development%20pathway&species=Homo%20sapiens
WikiPathways,Hypoxia-mediated EMT and stemness,https://www.wikipathways.org/search.html?query=Hypoxia-mediated%20EMT%20and%20stemness&species=Homo%20sapiens
WikiPathways,ID signaling pathway,https://www.wikipathways.org/search.html?query=ID%20signaling%20pathway&species=Homo%20sapiens
WikiPathways,IL-1 signaling pathway,https://www.wikipathways.org/search.html?query=IL-1%20signaling%20pathway&species=Homo%20sapiens
WikiPathways,IL-10 anti-inflammatory signaling pathway,https://www.wikipathways.org/search.html?query=IL-10%20anti-inflammatory%20signaling%20pathway&species=Homo%20sapiens
WikiPathways,IL-17 signaling pathway,https://www.wikipathways.org/search.html?query=IL-17%20signaling%20pathway&species=Homo%20sapiens
WikiPathways,IL-18 signaling pathway,https://www.wikipathways.org/search.html?query=IL-18%20signaling%20pathway&species=Homo%20sapiens
WikiPathways,IL-2 signaling pathway,https://www.wikipathways.org/search.html?query=IL-2%20signaling%20pathway&species=Homo%20sapiens
WikiPathways,IL-3 signaling pathway,https://www.wikipathways.org/search.html?query=IL-3%20signaling%20pathway&species=Homo%20sapiens
WikiPathways,IL-4 signaling pathway,https://www.wikipathways.org/search.html?query=IL-4%20signaling%20pathway&species=Homo%20sapiens
WikiPathways,IL-5 signaling pathway,https://www.wikipathways.org/search.html?query=IL-5%20signaling%20pathway&species=Homo%20sapiens
WikiPathways,IL-7 signaling pathway,https://www.wikipathways.org/search.html?query=IL-7%20signaling%20pathway&species=Homo%20sapiens
WikiPathways,IL-9 signaling pathway,https://www.wikipathways.org/search.html?query=IL-9%20signaling%20pathway&species=Homo%20sapiens
WikiPathways,IL1 and megakaryocytes in obesity,https://www.wikipathways.org/search.html?query=IL1%20and%20megakaryocytes%20in%20obesity&species=Homo%20sapiens
WikiPathways,IL6 signaling pathway,https://www.wikipathways.org/search.html?query=IL6%20signaling%20pathway&species=Homo%20sapiens
WikiPathways,Imatinib and chronic myeloid leukemia,https://www.wikipathways.org/search.html?query=Imatinib%20and%20chronic%20myeloid%20leukemia&species=Homo%20sapiens
WikiPathways,Immune infiltration in pancreatic cancer,https://www.wikipathways.org/search.html?query=Immune%20infiltration%20in%20pancreatic%20cancer&species=Homo%20sapiens
WikiPathways,Immune response to tuberculosis,https://www.wikipathways.org/search.html?query=Immune%20response%20to%20tuberculosis&species=Homo%20sapiens
WikiPathways,Inclusion body myositis,https://www.wikipathways.org/search.html?query=Inclusion%20body%20myositis&species=Homo%20sapiens
WikiPathways,Inflammatory bowel disease signaling,https://www.wikipathways.org/search.html?query=Inflammatory%20bowel%20disease%20signaling&species=Homo%20sapiens
WikiPathways,Inflammatory response pathway,https://www.wikipathways.org/search.html?query=Inflammatory%20response%20pathway&species=Homo%20sapiens
WikiPathways,Influence of laminopathies on Wnt signaling,https://www.wikipathways.org/search.html?query=Influence%20of%20laminopathies%20on%20Wnt%20signaling&species=Homo%20sapiens
WikiPathways,Influenza A virus infection,https://www.wikipathways.org/search.html?query=Influenza%20A%20virus%20infection&species=Homo%20sapiens
WikiPathways,Inhibition of exosome biogenesis and secretion by Manumycin A in CRPC cells,https://www.wikipathways.org/search.html?query=Inhibition%20of%20exosome%20biogenesis%20and%20secretion%20by%20Manumycin%20A%20in%20CRPC%20cells&species=Homo%20sapiens
WikiPathways,Initiation of transcription and translation elongation at the HIV-1 LTR,https://www.wikipathways.org/search.html?query=Initiation%20of%20transcription%20and%20translation%20elongation%20at%20the%20HIV-1%20LTR&species=Homo%20sapiens
WikiPathways,Insulin signaling,https://www.wikipathways.org/search.html?query=Insulin%20signaling&species=Homo%20sapiens
WikiPathways,Insulin signaling in adipocytes (diabetic condition),https://www.wikipathways.org/search.html?query=Insulin%20signaling%20in%20adipocytes%20%28diabetic%20condition%29&species=Homo%20sapiens
WikiPathways,Insulin signaling in adipocytes (normal condition),https://www.wikipathways.org/search.html?query=Insulin%20signaling%20in%20adipocytes%20%28normal%20condition%29&species=Homo%20sapiens
WikiPathways,Integrated cancer pathway,https://www.wikipathways.org/search.html?query=Integrated%20cancer%20pathway&species=Homo%20sapiens
WikiPathways,Integrin-mediated cell adhesion,https://www.wikipathways.org/search.html?query=Integrin-mediated%20cell%20adhesion&species=Homo%20sapiens
WikiPathways,Interactions between LOXL4 and oxidative stress pathway,https://www.wikipathways.org/search.html?query=Interactions%20between%20LOXL4%20and%20oxidative%20stress%20pathway&species=Homo%20sapiens
WikiPathways,Interactions between immune cells and microRNAs in tumor microenvironment,https://www.wikipathways.org/search.html?query=Interactions%20between%20immune%20cells%20and%20microRNAs%20in%20tumor%20microenvironment&species=Homo%20sapiens
WikiPathways,Interactions of natural killer cells in pancreatic cancer,https://www.wikipathways.org/search.html?query=Interactions%20of%20natural%20killer%20cells%20in%20pancreatic%20cancer&species=Homo%20sapiens
WikiPathways,Interactome of polycomb repressive complex 2 (PRC2),https://www.wikipathways.org/search.html?query=Interactome%20of%20polycomb%20repressive%20complex%202%20%28PRC2%29&species=Homo%20sapiens
WikiPathways,Interferon type I signaling pathways,https://www.wikipathways.org/search.html?query=Interferon%20type%20I%20signaling%20pathways&species=Homo%20sapiens
WikiPathways,Interleukin-1 (IL-1) structural pathway,https://www.wikipathways.org/search.html?query=Interleukin-1%20%28IL-1%29%20structural%20pathway&species=Homo%20sapiens
WikiPathways,Interleukin-1 induced activation of NF-kB,https://www.wikipathways.org/search.html?query=Interleukin-1%20induced%20activation%20of%20NF-kB&species=Homo%20sapiens
WikiPathways,Interleukin-11 signaling pathway,https://www.wikipathways.org/search.html?query=Interleukin-11%20signaling%20pathway&species=Homo%20sapiens
WikiPathways,Intracellular trafficking proteins involved in CMT neuropathy,https://www.wikipathways.org/search.html?query=Intracellular%20trafficking%20proteins%20involved%20in%20CMT%20neuropathy&species=Homo%20sapiens
WikiPathways,Intraflagellar transport proteins binding to dynein,https://www.wikipathways.org/search.html?query=Intraflagellar%20transport%20proteins%20binding%20to%20dynein&species=Homo%20sapiens
WikiPathways,Irinotecan pathway,https://www.wikipathways.org/search.html?query=Irinotecan%20pathway&species=Homo%20sapiens
WikiPathways,Iron metabolism in placenta,https://www.wikipathways.org/search.html?query=Iron%20metabolism%20in%20placenta&species=Homo%20sapiens
WikiPathways,Joubert syndrome,https://www.wikipathways.org/search.html?query=Joubert%20syndrome&species=Homo%20sapiens
WikiPathways,Kallmann syndrome,https://www.wikipathways.org/search.html?query=Kallmann%20syndrome&species=Homo%20sapiens
WikiPathways,Kennedy pathway from sphingolipids,https://www.wikipathways.org/search.html?query=Kennedy%20pathway%20from%20sphingolipids&species=Homo%20sapiens
WikiPathways,Ketogenesis and ketolysis,https://www.wikipathways.org/search.html?query=Ketogenesis%20and%20ketolysis&species=Homo%20sapiens
WikiPathways,Kinin-Kallikrein pathway,https://www.wikipathways.org/search.html?query=Kinin-Kallikrein%20pathway&species=Homo%20sapiens
WikiPathways,Kisspeptin/kisspeptin receptor system in the ovary,https://www.wikipathways.org/search.html?query=Kisspeptin%2Fkisspeptin%20receptor%20system%20in%20the%20ovary&species=Homo%20sapiens
WikiPathways,Kit receptor signaling pathway,https://www.wikipathways.org/search.html?query=Kit%20receptor%20signaling%20pathway&species=Homo%20sapiens
WikiPathways,Krebs cycle disorders,https://www.wikipathways.org/search.html?query=Krebs%20cycle%20disorders&species=Homo%20sapiens
WikiPathways,Kynurenine pathway and links to cell senescence,https://www.wikipathways.org/search.html?query=Kynurenine%20pathway%20and%20links%20to%20cell%20senescence&species=Homo%20sapiens
WikiPathways,LDL- influence on CD14 and TLR4,https://www.wikipathways.org/search.html?query=LDL-%20influence%20on%20CD14%20and%20TLR4&species=Homo%20sapiens
WikiPathways,LDLRAD4 and what we know about it,https://www.wikipathways.org/search.html?query=LDLRAD4%20and%20what%20we%20know%20about%20it&species=Homo%20sapiens
WikiPathways,LTF danger signal response pathway,https://www.wikipathways.org/search.html?query=LTF%20danger%20signal%20response%20pathway&species=Homo%20sapiens
WikiPathways,Lac-Phe pathway,https://www.wikipathways.org/search.html?query=Lac-Phe%20pathway&species=Homo%20sapiens
WikiPathways,Lactate shuttle in glial cells,https://www.wikipathways.org/search.html?query=Lactate%20shuttle%20in%20glial%20cells&species=Homo%20sapiens
WikiPathways,Lacto series sphingolipid metabolism,https://www.wikipathways.org/search.html?query=Lacto%20series%20sphingolipid%20metabolism&species=Homo%20sapiens
WikiPathways,Lamin A-processing pathway,https://www.wikipathways.org/search.html?query=Lamin%20A-processing%20pathway&species=Homo%20sapiens
WikiPathways,Leptin and adiponectin,https://www.wikipathways.org/search.html?query=Leptin%20and%20adiponectin&species=Homo%20sapiens
WikiPathways,Leptin signaling pathway,https://www.wikipathways.org/search.html?query=Leptin%20signaling%20pathway&species=Homo%20sapiens
WikiPathways,Leptin-insulin signaling overlap,https://www.wikipathways.org/search.html?query=Leptin-insulin%20signaling%20overlap&species=Homo%20sapiens
WikiPathways,"Leucine, isoleucine and valine metabolism",https://www.wikipathways.org/search.html?query=Leucine%2C%20isoleucine%20and%20valine%20metabolism&species=Homo%20sapiens
WikiPathways,Leukocyte-intrinsic Hippo pathway functions,https://www.wikipathways.org/search.html?query=Leukocyte-intrinsic%20Hippo%20pathway%20functions&species=Homo%20sapiens
WikiPathways,Leukotriene metabolic pathway,https://www.wikipathways.org/search.html?query=Leukotriene%20metabolic%20pathway&species=Homo%20sapiens
WikiPathways,Lidocaine metabolism,https://www.wikipathways.org/search.html?query=Lidocaine%20metabolism&species=Homo%20sapiens
WikiPathways,Linoleic acid metabolism affected by SARS-CoV-2,https://www.wikipathways.org/search.html?query=Linoleic%20acid%20metabolism%20affected%20by%20SARS-CoV-2&species=Homo%20sapiens
WikiPathways,Linoleic acid oxylipin metabolism,https://www.wikipathways.org/search.html?query=Linoleic%20acid%20oxylipin%20metabolism&species=Homo%20sapiens
WikiPathways,Lipid metabolism in senescent cells,https://www.wikipathways.org/search.html?query=Lipid%20metabolism%20in%20senescent%20cells&species=Homo%20sapiens
WikiPathways,Lipid metabolism pathway,https://www.wikipathways.org/search.html?query=Lipid%20metabolism%20pathway&species=Homo%20sapiens
WikiPathways,Lipid particles composition,https://www.wikipathways.org/search.html?query=Lipid%20particles%20composition&species=Homo%20sapiens
WikiPathways,Liver X receptor pathway,https://www.wikipathways.org/search.html?query=Liver%20X%20receptor%20pathway&species=Homo%20sapiens
WikiPathways,Lung fibrosis,https://www.wikipathways.org/search.html?query=Lung%20fibrosis&species=Homo%20sapiens
WikiPathways,MAP3K1 role in promoting and blocking gonadal determination,https://www.wikipathways.org/search.html?query=MAP3K1%20role%20in%20promoting%20and%20blocking%20gonadal%20determination&species=Homo%20sapiens
WikiPathways,MAPK and NFkB signaling pathways inhibited by Yersinia YopJ,https://www.wikipathways.org/search.html?query=MAPK%20and%20NFkB%20signaling%20pathways%20inhibited%20by%20Yersinia%20YopJ&species=Homo%20sapiens
WikiPathways,MAPK cascade,https://www.wikipathways.org/search.html?query=MAPK%20cascade&species=Homo%20sapiens
WikiPathways,MAPK pathway in congenital thyroid cancer,https://www.wikipathways.org/search.html?query=MAPK%20pathway%20in%20congenital%20thyroid%20cancer&species=Homo%20sapiens
WikiPathways,MAPK signaling pathway,https://www.wikipathways.org/search.html?query=MAPK%20signaling%20pathway&species=Homo%20sapiens
WikiPathways,MECP2 and associated Rett syndrome,https://www.wikipathways.org/search.html?query=MECP2%20and%20associated%20Rett%20syndrome&species=Homo%20sapiens
WikiPathways,MED and pseudoachondroplasia genes,https://www.wikipathways.org/search.html?query=MED%20and%20pseudoachondroplasia%20genes&species=Homo%20sapiens
WikiPathways,MET in type 1 papillary renal cell carcinoma,https://www.wikipathways.org/search.html?query=MET%20in%20type%201%20papillary%20renal%20cell%20carcinoma&species=Homo%20sapiens
WikiPathways,MFAP5 effect on permeability and motility of endothelial cells via cytoskeleton rearrangement,https://www.wikipathways.org/search.html?query=MFAP5%20effect%20on%20permeability%20and%20motility%20of%20endothelial%20cells%20via%20cytoskeleton%20rearrangement&species=Homo%20sapiens
WikiPathways,MFAP5-mediated ovarian cancer cell motility and invasiveness,https://www.wikipathways.org/search.html?query=MFAP5-mediated%20ovarian%20cancer%20cell%20motility%20and%20invasiveness&species=Homo%20sapiens
WikiPathways,MTHFR deficiency,https://www.wikipathways.org/search.html?query=MTHFR%20deficiency&species=Homo%20sapiens
WikiPathways,MYD88 distinct input-output pathway,https://www.wikipathways.org/search.html?query=MYD88%20distinct%20input-output%20pathway&species=Homo%20sapiens
WikiPathways,Macrophage markers,https://www.wikipathways.org/search.html?query=Macrophage%20markers&species=Homo%20sapiens
WikiPathways,Major receptors targeted by epinephrine and norepinephrine,https://www.wikipathways.org/search.html?query=Major%20receptors%20targeted%20by%20epinephrine%20and%20norepinephrine&species=Homo%20sapiens
WikiPathways,Male infertility,https://www.wikipathways.org/search.html?query=Male%20infertility&species=Homo%20sapiens
WikiPathways,Malignant pleural mesothelioma,https://www.wikipathways.org/search.html?query=Malignant%20pleural%20mesothelioma&species=Homo%20sapiens
WikiPathways,Mammalian disorder of sexual development,https://www.wikipathways.org/search.html?query=Mammalian%20disorder%20of%20sexual%20development&species=Homo%20sapiens
WikiPathways,Mammary gland development pathway - Embryonic development (Stage 1 of 4),https://www.wikipathways.org/search.html?query=Mammary%20gland%20development%20pathway%20-%20Embryonic%20development%20%28Stage%201%20of%204%29&species=Homo%20sapiens
WikiPathways,Mammary gland development pathway - Involution (Stage 4 of 4),https://www.wikipathways.org/search.html?query=Mammary%20gland%20development%20pathway%20-%20Involution%20%28Stage%204%20of%204%29&species=Homo%20sapiens
WikiPathways,Mammary gland development pathway - Pregnancy and lactation (Stage 3 of 4),https://www.wikipathways.org/search.html?query=Mammary%20gland%20development%20pathway%20-%20Pregnancy%20and%20lactation%20%28Stage%203%20of%204%29&species=Homo%20sapiens
WikiPathways,Mammary gland development pathway - Puberty (Stage 2 of 4),https://www.wikipathways.org/search.html?query=Mammary%20gland%20development%20pathway%20-%20Puberty%20%28Stage%202%20of%204%29&species=Homo%20sapiens
WikiPathways,Markers of kidney cell lineage,https://www.wikipathways.org/search.html?query=Markers%20of%20kidney%20cell%20lineage&species=Homo%20sapiens
WikiPathways,Matrix metalloproteinases,https://www.wikipathways.org/search.html?query=Matrix%20metalloproteinases&species=Homo%20sapiens
WikiPathways,Measles virus infection,https://www.wikipathways.org/search.html?query=Measles%20virus%20infection&species=Homo%20sapiens
WikiPathways,Mechanoregulation and pathology of YAP/TAZ via Hippo and non-Hippo mechanisms,https://www.wikipathways.org/search.html?query=Mechanoregulation%20and%20pathology%20of%20YAP%2FTAZ%20via%20Hippo%20and%20non-Hippo%20mechanisms&species=Homo%20sapiens
WikiPathways,Melanoma,https://www.wikipathways.org/search.html?query=Melanoma&species=Homo%20sapiens
WikiPathways,Melatonin metabolism and effects,https://www.wikipathways.org/search.html?query=Melatonin%20metabolism%20and%20effects&species=Homo%20sapiens
WikiPathways,Mesodermal commitment pathway,https://www.wikipathways.org/search.html?query=Mesodermal%20commitment%20pathway&species=Homo%20sapiens
WikiPathways,"Metabolic pathway of LDL, HDL and TG, including diseases",https://www.wikipathways.org/search.html?query=Metabolic%20pathway%20of%20LDL%2C%20HDL%20and%20TG%2C%20including%20diseases&species=Homo%20sapiens
WikiPathways,Metabolic pathways of fibroblasts,https://www.wikipathways.org/search.html?query=Metabolic%20pathways%20of%20fibroblasts&species=Homo%20sapiens
WikiPathways,Metabolic reprogramming in colon cancer,https://www.wikipathways.org/search.html?query=Metabolic%20reprogramming%20in%20colon%20cancer&species=Homo%20sapiens
WikiPathways,Metabolic reprogramming in pancreatic cancer,https://www.wikipathways.org/search.html?query=Metabolic%20reprogramming%20in%20pancreatic%20cancer&species=Homo%20sapiens
WikiPathways,Metabolism of alpha-linolenic acid,https://www.wikipathways.org/search.html?query=Metabolism%20of%20alpha-linolenic%20acid&species=Homo%20sapiens
WikiPathways,Metabolism of sphingolipids in ER and Golgi apparatus,https://www.wikipathways.org/search.html?query=Metabolism%20of%20sphingolipids%20in%20ER%20and%20Golgi%20apparatus&species=Homo%20sapiens
WikiPathways,Metabolism of tetrahydrocannabinol (THC),https://www.wikipathways.org/search.html?query=Metabolism%20of%20tetrahydrocannabinol%20%28THC%29&species=Homo%20sapiens
WikiPathways,Metapathway biotransformation Phase I and II,https://www.wikipathways.org/search.html?query=Metapathway%20biotransformation%20Phase%20I%20and%20II&species=Homo%20sapiens
WikiPathways,Metastatic brain tumor,https://www.wikipathways.org/search.html?query=Metastatic%20brain%20tumor&species=Homo%20sapiens
WikiPathways,Methionine de novo and salvage pathway,https://www.wikipathways.org/search.html?query=Methionine%20de%20novo%20and%20salvage%20pathway&species=Homo%20sapiens
WikiPathways,Methionine metabolism leading to sulfur amino acids and related disorders,https://www.wikipathways.org/search.html?query=Methionine%20metabolism%20leading%20to%20sulfur%20amino%20acids%20and%20related%20disorders&species=Homo%20sapiens
WikiPathways,Methylation pathways,https://www.wikipathways.org/search.html?query=Methylation%20pathways&species=Homo%20sapiens
WikiPathways,Mevalonate arm of cholesterol biosynthesis pathway,https://www.wikipathways.org/search.html?query=Mevalonate%20arm%20of%20cholesterol%20biosynthesis%20pathway&species=Homo%20sapiens
WikiPathways,Mevalonate arm of cholesterol biosynthesis pathway with inhibitors,https://www.wikipathways.org/search.html?query=Mevalonate%20arm%20of%20cholesterol%20biosynthesis%20pathway%20with%20inhibitors&species=Homo%20sapiens
WikiPathways,Mevalonate pathway,https://www.wikipathways.org/search.html?query=Mevalonate%20pathway&species=Homo%20sapiens
WikiPathways,MicroRNA for targeting cancer growth and vascularization in glioblastoma,https://www.wikipathways.org/search.html?query=MicroRNA%20for%20targeting%20cancer%20growth%20and%20vascularization%20in%20glioblastoma&species=Homo%20sapiens
WikiPathways,MicroRNA network associated with chronic lymphocytic leukemia,https://www.wikipathways.org/search.html?query=MicroRNA%20network%20associated%20with%20chronic%20lymphocytic%20leukemia&species=Homo%20sapiens
WikiPathways,MicroRNAs in cardiomyocyte hypertrophy,https://www.wikipathways.org/search.html?query=MicroRNAs%20in%20cardiomyocyte%20hypertrophy&species=Homo%20sapiens
WikiPathways,Microglia pathogen phagocytosis pathway,https://www.wikipathways.org/search.html?query=Microglia%20pathogen%20phagocytosis%20pathway&species=Homo%20sapiens
WikiPathways,Microtubule cytoskeleton regulation,https://www.wikipathways.org/search.html?query=Microtubule%20cytoskeleton%20regulation&species=Homo%20sapiens
WikiPathways,Mineralocorticoid biosynthesis,https://www.wikipathways.org/search.html?query=Mineralocorticoid%20biosynthesis&species=Homo%20sapiens
WikiPathways,Mitochondrial beta-oxidation,https://www.wikipathways.org/search.html?query=Mitochondrial%20beta-oxidation&species=Homo%20sapiens
WikiPathways,Mitochondrial complex I assembly model OXPHOS system,https://www.wikipathways.org/search.html?query=Mitochondrial%20complex%20I%20assembly%20model%20OXPHOS%20system&species=Homo%20sapiens
WikiPathways,Mitochondrial complex II assembly,https://www.wikipathways.org/search.html?query=Mitochondrial%20complex%20II%20assembly&species=Homo%20sapiens
WikiPathways,Mitochondrial complex III assembly,https://www.wikipathways.org/search.html?query=Mitochondrial%20complex%20III%20assembly&species=Homo%20sapiens
WikiPathways,Mitochondrial complex IV assembly,https://www.wikipathways.org/search.html?query=Mitochondrial%20complex%20IV%20assembly&species=Homo%20sapiens
WikiPathways,Mitochondrial fatty acid synthesis pathway,https://www.wikipathways.org/search.html?query=Mitochondrial%20fatty%20acid%20synthesis%20pathway&species=Homo%20sapiens
WikiPathways,Mitochondrial gene expression,https://www.wikipathways.org/search.html?query=Mitochondrial%20gene%20expression&species=Homo%20sapiens
WikiPathways,Mitochondrial immune response to SARS-CoV-2,https://www.wikipathways.org/search.html?query=Mitochondrial%20immune%20response%20to%20SARS-CoV-2&species=Homo%20sapiens
WikiPathways,Mitochondrial long chain fatty acid beta-oxidation,https://www.wikipathways.org/search.html?query=Mitochondrial%20long%20chain%20fatty%20acid%20beta-oxidation&species=Homo%20sapiens
WikiPathways,Model for regulation of MSMP expression in cancer cells and its proangiogenic role in ovarian tumors,https://www.wikipathways.org/search.html?query=Model%20for%20regulation%20of%20MSMP%20expression%20in%20cancer%20cells%20and%20its%20proangiogenic%20role%20in%20ovarian%20tumors&species=Homo%20sapiens
WikiPathways,Modulation of PI3K-Akt-mTOR signaling by bioactive sphingolipids,https://www.wikipathways.org/search.html?query=Modulation%20of%20PI3K-Akt-mTOR%20signaling%20by%20bioactive%20sphingolipids&species=Homo%20sapiens
WikiPathways,Modulators of TCR signaling and T cell activation,https://www.wikipathways.org/search.html?query=Modulators%20of%20TCR%20signaling%20and%20T%20cell%20activation&species=Homo%20sapiens
WikiPathways,Molybdenum cofactor (Moco) biosynthesis,https://www.wikipathways.org/search.html?query=Molybdenum%20cofactor%20%28Moco%29%20biosynthesis&species=Homo%20sapiens
WikiPathways,Monoamine GPCRs,https://www.wikipathways.org/search.html?query=Monoamine%20GPCRs&species=Homo%20sapiens
WikiPathways,Monoamine transport,https://www.wikipathways.org/search.html?query=Monoamine%20transport&species=Homo%20sapiens
WikiPathways,Myometrial relaxation and contraction pathways,https://www.wikipathways.org/search.html?query=Myometrial%20relaxation%20and%20contraction%20pathways&species=Homo%20sapiens
WikiPathways,NAD biosynthesis II (from tryptophan),https://www.wikipathways.org/search.html?query=NAD%20biosynthesis%20II%20%28from%20tryptophan%29&species=Homo%20sapiens
WikiPathways,NAD metabolism in oncogene-induced senescence and mitochondrial dysfunction-associated senescence,https://www.wikipathways.org/search.html?query=NAD%20metabolism%20in%20oncogene-induced%20senescence%20and%20mitochondrial%20dysfunction-associated%20senescence&species=Homo%20sapiens
WikiPathways,"NAD metabolism, sirtuins and aging",https://www.wikipathways.org/search.html?query=NAD%20metabolism%2C%20sirtuins%20and%20aging&species=Homo%20sapiens
WikiPathways,NAD+ biosynthetic pathways,https://www.wikipathways.org/search.html?query=NAD%2B%20biosynthetic%20pathways&species=Homo%20sapiens
WikiPathways,NAD+ metabolism,https://www.wikipathways.org/search.html?query=NAD%2B%20metabolism&species=Homo%20sapiens
WikiPathways,NIPBL role in DNA damage - Cornelia de Lange syndrome,https://www.wikipathways.org/search.html?query=NIPBL%20role%20in%20DNA%20damage%20-%20Cornelia%20de%20Lange%20syndrome&species=Homo%20sapiens
WikiPathways,NO/cGMP/PKG mediated neuroprotection,https://www.wikipathways.org/search.html?query=NO%2FcGMP%2FPKG%20mediated%20neuroprotection&species=Homo%20sapiens
WikiPathways,NOTCH1 regulation of endothelial cell calcification,https://www.wikipathways.org/search.html?query=NOTCH1%20regulation%20of%20endothelial%20cell%20calcification&species=Homo%20sapiens
WikiPathways,NRF2 pathway,https://www.wikipathways.org/search.html?query=NRF2%20pathway&species=Homo%20sapiens
WikiPathways,NRF2-ARE regulation,https://www.wikipathways.org/search.html?query=NRF2-ARE%20regulation&species=Homo%20sapiens
WikiPathways,NRP1-triggered signaling pathways in pancreatic cancer,https://www.wikipathways.org/search.html?query=NRP1-triggered%20signaling%20pathways%20in%20pancreatic%20cancer&species=Homo%20sapiens
WikiPathways,Nanomaterial induced apoptosis,https://www.wikipathways.org/search.html?query=Nanomaterial%20induced%20apoptosis&species=Homo%20sapiens
WikiPathways,Nanomaterial-induced inflammasome activation,https://www.wikipathways.org/search.html?query=Nanomaterial-induced%20inflammasome%20activation&species=Homo%20sapiens
WikiPathways,Nanoparticle triggered autophagic cell death,https://www.wikipathways.org/search.html?query=Nanoparticle%20triggered%20autophagic%20cell%20death&species=Homo%20sapiens
WikiPathways,Nanoparticle triggered regulated necrosis,https://www.wikipathways.org/search.html?query=Nanoparticle%20triggered%20regulated%20necrosis&species=Homo%20sapiens
WikiPathways,Nanoparticle-mediated activation of receptor signaling,https://www.wikipathways.org/search.html?query=Nanoparticle-mediated%20activation%20of%20receptor%20signaling&species=Homo%20sapiens
WikiPathways,Neolacto series sphingolipid metabolism,https://www.wikipathways.org/search.html?query=Neolacto%20series%20sphingolipid%20metabolism&species=Homo%20sapiens
WikiPathways,Neovascularisation processes,https://www.wikipathways.org/search.html?query=Neovascularisation%20processes&species=Homo%20sapiens
WikiPathways,Nephrogenesis,https://www.wikipathways.org/search.html?query=Nephrogenesis&species=Homo%20sapiens
WikiPathways,Nephrotic syndrome,https://www.wikipathways.org/search.html?query=Nephrotic%20syndrome&species=Homo%20sapiens
WikiPathways,Netrin-UNC5B signaling pathway,https://www.wikipathways.org/search.html?query=Netrin-UNC5B%20signaling%20pathway&species=Homo%20sapiens
WikiPathways,Network map of SARS-CoV-2 signaling pathway,https://www.wikipathways.org/search.html?query=Network%20map%20of%20SARS-CoV-2%20signaling%20pathway&species=Homo%20sapiens
WikiPathways,Neural crest cell migration during development,https://www.wikipathways.org/search.html?query=Neural%20crest%20cell%20migration%20during%20development&species=Homo%20sapiens
WikiPathways,Neural crest cell migration in cancer,https://www.wikipathways.org/search.html?query=Neural%20crest%20cell%20migration%20in%20cancer&species=Homo%20sapiens
WikiPathways,Neural crest differentiation,https://www.wikipathways.org/search.html?query=Neural%20crest%20differentiation&species=Homo%20sapiens
WikiPathways,Neurodegeneration with brain iron accumulation (NBIA) subtypes pathway,https://www.wikipathways.org/search.html?query=Neurodegeneration%20with%20brain%20iron%20accumulation%20%28NBIA%29%20subtypes%20pathway&species=Homo%20sapiens
WikiPathways,Neurogenesis regulation in the olfactory epithelium,https://www.wikipathways.org/search.html?query=Neurogenesis%20regulation%20in%20the%20olfactory%20epithelium&species=Homo%20sapiens
WikiPathways,Neuroinflammation,https://www.wikipathways.org/search.html?query=Neuroinflammation&species=Homo%20sapiens
WikiPathways,Neuroinflammation and glutamatergic signaling,https://www.wikipathways.org/search.html?query=Neuroinflammation%20and%20glutamatergic%20signaling&species=Homo%20sapiens
WikiPathways,Neurotransmitter disorders,https://www.wikipathways.org/search.html?query=Neurotransmitter%20disorders&species=Homo%20sapiens
WikiPathways,Nicotine effect on chromaffin cells,https://www.wikipathways.org/search.html?query=Nicotine%20effect%20on%20chromaffin%20cells&species=Homo%20sapiens
WikiPathways,Nicotine effect on dopaminergic neurons,https://www.wikipathways.org/search.html?query=Nicotine%20effect%20on%20dopaminergic%20neurons&species=Homo%20sapiens
WikiPathways,Nicotine metabolism in liver cells,https://www.wikipathways.org/search.html?query=Nicotine%20metabolism%20in%20liver%20cells&species=Homo%20sapiens
WikiPathways,Nitric oxide metabolism in cystic fibrosis,https://www.wikipathways.org/search.html?query=Nitric%20oxide%20metabolism%20in%20cystic%20fibrosis&species=Homo%20sapiens
WikiPathways,Nod-like receptor (NLR) signaling pathway,https://www.wikipathways.org/search.html?query=Nod-like%20receptor%20%28NLR%29%20signaling%20pathway&species=Homo%20sapiens
WikiPathways,Non-classical role of vitamin D,https://www.wikipathways.org/search.html?query=Non-classical%20role%20of%20vitamin%20D&species=Homo%20sapiens
WikiPathways,"Non-genomic actions of 1,25 dihydroxyvitamin D3",https://www.wikipathways.org/search.html?query=Non-genomic%20actions%20of%201%2C25%20dihydroxyvitamin%20D3&species=Homo%20sapiens
WikiPathways,Non-homologous end joining,https://www.wikipathways.org/search.html?query=Non-homologous%20end%20joining&species=Homo%20sapiens
WikiPathways,Non-small cell lung cancer,https://www.wikipathways.org/search.html?query=Non-small%20cell%20lung%20cancer&species=Homo%20sapiens
WikiPathways,Nonalcoholic fatty liver disease,https://www.wikipathways.org/search.html?query=Nonalcoholic%20fatty%20liver%20disease&species=Homo%20sapiens
WikiPathways,Notch signaling,https://www.wikipathways.org/search.html?query=Notch%20signaling&species=Homo%20sapiens
WikiPathways,Notch signaling pathway,https://www.wikipathways.org/search.html?query=Notch%20signaling%20pathway&species=Homo%20sapiens
WikiPathways,Novel intracellular components of RIG-I-like receptor pathway,https://www.wikipathways.org/search.html?query=Novel%20intracellular%20components%20of%20RIG-I-like%20receptor%20pathway&species=Homo%20sapiens
WikiPathways,Nuclear receptors,https://www.wikipathways.org/search.html?query=Nuclear%20receptors&species=Homo%20sapiens
WikiPathways,Nuclear receptors in lipid metabolism and toxicity,https://www.wikipathways.org/search.html?query=Nuclear%20receptors%20in%20lipid%20metabolism%20and%20toxicity&species=Homo%20sapiens
WikiPathways,Nuclear receptors meta-pathway,https://www.wikipathways.org/search.html?query=Nuclear%20receptors%20meta-pathway&species=Homo%20sapiens
WikiPathways,Nucleotide GPCRs,https://www.wikipathways.org/search.html?query=Nucleotide%20GPCRs&species=Homo%20sapiens
WikiPathways,Nucleotide excision repair,https://www.wikipathways.org/search.html?query=Nucleotide%20excision%20repair&species=Homo%20sapiens
WikiPathways,Nucleotide excision repair in xeroderma pigmentosum,https://www.wikipathways.org/search.html?query=Nucleotide%20excision%20repair%20in%20xeroderma%20pigmentosum&species=Homo%20sapiens
WikiPathways,Nucleotide-binding oligomerization domain (NOD) pathway,https://www.wikipathways.org/search.html?query=Nucleotide-binding%20oligomerization%20domain%20%28NOD%29%20pathway&species=Homo%20sapiens
WikiPathways,OSX and miRNAs in tooth development,https://www.wikipathways.org/search.html?query=OSX%20and%20miRNAs%20in%20tooth%20development&species=Homo%20sapiens
WikiPathways,"Oligodendrocyte specification and differentiation, leading to myelin components for CNS",https://www.wikipathways.org/search.html?query=Oligodendrocyte%20specification%20and%20differentiation%2C%20leading%20to%20myelin%20components%20for%20CNS&species=Homo%20sapiens
WikiPathways,Omega-3 / omega-6 fatty acid synthesis,https://www.wikipathways.org/search.html?query=Omega-3%20%2F%20omega-6%20fatty%20acid%20synthesis&species=Homo%20sapiens
WikiPathways,Omega-9 fatty acid synthesis,https://www.wikipathways.org/search.html?query=Omega-9%20fatty%20acid%20synthesis&species=Homo%20sapiens
WikiPathways,Oncostatin M signaling pathway,https://www.wikipathways.org/search.html?query=Oncostatin%20M%20signaling%20pathway&species=Homo%20sapiens
WikiPathways,One-carbon metabolism,https://www.wikipathways.org/search.html?query=One-carbon%20metabolism&species=Homo%20sapiens
WikiPathways,Osteoblast differentiation and related diseases,https://www.wikipathways.org/search.html?query=Osteoblast%20differentiation%20and%20related%20diseases&species=Homo%20sapiens
WikiPathways,Osteoblast signaling,https://www.wikipathways.org/search.html?query=Osteoblast%20signaling&species=Homo%20sapiens
WikiPathways,Osteoclast signaling,https://www.wikipathways.org/search.html?query=Osteoclast%20signaling&species=Homo%20sapiens
WikiPathways,Osteopontin signaling,https://www.wikipathways.org/search.html?query=Osteopontin%20signaling&species=Homo%20sapiens
WikiPathways,Ovarian infertility,https://www.wikipathways.org/search.html?query=Ovarian%20infertility&species=Homo%20sapiens
WikiPathways,Overlap between signal transduction pathways contributing to LMNA laminopathies,https://www.wikipathways.org/search.html?query=Overlap%20between%20signal%20transduction%20pathways%20contributing%20to%20LMNA%20laminopathies&species=Homo%20sapiens
WikiPathways,Overview of interferons-mediated signaling pathway,https://www.wikipathways.org/search.html?query=Overview%20of%20interferons-mediated%20signaling%20pathway&species=Homo%20sapiens
WikiPathways,Overview of nanoparticle effects,https://www.wikipathways.org/search.html?query=Overview%20of%20nanoparticle%20effects&species=Homo%20sapiens
WikiPathways,Overview of proinflammatory and profibrotic mediators,https://www.wikipathways.org/search.html?query=Overview%20of%20proinflammatory%20and%20profibrotic%20mediators&species=Homo%20sapiens
WikiPathways,Oxidation by cytochrome P450,https://www.wikipathways.org/search.html?query=Oxidation%20by%20cytochrome%20P450&species=Homo%20sapiens
WikiPathways,Oxidative damage response,https://www.wikipathways.org/search.html?query=Oxidative%20damage%20response&species=Homo%20sapiens
WikiPathways,Oxidative phosphorylation,https://www.wikipathways.org/search.html?query=Oxidative%20phosphorylation&species=Homo%20sapiens
WikiPathways,Oxidative stress response,https://www.wikipathways.org/search.html?query=Oxidative%20stress%20response&species=Homo%20sapiens
WikiPathways,Oxysterols derived from cholesterol,https://www.wikipathways.org/search.html?query=Oxysterols%20derived%20from%20cholesterol&species=Homo%20sapiens
WikiPathways,Oxytocin signaling,https://www.wikipathways.org/search.html?query=Oxytocin%20signaling&species=Homo%20sapiens
WikiPathways,PCSK9-mediated LDL receptor degradation,https://www.wikipathways.org/search.html?query=PCSK9-mediated%20LDL%20receptor%20degradation&species=Homo%20sapiens
WikiPathways,PDGF pathway,https://www.wikipathways.org/search.html?query=PDGF%20pathway&species=Homo%20sapiens
WikiPathways,PDGFR-beta pathway,https://www.wikipathways.org/search.html?query=PDGFR-beta%20pathway&species=Homo%20sapiens
WikiPathways,PI3K-AKT-mTOR signaling pathway and therapeutic opportunities,https://www.wikipathways.org/search.html?query=PI3K-AKT-mTOR%20signaling%20pathway%20and%20therapeutic%20opportunities&species=Homo%20sapiens
WikiPathways,PI3K-Akt signaling pathway,https://www.wikipathways.org/search.html?query=PI3K-Akt%20signaling%20pathway&species=Homo%20sapiens
WikiPathways,PI3K/AKT/mTOR - vitamin D3 signaling,https://www.wikipathways.org/search.html?query=PI3K%2FAKT%2FmTOR%20-%20vitamin%20D3%20signaling&species=Homo%20sapiens
WikiPathways,PKC-gamma calcium signaling pathway in ataxia,https://www.wikipathways.org/search.html?query=PKC-gamma%20calcium%20signaling%20pathway%20in%20ataxia&species=Homo%20sapiens
WikiPathways,PPAR signaling pathway,https://www.wikipathways.org/search.html?query=PPAR%20signaling%20pathway&species=Homo%20sapiens
WikiPathways,PPAR-alpha pathway,https://www.wikipathways.org/search.html?query=PPAR-alpha%20pathway&species=Homo%20sapiens
WikiPathways,PTF1A related regulatory pathway,https://www.wikipathways.org/search.html?query=PTF1A%20related%20regulatory%20pathway&species=Homo%20sapiens
WikiPathways,Pancreatic adenocarcinoma pathway,https://www.wikipathways.org/search.html?query=Pancreatic%20adenocarcinoma%20pathway&species=Homo%20sapiens
WikiPathways,Parkin-ubiquitin proteasomal system pathway,https://www.wikipathways.org/search.html?query=Parkin-ubiquitin%20proteasomal%20system%20pathway&species=Homo%20sapiens
WikiPathways,Parkinson's disease pathway,https://www.wikipathways.org/search.html?query=Parkinson%27s%20disease%20pathway&species=Homo%20sapiens
WikiPathways,Pathogenesis of SARS-CoV-2 mediated by nsp9-nsp10 complex,https://www.wikipathways.org/search.html?query=Pathogenesis%20of%20SARS-CoV-2%20mediated%20by%20nsp9-nsp10%20complex&species=Homo%20sapiens
WikiPathways,Pathogenic Escherichia coli infection,https://www.wikipathways.org/search.html?query=Pathogenic%20Escherichia%20coli%20infection&species=Homo%20sapiens
WikiPathways,Pathways affected in adenoid cystic carcinoma,https://www.wikipathways.org/search.html?query=Pathways%20affected%20in%20adenoid%20cystic%20carcinoma&species=Homo%20sapiens
WikiPathways,Pathways of nucleic acid metabolism and innate immune sensing,https://www.wikipathways.org/search.html?query=Pathways%20of%20nucleic%20acid%20metabolism%20and%20innate%20immune%20sensing&species=Homo%20sapiens
WikiPathways,Pentose phosphate metabolism,https://www.wikipathways.org/search.html?query=Pentose%20phosphate%20metabolism&species=Homo%20sapiens
WikiPathways,Pentose phosphate pathway in senescent cells,https://www.wikipathways.org/search.html?query=Pentose%20phosphate%20pathway%20in%20senescent%20cells&species=Homo%20sapiens
WikiPathways,Peptide GPCRs,https://www.wikipathways.org/search.html?query=Peptide%20GPCRs&species=Homo%20sapiens
WikiPathways,Peroxiredoxin 2 induced ovarian failure,https://www.wikipathways.org/search.html?query=Peroxiredoxin%202%20induced%20ovarian%20failure&species=Homo%20sapiens
WikiPathways,Peroxisomal beta-oxidation of tetracosanoyl-CoA,https://www.wikipathways.org/search.html?query=Peroxisomal%20beta-oxidation%20of%20tetracosanoyl-CoA&species=Homo%20sapiens
WikiPathways,"Perturbations to host-cell autophagy, induced by SARS-CoV-2 proteins",https://www.wikipathways.org/search.html?query=Perturbations%20to%20host-cell%20autophagy%2C%20induced%20by%20SARS-CoV-2%20proteins&species=Homo%20sapiens
WikiPathways,"Phase I biotransformations, non P450",https://www.wikipathways.org/search.html?query=Phase%20I%20biotransformations%2C%20non%20P450&species=Homo%20sapiens
WikiPathways,Phosphodiesterases in neuronal function,https://www.wikipathways.org/search.html?query=Phosphodiesterases%20in%20neuronal%20function&species=Homo%20sapiens
WikiPathways,Phosphoinositides metabolism,https://www.wikipathways.org/search.html?query=Phosphoinositides%20metabolism&species=Homo%20sapiens
WikiPathways,Photodynamic therapy-induced AP-1 survival signaling,https://www.wikipathways.org/search.html?query=Photodynamic%20therapy-induced%20AP-1%20survival%20signaling&species=Homo%20sapiens
WikiPathways,Photodynamic therapy-induced HIF-1 survival signaling,https://www.wikipathways.org/search.html?query=Photodynamic%20therapy-induced%20HIF-1%20survival%20signaling&species=Homo%20sapiens
WikiPathways,Photodynamic therapy-induced NF-kB survival signaling,https://www.wikipathways.org/search.html?query=Photodynamic%20therapy-induced%20NF-kB%20survival%20signaling&species=Homo%20sapiens
WikiPathways,Photodynamic therapy-induced NFE2L2 (NRF2) survival signaling,https://www.wikipathways.org/search.html?query=Photodynamic%20therapy-induced%20NFE2L2%20%28NRF2%29%20survival%20signaling&species=Homo%20sapiens
WikiPathways,Photodynamic therapy-induced unfolded protein response,https://www.wikipathways.org/search.html?query=Photodynamic%20therapy-induced%20unfolded%20protein%20response&species=Homo%20sapiens
WikiPathways,Physico-chemical features and toxicity-associated pathways,https://www.wikipathways.org/search.html?query=Physico-chemical%20features%20and%20toxicity-associated%20pathways&species=Homo%20sapiens
WikiPathways,Physiological and pathological hypertrophy of the heart,https://www.wikipathways.org/search.html?query=Physiological%20and%20pathological%20hypertrophy%20of%20the%20heart&species=Homo%20sapiens
WikiPathways,Pilocytic astrocytoma,https://www.wikipathways.org/search.html?query=Pilocytic%20astrocytoma&species=Homo%20sapiens
WikiPathways,Platelet-mediated interactions with vascular and circulating cells,https://www.wikipathways.org/search.html?query=Platelet-mediated%20interactions%20with%20vascular%20and%20circulating%20cells&species=Homo%20sapiens
WikiPathways,Pluripotent stem cell differentiation pathway,https://www.wikipathways.org/search.html?query=Pluripotent%20stem%20cell%20differentiation%20pathway&species=Homo%20sapiens
WikiPathways,Polyol pathway,https://www.wikipathways.org/search.html?query=Polyol%20pathway&species=Homo%20sapiens
WikiPathways,Prader-Willi and Angelman syndrome,https://www.wikipathways.org/search.html?query=Prader-Willi%20and%20Angelman%20syndrome&species=Homo%20sapiens
WikiPathways,Pre-implantation embryo,https://www.wikipathways.org/search.html?query=Pre-implantation%20embryo&species=Homo%20sapiens
WikiPathways,Pregnane X receptor pathway,https://www.wikipathways.org/search.html?query=Pregnane%20X%20receptor%20pathway&species=Homo%20sapiens
WikiPathways,Primary focal segmental glomerulosclerosis (FSGS),https://www.wikipathways.org/search.html?query=Primary%20focal%20segmental%20glomerulosclerosis%20%28FSGS%29&species=Homo%20sapiens
WikiPathways,Primary ovarian insufficiency,https://www.wikipathways.org/search.html?query=Primary%20ovarian%20insufficiency&species=Homo%20sapiens
WikiPathways,Prion disease pathway,https://www.wikipathways.org/search.html?query=Prion%20disease%20pathway&species=Homo%20sapiens
WikiPathways,Pro-survival signaling of neuroprotectin D1,https://www.wikipathways.org/search.html?query=Pro-survival%20signaling%20of%20neuroprotectin%20D1&species=Homo%20sapiens
WikiPathways,Progeria-associated lipodystrophy,https://www.wikipathways.org/search.html?query=Progeria-associated%20lipodystrophy&species=Homo%20sapiens
WikiPathways,Prolactin signaling pathway,https://www.wikipathways.org/search.html?query=Prolactin%20signaling%20pathway&species=Homo%20sapiens
WikiPathways,Prostaglandin and leukotriene metabolism in senescence,https://www.wikipathways.org/search.html?query=Prostaglandin%20and%20leukotriene%20metabolism%20in%20senescence&species=Homo%20sapiens
WikiPathways,Prostaglandin signaling,https://www.wikipathways.org/search.html?query=Prostaglandin%20signaling&species=Homo%20sapiens
WikiPathways,Prostaglandin synthesis and regulation,https://www.wikipathways.org/search.html?query=Prostaglandin%20synthesis%20and%20regulation&species=Homo%20sapiens
WikiPathways,Proteasome degradation,https://www.wikipathways.org/search.html?query=Proteasome%20degradation&species=Homo%20sapiens
WikiPathways,Proteoglycan biosynthesis,https://www.wikipathways.org/search.html?query=Proteoglycan%20biosynthesis&species=Homo%20sapiens
WikiPathways,Proximal tubule transport,https://www.wikipathways.org/search.html?query=Proximal%20tubule%20transport&species=Homo%20sapiens
WikiPathways,"PtdIns(4,5)P2 in cytokinesis pathway",https://www.wikipathways.org/search.html?query=PtdIns%284%2C5%29P2%20in%20cytokinesis%20pathway&species=Homo%20sapiens
WikiPathways,Purine metabolism,https://www.wikipathways.org/search.html?query=Purine%20metabolism&species=Homo%20sapiens
WikiPathways,Purine metabolism and related disorders,https://www.wikipathways.org/search.html?query=Purine%20metabolism%20and%20related%20disorders&species=Homo%20sapiens
WikiPathways,Purinergic signaling,https://www.wikipathways.org/search.html?query=Purinergic%20signaling&species=Homo%20sapiens
WikiPathways,Pyrimidine metabolism,https://www.wikipathways.org/search.html?query=Pyrimidine%20metabolism&species=Homo%20sapiens
WikiPathways,Pyrimidine metabolism and related diseases,https://www.wikipathways.org/search.html?query=Pyrimidine%20metabolism%20and%20related%20diseases&species=Homo%20sapiens
WikiPathways,Quercetin and Nf-kB / AP-1 induced apoptosis,https://www.wikipathways.org/search.html?query=Quercetin%20and%20Nf-kB%20%2F%20AP-1%20induced%20apoptosis&species=Homo%20sapiens
WikiPathways,RAC1/PAK1/p38/MMP2 pathway,https://www.wikipathways.org/search.html?query=RAC1%2FPAK1%2Fp38%2FMMP2%20pathway&species=Homo%20sapiens
WikiPathways,RANKL/RANK signaling pathway,https://www.wikipathways.org/search.html?query=RANKL%2FRANK%20signaling%20pathway&species=Homo%20sapiens
WikiPathways,RAS and bradykinin pathways in COVID-19,https://www.wikipathways.org/search.html?query=RAS%20and%20bradykinin%20pathways%20in%20COVID-19&species=Homo%20sapiens
WikiPathways,RalA downstream regulated genes,https://www.wikipathways.org/search.html?query=RalA%20downstream%20regulated%20genes&species=Homo%20sapiens
WikiPathways,Ras signaling,https://www.wikipathways.org/search.html?query=Ras%20signaling&species=Homo%20sapiens
WikiPathways,Regucalcin in proximal tubule epithelial kidney cells,https://www.wikipathways.org/search.html?query=Regucalcin%20in%20proximal%20tubule%20epithelial%20kidney%20cells&species=Homo%20sapiens
WikiPathways,Regulation of Wnt / B-catenin signaling by small molecule compounds,https://www.wikipathways.org/search.html?query=Regulation%20of%20Wnt%20%2F%20B-catenin%20signaling%20by%20small%20molecule%20compounds&species=Homo%20sapiens
WikiPathways,Regulation of actin cytoskeleton,https://www.wikipathways.org/search.html?query=Regulation%20of%20actin%20cytoskeleton&species=Homo%20sapiens
WikiPathways,Regulation of apoptosis by parathyroid hormone-related protein,https://www.wikipathways.org/search.html?query=Regulation%20of%20apoptosis%20by%20parathyroid%20hormone-related%20protein&species=Homo%20sapiens
WikiPathways,Regulation of sister chromatid separation at the metaphase-anaphase transition,https://www.wikipathways.org/search.html?query=Regulation%20of%20sister%20chromatid%20separation%20at%20the%20metaphase-anaphase%20transition&species=Homo%20sapiens
WikiPathways,Regulatory circuits of the STAT3 signaling pathway,https://www.wikipathways.org/search.html?query=Regulatory%20circuits%20of%20the%20STAT3%20signaling%20pathway&species=Homo%20sapiens
WikiPathways,"Relationship between inflammation, COX-2 and EGFR",https://www.wikipathways.org/search.html?query=Relationship%20between%20inflammation%2C%20COX-2%20and%20EGFR&species=Homo%20sapiens
WikiPathways,Renin-angiotensin-aldosterone system (RAAS),https://www.wikipathways.org/search.html?query=Renin-angiotensin-aldosterone%20system%20%28RAAS%29&species=Homo%20sapiens
WikiPathways,Resistin as a regulator of inflammation,https://www.wikipathways.org/search.html?query=Resistin%20as%20a%20regulator%20of%20inflammation&species=Homo%20sapiens
WikiPathways,Resolvin E1 and resolvin D1 signaling pathways promoting inflammation resolution,https://www.wikipathways.org/search.html?query=Resolvin%20E1%20and%20resolvin%20D1%20signaling%20pathways%20promoting%20inflammation%20resolution&species=Homo%20sapiens
WikiPathways,Retinoblastoma gene in cancer,https://www.wikipathways.org/search.html?query=Retinoblastoma%20gene%20in%20cancer&species=Homo%20sapiens
WikiPathways,Retinol metabolism,https://www.wikipathways.org/search.html?query=Retinol%20metabolism&species=Homo%20sapiens
WikiPathways,Rett syndrome causing genes,https://www.wikipathways.org/search.html?query=Rett%20syndrome%20causing%20genes&species=Homo%20sapiens
WikiPathways,Riboflavin and CoQ disorders,https://www.wikipathways.org/search.html?query=Riboflavin%20and%20CoQ%20disorders&species=Homo%20sapiens
WikiPathways,Robo4 and VEGF signaling pathways crosstalk,https://www.wikipathways.org/search.html?query=Robo4%20and%20VEGF%20signaling%20pathways%20crosstalk&species=Homo%20sapiens
WikiPathways,Roles of ceramides in development of insulin resistance,https://www.wikipathways.org/search.html?query=Roles%20of%20ceramides%20in%20development%20of%20insulin%20resistance&species=Homo%20sapiens
WikiPathways,S1P receptor signal transduction,https://www.wikipathways.org/search.html?query=S1P%20receptor%20signal%20transduction&species=Homo%20sapiens
WikiPathways,SARS coronavirus and innate immunity,https://www.wikipathways.org/search.html?query=SARS%20coronavirus%20and%20innate%20immunity&species=Homo%20sapiens
WikiPathways,SARS-CoV-2 B.1.1.7 variant antagonises innate immune activation,https://www.wikipathways.org/search.html?query=SARS-CoV-2%20B.1.1.7%20variant%20antagonises%20innate%20immune%20activation&species=Homo%20sapiens
WikiPathways,SARS-CoV-2 altering angiogenesis via NRP1,https://www.wikipathways.org/search.html?query=SARS-CoV-2%20altering%20angiogenesis%20via%20NRP1&species=Homo%20sapiens
WikiPathways,SARS-CoV-2 and ACE2 receptor: molecular mechanisms,https://www.wikipathways.org/search.html?query=SARS-CoV-2%20and%20ACE2%20receptor%3A%20molecular%20mechanisms&species=Homo%20sapiens
WikiPathways,SARS-CoV-2 and COVID-19 pathway,https://www.wikipathways.org/search.html?query=SARS-CoV-2%20and%20COVID-19%20pathway&species=Homo%20sapiens
WikiPathways,SARS-CoV-2 innate immunity evasion and cell-specific immune response,https://www.wikipathways.org/search.html?query=SARS-CoV-2%20innate%20immunity%20evasion%20and%20cell-specific%20immune%20response&species=Homo%20sapiens
WikiPathways,SARS-CoV-2 mitochondrial chronic oxidative stress and endothelial dysfunction,https://www.wikipathways.org/search.html?query=SARS-CoV-2%20mitochondrial%20chronic%20oxidative%20stress%20and%20endothelial%20dysfunction&species=Homo%20sapiens
WikiPathways,SARS-CoV-2 replication organelle formation,https://www.wikipathways.org/search.html?query=SARS-CoV-2%20replication%20organelle%20formation&species=Homo%20sapiens
WikiPathways,SCFA and skeletal muscle substrate metabolism,https://www.wikipathways.org/search.html?query=SCFA%20and%20skeletal%20muscle%20substrate%20metabolism&species=Homo%20sapiens
WikiPathways,SMC1/SMC3 role in DNA damage - Cornelia de Lange Syndrome,https://www.wikipathways.org/search.html?query=SMC1%2FSMC3%20role%20in%20DNA%20damage%20-%20Cornelia%20de%20Lange%20Syndrome&species=Homo%20sapiens
WikiPathways,SREBF and miR33 in cholesterol and lipid homeostasis,https://www.wikipathways.org/search.html?query=SREBF%20and%20miR33%20in%20cholesterol%20and%20lipid%20homeostasis&species=Homo%20sapiens
WikiPathways,SRF and miRs in smooth muscle differentiation and proliferation,https://www.wikipathways.org/search.html?query=SRF%20and%20miRs%20in%20smooth%20muscle%20differentiation%20and%20proliferation&species=Homo%20sapiens
WikiPathways,STING pathway in Kawasaki-like disease and COVID-19,https://www.wikipathways.org/search.html?query=STING%20pathway%20in%20Kawasaki-like%20disease%20and%20COVID-19&species=Homo%20sapiens
WikiPathways,Sebaleic acid formation and metabolism,https://www.wikipathways.org/search.html?query=Sebaleic%20acid%20formation%20and%20metabolism&species=Homo%20sapiens
WikiPathways,Secretion of hydrochloric acid in parietal cells,https://www.wikipathways.org/search.html?query=Secretion%20of%20hydrochloric%20acid%20in%20parietal%20cells&species=Homo%20sapiens
WikiPathways,Selective expression of chemokine receptors during T-cell polarization,https://www.wikipathways.org/search.html?query=Selective%20expression%20of%20chemokine%20receptors%20during%20T-cell%20polarization&species=Homo%20sapiens
WikiPathways,Selenium micronutrient network,https://www.wikipathways.org/search.html?query=Selenium%20micronutrient%20network&species=Homo%20sapiens
WikiPathways,Serine metabolism,https://www.wikipathways.org/search.html?query=Serine%20metabolism&species=Homo%20sapiens
WikiPathways,Serotonin HTR1 group and FOS pathway,https://www.wikipathways.org/search.html?query=Serotonin%20HTR1%20group%20and%20FOS%20pathway&species=Homo%20sapiens
WikiPathways,Serotonin and anxiety,https://www.wikipathways.org/search.html?query=Serotonin%20and%20anxiety&species=Homo%20sapiens
WikiPathways,Serotonin and anxiety-related events,https://www.wikipathways.org/search.html?query=Serotonin%20and%20anxiety-related%20events&species=Homo%20sapiens
WikiPathways,Serotonin receptor 2 and ELK-SRF/GATA4 signaling,https://www.wikipathways.org/search.html?query=Serotonin%20receptor%202%20and%20ELK-SRF%2FGATA4%20signaling&species=Homo%20sapiens
WikiPathways,Serotonin receptor 2 and STAT3 signaling,https://www.wikipathways.org/search.html?query=Serotonin%20receptor%202%20and%20STAT3%20signaling&species=Homo%20sapiens
WikiPathways,Serotonin receptor 4/6/7 and NR3C signaling,https://www.wikipathways.org/search.html?query=Serotonin%20receptor%204%2F6%2F7%20and%20NR3C%20signaling&species=Homo%20sapiens
WikiPathways,Serotonin transporter activity,https://www.wikipathways.org/search.html?query=Serotonin%20transporter%20activity&species=Homo%20sapiens
WikiPathways,Signal transduction through IL1R,https://www.wikipathways.org/search.html?query=Signal%20transduction%20through%20IL1R&species=Homo%20sapiens
WikiPathways,Sildenafil treatment,https://www.wikipathways.org/search.html?query=Sildenafil%20treatment&species=Homo%20sapiens
WikiPathways,Sleep regulation,https://www.wikipathways.org/search.html?query=Sleep%20regulation&species=Homo%20sapiens
WikiPathways,Small cell lung cancer,https://www.wikipathways.org/search.html?query=Small%20cell%20lung%20cancer&species=Homo%20sapiens
WikiPathways,Small ligand GPCRs,https://www.wikipathways.org/search.html?query=Small%20ligand%20GPCRs&species=Homo%20sapiens
WikiPathways,Soluble ACE2-mediated cell entry of SARS-CoV-2,https://www.wikipathways.org/search.html?query=Soluble%20ACE2-mediated%20cell%20entry%20of%20SARS-CoV-2&species=Homo%20sapiens
WikiPathways,Somatic sex determination,https://www.wikipathways.org/search.html?query=Somatic%20sex%20determination&species=Homo%20sapiens
WikiPathways,Somatroph axis (GH) and its relationship to dietary restriction and aging,https://www.wikipathways.org/search.html?query=Somatroph%20axis%20%28GH%29%20and%20its%20relationship%20to%20dietary%20restriction%20and%20aging&species=Homo%20sapiens
WikiPathways,Somitogenesis in the context of spondylocostal dysostosis,https://www.wikipathways.org/search.html?query=Somitogenesis%20in%20the%20context%20of%20spondylocostal%20dysostosis&species=Homo%20sapiens
WikiPathways,Sphingolipid metabolism in senescence,https://www.wikipathways.org/search.html?query=Sphingolipid%20metabolism%20in%20senescence&species=Homo%20sapiens
WikiPathways,Sphingolipid metabolism overview,https://www.wikipathways.org/search.html?query=Sphingolipid%20metabolism%20overview&species=Homo%20sapiens
WikiPathways,Sphingolipid metabolism: integrated pathway,https://www.wikipathways.org/search.html?query=Sphingolipid%20metabolism%3A%20integrated%20pathway&species=Homo%20sapiens
WikiPathways,Sphingolipid pathway,https://www.wikipathways.org/search.html?query=Sphingolipid%20pathway&species=Homo%20sapiens
WikiPathways,Spinal cord injury,https://www.wikipathways.org/search.html?query=Spinal%20cord%20injury&species=Homo%20sapiens
WikiPathways,Splicing factor NOVA regulated synaptic proteins,https://www.wikipathways.org/search.html?query=Splicing%20factor%20NOVA%20regulated%20synaptic%20proteins&species=Homo%20sapiens
WikiPathways,Statin inhibition of cholesterol production,https://www.wikipathways.org/search.html?query=Statin%20inhibition%20of%20cholesterol%20production&species=Homo%20sapiens
WikiPathways,Steroid biosynthesis,https://www.wikipathways.org/search.html?query=Steroid%20biosynthesis&species=Homo%20sapiens
WikiPathways,Steroid hormone precursor biosynthesis,https://www.wikipathways.org/search.html?query=Steroid%20hormone%20precursor%20biosynthesis&species=Homo%20sapiens
WikiPathways,Sterol regulatory element-binding proteins (SREBP) signaling,https://www.wikipathways.org/search.html?query=Sterol%20regulatory%20element-binding%20proteins%20%28SREBP%29%20signaling&species=Homo%20sapiens
WikiPathways,Striated muscle contraction pathway,https://www.wikipathways.org/search.html?query=Striated%20muscle%20contraction%20pathway&species=Homo%20sapiens
WikiPathways,Sudden infant death syndrome (SIDS) susceptibility pathways,https://www.wikipathways.org/search.html?query=Sudden%20infant%20death%20syndrome%20%28SIDS%29%20susceptibility%20pathways&species=Homo%20sapiens
WikiPathways,Sulfation biotransformation reaction,https://www.wikipathways.org/search.html?query=Sulfation%20biotransformation%20reaction&species=Homo%20sapiens
WikiPathways,Sulindac metabolic pathway,https://www.wikipathways.org/search.html?query=Sulindac%20metabolic%20pathway&species=Homo%20sapiens
WikiPathways,Supression of HMGB1 mediated inflammation by THBD,https://www.wikipathways.org/search.html?query=Supression%20of%20HMGB1%20mediated%20inflammation%20by%20THBD&species=Homo%20sapiens
WikiPathways,Synaptic signaling pathways associated with autism spectrum disorder,https://www.wikipathways.org/search.html?query=Synaptic%20signaling%20pathways%20associated%20with%20autism%20spectrum%20disorder&species=Homo%20sapiens
WikiPathways,Synaptic vesicle pathway,https://www.wikipathways.org/search.html?query=Synaptic%20vesicle%20pathway&species=Homo%20sapiens
WikiPathways,Synthesis of ceramides and 1-deoxyceramides,https://www.wikipathways.org/search.html?query=Synthesis%20of%20ceramides%20and%201-deoxyceramides&species=Homo%20sapiens
WikiPathways,T cell modulation in pancreatic cancer,https://www.wikipathways.org/search.html?query=T%20cell%20modulation%20in%20pancreatic%20cancer&species=Homo%20sapiens
WikiPathways,T cell receptor and co-stimulatory signaling,https://www.wikipathways.org/search.html?query=T%20cell%20receptor%20and%20co-stimulatory%20signaling&species=Homo%20sapiens
WikiPathways,T-cell activation SARS-CoV-2,https://www.wikipathways.org/search.html?query=T-cell%20activation%20SARS-CoV-2&species=Homo%20sapiens
WikiPathways,T-cell antigen receptor (TCR) pathway during Staphylococcus aureus infection,https://www.wikipathways.org/search.html?query=T-cell%20antigen%20receptor%20%28TCR%29%20pathway%20during%20Staphylococcus%20aureus%20infection&species=Homo%20sapiens
WikiPathways,T-cell receptor signaling pathway,https://www.wikipathways.org/search.html?query=T-cell%20receptor%20signaling%20pathway&species=Homo%20sapiens
WikiPathways,TCA cycle (aka Krebs or citric acid cycle),https://www.wikipathways.org/search.html?query=TCA%20cycle%20%28aka%20Krebs%20or%20citric%20acid%20cycle%29&species=Homo%20sapiens
WikiPathways,TCA cycle and deficiency of pyruvate dehydrogenase complex (PDHc),https://www.wikipathways.org/search.html?query=TCA%20cycle%20and%20deficiency%20of%20pyruvate%20dehydrogenase%20complex%20%28PDHc%29&species=Homo%20sapiens
WikiPathways,TCA cycle in senescence,https://www.wikipathways.org/search.html?query=TCA%20cycle%20in%20senescence&species=Homo%20sapiens
WikiPathways,TCA cycle nutrient use and invasiveness of ovarian cancer,https://www.wikipathways.org/search.html?query=TCA%20cycle%20nutrient%20use%20and%20invasiveness%20of%20ovarian%20cancer&species=Homo%20sapiens
WikiPathways,TGF-beta receptor signaling,https://www.wikipathways.org/search.html?query=TGF-beta%20receptor%20signaling&species=Homo%20sapiens
WikiPathways,TGF-beta receptor signaling in skeletal dysplasias,https://www.wikipathways.org/search.html?query=TGF-beta%20receptor%20signaling%20in%20skeletal%20dysplasias&species=Homo%20sapiens
WikiPathways,TGF-beta signaling in thyroid cells for epithelial-mesenchymal transition,https://www.wikipathways.org/search.html?query=TGF-beta%20signaling%20in%20thyroid%20cells%20for%20epithelial-mesenchymal%20transition&species=Homo%20sapiens
WikiPathways,TGF-beta signaling pathway,https://www.wikipathways.org/search.html?query=TGF-beta%20signaling%20pathway&species=Homo%20sapiens
WikiPathways,TLR4 signaling and tolerance,https://www.wikipathways.org/search.html?query=TLR4%20signaling%20and%20tolerance&species=Homo%20sapiens
WikiPathways,TNF-alpha signaling pathway,https://www.wikipathways.org/search.html?query=TNF-alpha%20signaling%20pathway&species=Homo%20sapiens
WikiPathways,TNF-related weak inducer of apoptosis (TWEAK) signaling pathway,https://www.wikipathways.org/search.html?query=TNF-related%20weak%20inducer%20of%20apoptosis%20%28TWEAK%29%20signaling%20pathway&species=Homo%20sapiens
WikiPathways,TP53 network,https://www.wikipathways.org/search.html?query=TP53%20network&species=Homo%20sapiens
WikiPathways,TROP2 regulatory signaling,https://www.wikipathways.org/search.html?query=TROP2%20regulatory%20signaling&species=Homo%20sapiens
WikiPathways,TYROBP causal network in microglia,https://www.wikipathways.org/search.html?query=TYROBP%20causal%20network%20in%20microglia&species=Homo%20sapiens
WikiPathways,Tamoxifen metabolism,https://www.wikipathways.org/search.html?query=Tamoxifen%20metabolism&species=Homo%20sapiens
WikiPathways,Target of rapamycin signaling,https://www.wikipathways.org/search.html?query=Target%20of%20rapamycin%20signaling&species=Homo%20sapiens
WikiPathways,Tgif disruption of Shh signaling,https://www.wikipathways.org/search.html?query=Tgif%20disruption%20of%20Shh%20signaling&species=Homo%20sapiens
WikiPathways,Th17 cell differentiation pathway,https://www.wikipathways.org/search.html?query=Th17%20cell%20differentiation%20pathway&species=Homo%20sapiens
WikiPathways,Thermogenesis,https://www.wikipathways.org/search.html?query=Thermogenesis&species=Homo%20sapiens
WikiPathways,Thiamine metabolic pathways,https://www.wikipathways.org/search.html?query=Thiamine%20metabolic%20pathways&species=Homo%20sapiens
WikiPathways,Thymic stromal lymphopoietin (TSLP) signaling pathway,https://www.wikipathways.org/search.html?query=Thymic%20stromal%20lymphopoietin%20%28TSLP%29%20signaling%20pathway&species=Homo%20sapiens
WikiPathways,Thyroid hormones production and peripheral downstream signaling effects,https://www.wikipathways.org/search.html?query=Thyroid%20hormones%20production%20and%20peripheral%20downstream%20signaling%20effects&species=Homo%20sapiens
WikiPathways,Thyroid stimulating hormone (TSH) signaling pathway,https://www.wikipathways.org/search.html?query=Thyroid%20stimulating%20hormone%20%28TSH%29%20signaling%20pathway&species=Homo%20sapiens
WikiPathways,Thyroxine (thyroid hormone) production,https://www.wikipathways.org/search.html?query=Thyroxine%20%28thyroid%20hormone%29%20production&species=Homo%20sapiens
WikiPathways,Toll-like receptor signaling pathway,https://www.wikipathways.org/search.html?query=Toll-like%20receptor%20signaling%20pathway&species=Homo%20sapiens
WikiPathways,Toll-like receptor signaling related to MyD88,https://www.wikipathways.org/search.html?query=Toll-like%20receptor%20signaling%20related%20to%20MyD88&species=Homo%20sapiens
WikiPathways,Trans-sulfuration pathway,https://www.wikipathways.org/search.html?query=Trans-sulfuration%20pathway&species=Homo%20sapiens
WikiPathways,"Trans-sulfuration, one-carbon metabolism and related pathways",https://www.wikipathways.org/search.html?query=Trans-sulfuration%2C%20one-carbon%20metabolism%20and%20related%20pathways&species=Homo%20sapiens
WikiPathways,Transcription co-factors SKI and SKIL protein partners,https://www.wikipathways.org/search.html?query=Transcription%20co-factors%20SKI%20and%20SKIL%20protein%20partners&species=Homo%20sapiens
WikiPathways,Transcription factor regulation in adipogenesis,https://www.wikipathways.org/search.html?query=Transcription%20factor%20regulation%20in%20adipogenesis&species=Homo%20sapiens
WikiPathways,Transcription factors regulate miRNAs related to cardiac hypertrophy,https://www.wikipathways.org/search.html?query=Transcription%20factors%20regulate%20miRNAs%20related%20to%20cardiac%20hypertrophy&species=Homo%20sapiens
WikiPathways,Transcriptional activation by NRF2 in response to phytochemicals,https://www.wikipathways.org/search.html?query=Transcriptional%20activation%20by%20NRF2%20in%20response%20to%20phytochemicals&species=Homo%20sapiens
WikiPathways,Transcriptional cascade regulating adipogenesis,https://www.wikipathways.org/search.html?query=Transcriptional%20cascade%20regulating%20adipogenesis&species=Homo%20sapiens
WikiPathways,Translation factors,https://www.wikipathways.org/search.html?query=Translation%20factors&species=Homo%20sapiens
WikiPathways,Translation inhibitors in chronically activated PDGFRA cells,https://www.wikipathways.org/search.html?query=Translation%20inhibitors%20in%20chronically%20activated%20PDGFRA%20cells&species=Homo%20sapiens
WikiPathways,Triacylglyceride synthesis,https://www.wikipathways.org/search.html?query=Triacylglyceride%20synthesis&species=Homo%20sapiens
WikiPathways,Tryptophan catabolism leading to NAD+ production,https://www.wikipathways.org/search.html?query=Tryptophan%20catabolism%20leading%20to%20NAD%2B%20production&species=Homo%20sapiens
WikiPathways,Tryptophan metabolism,https://www.wikipathways.org/search.html?query=Tryptophan%20metabolism&species=Homo%20sapiens
WikiPathways,Tumor suppressor activity of SMARCB1,https://www.wikipathways.org/search.html?query=Tumor%20suppressor%20activity%20of%20SMARCB1&species=Homo%20sapiens
WikiPathways,Type 2 papillary renal cell carcinoma,https://www.wikipathways.org/search.html?query=Type%202%20papillary%20renal%20cell%20carcinoma&species=Homo%20sapiens
WikiPathways,Type I collagen synthesis in the context of osteogenesis imperfecta,https://www.wikipathways.org/search.html?query=Type%20I%20collagen%20synthesis%20in%20the%20context%20of%20osteogenesis%20imperfecta&species=Homo%20sapiens
WikiPathways,Type I interferon induction and signaling during SARS-CoV-2 infection,https://www.wikipathways.org/search.html?query=Type%20I%20interferon%20induction%20and%20signaling%20during%20SARS-CoV-2%20infection&species=Homo%20sapiens
WikiPathways,Type II diabetes mellitus,https://www.wikipathways.org/search.html?query=Type%20II%20diabetes%20mellitus&species=Homo%20sapiens
WikiPathways,Type II interferon signaling,https://www.wikipathways.org/search.html?query=Type%20II%20interferon%20signaling&species=Homo%20sapiens
WikiPathways,Type III interferon signaling,https://www.wikipathways.org/search.html?query=Type%20III%20interferon%20signaling&species=Homo%20sapiens
WikiPathways,Tyrosine metabolism and related disorders,https://www.wikipathways.org/search.html?query=Tyrosine%20metabolism%20and%20related%20disorders&species=Homo%20sapiens
WikiPathways,Ulcerative colitis signaling,https://www.wikipathways.org/search.html?query=Ulcerative%20colitis%20signaling&species=Homo%20sapiens
WikiPathways,Ultraconserved region 339 modulation of tumor suppressor microRNAs in cancer,https://www.wikipathways.org/search.html?query=Ultraconserved%20region%20339%20modulation%20of%20tumor%20suppressor%20microRNAs%20in%20cancer&species=Homo%20sapiens
WikiPathways,Unfolded protein response,https://www.wikipathways.org/search.html?query=Unfolded%20protein%20response&species=Homo%20sapiens
WikiPathways,Urea cycle and associated pathways,https://www.wikipathways.org/search.html?query=Urea%20cycle%20and%20associated%20pathways&species=Homo%20sapiens
WikiPathways,Urea cycle and metabolism of amino groups,https://www.wikipathways.org/search.html?query=Urea%20cycle%20and%20metabolism%20of%20amino%20groups&species=Homo%20sapiens
WikiPathways,Urea cycle and related diseases,https://www.wikipathways.org/search.html?query=Urea%20cycle%20and%20related%20diseases&species=Homo%20sapiens
WikiPathways,VEGFA-VEGFR2 signaling,https://www.wikipathways.org/search.html?query=VEGFA-VEGFR2%20signaling&species=Homo%20sapiens
WikiPathways,Valproic acid pathway,https://www.wikipathways.org/search.html?query=Valproic%20acid%20pathway&species=Homo%20sapiens
WikiPathways,Vasopressin-regulated water reabsorption,https://www.wikipathways.org/search.html?query=Vasopressin-regulated%20water%20reabsorption&species=Homo%20sapiens
WikiPathways,Vitamin A and carotenoid metabolism,https://www.wikipathways.org/search.html?query=Vitamin%20A%20and%20carotenoid%20metabolism&species=Homo%20sapiens
WikiPathways,Vitamin B12 disorders,https://www.wikipathways.org/search.html?query=Vitamin%20B12%20disorders&species=Homo%20sapiens
WikiPathways,Vitamin B12 metabolism,https://www.wikipathways.org/search.html?query=Vitamin%20B12%20metabolism&species=Homo%20sapiens
WikiPathways,Vitamin B6-dependent and responsive disorders,https://www.wikipathways.org/search.html?query=Vitamin%20B6-dependent%20and%20responsive%20disorders&species=Homo%20sapiens
WikiPathways,Vitamin D in inflammatory diseases,https://www.wikipathways.org/search.html?query=Vitamin%20D%20in%20inflammatory%20diseases&species=Homo%20sapiens
WikiPathways,Vitamin D metabolism,https://www.wikipathways.org/search.html?query=Vitamin%20D%20metabolism&species=Homo%20sapiens
WikiPathways,Vitamin D receptor pathway,https://www.wikipathways.org/search.html?query=Vitamin%20D%20receptor%20pathway&species=Homo%20sapiens
WikiPathways,Vitamin D-sensitive calcium signaling in depression,https://www.wikipathways.org/search.html?query=Vitamin%20D-sensitive%20calcium%20signaling%20in%20depression&species=Homo%20sapiens
WikiPathways,Vitamin K metabolism and activation of dependent proteins,https://www.wikipathways.org/search.html?query=Vitamin%20K%20metabolism%20and%20activation%20of%20dependent%20proteins&species=Homo%20sapiens
WikiPathways,Vitamins A and D - action mechanisms,https://www.wikipathways.org/search.html?query=Vitamins%20A%20and%20D%20-%20action%20mechanisms&species=Homo%20sapiens
WikiPathways,White fat cell differentiation,https://www.wikipathways.org/search.html?query=White%20fat%20cell%20differentiation&species=Homo%20sapiens
WikiPathways,Wnt signaling,https://www.wikipathways.org/search.html?query=Wnt%20signaling&species=Homo%20sapiens
WikiPathways,Wnt signaling in kidney disease,https://www.wikipathways.org/search.html?query=Wnt%20signaling%20in%20kidney%20disease&species=Homo%20sapiens
WikiPathways,Wnt signaling pathway,https://www.wikipathways.org/search.html?query=Wnt%20signaling%20pathway&species=Homo%20sapiens
WikiPathways,Wnt signaling pathway and pluripotency,https://www.wikipathways.org/search.html?query=Wnt%20signaling%20pathway%20and%20pluripotency&species=Homo%20sapiens
WikiPathways,Wnt/beta-catenin signaling pathway in leukemia,https://www.wikipathways.org/search.html?query=Wnt%2Fbeta-catenin%20signaling%20pathway%20in%20leukemia&species=Homo%20sapiens
WikiPathways,Zinc homeostasis,https://www.wikipathways.org/search.html?query=Zinc%20homeostasis&species=Homo%20sapiens
WikiPathways,eIF5A regulation in response to inhibition of the nuclear export system,https://www.wikipathways.org/search.html?query=eIF5A%20regulation%20in%20response%20to%20inhibition%20of%20the%20nuclear%20export%20system&species=Homo%20sapiens
WikiPathways,exRNA mechanism of action and biogenesis,https://www.wikipathways.org/search.html?query=exRNA%20mechanism%20of%20action%20and%20biogenesis&species=Homo%20sapiens
WikiPathways,let-7 inhibition of ES cell reprogramming,https://www.wikipathways.org/search.html?query=let-7%20inhibition%20of%20ES%20cell%20reprogramming&species=Homo%20sapiens
WikiPathways,lncRNA in canonical Wnt signaling and colorectal cancer,https://www.wikipathways.org/search.html?query=lncRNA%20in%20canonical%20Wnt%20signaling%20and%20colorectal%20cancer&species=Homo%20sapiens
WikiPathways,lncRNA-mediated mechanisms of therapeutic resistance,https://www.wikipathways.org/search.html?query=lncRNA-mediated%20mechanisms%20of%20therapeutic%20resistance&species=Homo%20sapiens
WikiPathways,mBDNF and proBDNF regulation of GABA neurotransmission,https://www.wikipathways.org/search.html?query=mBDNF%20and%20proBDNF%20regulation%20of%20GABA%20neurotransmission&species=Homo%20sapiens
WikiPathways,mRNA processing,https://www.wikipathways.org/search.html?query=mRNA%20processing&species=Homo%20sapiens
WikiPathways,mRNA vaccine activation of dendritic cell and induction of IFN-1,https://www.wikipathways.org/search.html?query=mRNA%20vaccine%20activation%20of%20dendritic%20cell%20and%20induction%20of%20IFN-1&species=Homo%20sapiens
WikiPathways,"mRNA, protein, and metabolite inducation pathway by cyclosporin A",https://www.wikipathways.org/search.html?query=mRNA%2C%20protein%2C%20and%20metabolite%20inducation%20pathway%20by%20cyclosporin%20A&species=Homo%20sapiens
WikiPathways,miR-222 in exercise-induced cardiac growth,https://www.wikipathways.org/search.html?query=miR-222%20in%20exercise-induced%20cardiac%20growth&species=Homo%20sapiens
WikiPathways,miR-509-3p alteration of YAP1/ECM axis,https://www.wikipathways.org/search.html?query=miR-509-3p%20alteration%20of%20YAP1%2FECM%20axis&species=Homo%20sapiens
WikiPathways,miR-517 relationship with ARCN1 and USP1,https://www.wikipathways.org/search.html?query=miR-517%20relationship%20with%20ARCN1%20and%20USP1&species=Homo%20sapiens
WikiPathways,miRNA biogenesis,https://www.wikipathways.org/search.html?query=miRNA%20biogenesis&species=Homo%20sapiens
WikiPathways,miRNA degrading enzymes,https://www.wikipathways.org/search.html?query=miRNA%20degrading%20enzymes&species=Homo%20sapiens
WikiPathways,miRNA regulation of DNA damage response,https://www.wikipathways.org/search.html?query=miRNA%20regulation%20of%20DNA%20damage%20response&species=Homo%20sapiens
WikiPathways,miRNA regulation of p53 pathway in prostate cancer,https://www.wikipathways.org/search.html?query=miRNA%20regulation%20of%20p53%20pathway%20in%20prostate%20cancer&species=Homo%20sapiens
WikiPathways,miRNA regulation of prostate cancer signaling pathways,https://www.wikipathways.org/search.html?query=miRNA%20regulation%20of%20prostate%20cancer%20signaling%20pathways&species=Homo%20sapiens
WikiPathways,miRNA role in immune response in sepsis,https://www.wikipathways.org/search.html?query=miRNA%20role%20in%20immune%20response%20in%20sepsis&species=Homo%20sapiens
WikiPathways,miRNA targets in ECM and membrane receptors,https://www.wikipathways.org/search.html?query=miRNA%20targets%20in%20ECM%20and%20membrane%20receptors&species=Homo%20sapiens
WikiPathways,miRNAs involved in DNA damage response,https://www.wikipathways.org/search.html?query=miRNAs%20involved%20in%20DNA%20damage%20response&species=Homo%20sapiens
WikiPathways,mir-124 predicted interactions with cell cycle and differentiation,https://www.wikipathways.org/search.html?query=mir-124%20predicted%20interactions%20with%20cell%20cycle%20and%20differentiation&species=Homo%20sapiens
WikiPathways,ncRNAs involved in STAT3 signaling in hepatocellular carcinoma,https://www.wikipathways.org/search.html?query=ncRNAs%20involved%20in%20STAT3%20signaling%20in%20hepatocellular%20carcinoma&species=Homo%20sapiens
WikiPathways,ncRNAs involved in Wnt signaling in hepatocellular carcinoma,https://www.wikipathways.org/search.html?query=ncRNAs%20involved%20in%20Wnt%20signaling%20in%20hepatocellular%20carcinoma&species=Homo%20sapiens
WikiPathways,nsp1 from SARS-CoV-2 inhibits translation initiation in the host cell,https://www.wikipathways.org/search.html?query=nsp1%20from%20SARS-CoV-2%20inhibits%20translation%20initiation%20in%20the%20host%20cell&species=Homo%20sapiens
WikiPathways,p38 MAPK signaling pathway,https://www.wikipathways.org/search.html?query=p38%20MAPK%20signaling%20pathway&species=Homo%20sapiens
WikiPathways,p53 transcriptional gene network,https://www.wikipathways.org/search.html?query=p53%20transcriptional%20gene%20network&species=Homo%20sapiens
