SOURCE,PATHWAY,link
KEGG,Ribosome biogenesis in eukaryotes,https://www.genome.jp/dbget-bin/www_bfind_sub?mode=bfind&max_hit=1000&dbkey=pathway&keywords=Ribosome biogenesis in eukaryotes
KEGG,Natural killer cell mediated cytotoxicity,https://www.genome.jp/dbget-bin/www_bfind_sub?mode=bfind&max_hit=1000&dbkey=pathway&keywords=Natural killer cell mediated cytotoxicity
KEGG,Osteoclast differentiation,https://www.genome.jp/dbget-bin/www_bfind_sub?mode=bfind&max_hit=1000&dbkey=pathway&keywords=Osteoclast differentiation
KEGG,Hematopoietic cell lineage,https://www.genome.jp/dbget-bin/www_bfind_sub?mode=bfind&max_hit=1000&dbkey=pathway&keywords=Hematopoietic cell lineage
KEGG,IL-17 signaling pathway,https://www.genome.jp/dbget-bin/www_bfind_sub?mode=bfind&max_hit=1000&dbkey=pathway&keywords=IL-17 signaling pathway
KEGG,Th1 and Th2 cell differentiation,https://www.genome.jp/dbget-bin/www_bfind_sub?mode=bfind&max_hit=1000&dbkey=pathway&keywords=Th1 and Th2 cell differentiation
KEGG,Th17 cell differentiation,https://www.genome.jp/dbget-bin/www_bfind_sub?mode=bfind&max_hit=1000&dbkey=pathway&keywords=Th17 cell differentiation
KEGG,Circadian entrainment,https://www.genome.jp/dbget-bin/www_bfind_sub?mode=bfind&max_hit=1000&dbkey=pathway&keywords=Circadian entrainment
KEGG,RIG-I-like receptor signaling pathway,https://www.genome.jp/dbget-bin/www_bfind_sub?mode=bfind&max_hit=1000&dbkey=pathway&keywords=RIG-I-like receptor signaling pathway
KEGG,Thermogenesis,https://www.genome.jp/dbget-bin/www_bfind_sub?mode=bfind&max_hit=1000&dbkey=pathway&keywords=Thermogenesis
KEGG,HIF-1 signaling pathway,https://www.genome.jp/dbget-bin/www_bfind_sub?mode=bfind&max_hit=1000&dbkey=pathway&keywords=HIF-1 signaling pathway
KEGG,Base excision repair,https://www.genome.jp/dbget-bin/www_bfind_sub?mode=bfind&max_hit=1000&dbkey=pathway&keywords=Base excision repair
KEGG,Chemokine signaling pathway,https://www.genome.jp/dbget-bin/www_bfind_sub?mode=bfind&max_hit=1000&dbkey=pathway&keywords=Chemokine signaling pathway
KEGG,Viral protein interaction with cytokine and cytokine receptor,https://www.genome.jp/dbget-bin/www_bfind_sub?mode=bfind&max_hit=1000&dbkey=pathway&keywords=Viral protein interaction with cytokine and cytokine receptor
KEGG,Other types of O-glycan biosynthesis,https://www.genome.jp/dbget-bin/www_bfind_sub?mode=bfind&max_hit=1000&dbkey=pathway&keywords=Other types of O-glycan biosynthesis
KEGG,Gastric acid secretion,https://www.genome.jp/dbget-bin/www_bfind_sub?mode=bfind&max_hit=1000&dbkey=pathway&keywords=Gastric acid secretion
KEGG,Pentose phosphate pathway,https://www.genome.jp/dbget-bin/www_bfind_sub?mode=bfind&max_hit=1000&dbkey=pathway&keywords=Pentose phosphate pathway
KEGG,RNA polymerase,https://www.genome.jp/dbget-bin/www_bfind_sub?mode=bfind&max_hit=1000&dbkey=pathway&keywords=RNA polymerase
KEGG,Cytokine-cytokine receptor interaction,https://www.genome.jp/dbget-bin/www_bfind_sub?mode=bfind&max_hit=1000&dbkey=pathway&keywords=Cytokine-cytokine receptor interaction
KEGG,Vitamin B6 metabolism,https://www.genome.jp/dbget-bin/www_bfind_sub?mode=bfind&max_hit=1000&dbkey=pathway&keywords=Vitamin B6 metabolism
KEGG,MicroRNAs in cancer,https://www.genome.jp/dbget-bin/www_bfind_sub?mode=bfind&max_hit=1000&dbkey=pathway&keywords=MicroRNAs in cancer
KEGG,Pyrimidine metabolism,https://www.genome.jp/dbget-bin/www_bfind_sub?mode=bfind&max_hit=1000&dbkey=pathway&keywords=Pyrimidine metabolism
KEGG,Endometrial cancer,https://www.genome.jp/dbget-bin/www_bfind_sub?mode=bfind&max_hit=1000&dbkey=pathway&keywords=Endometrial cancer
KEGG,alpha-Linolenic acid metabolism,https://www.genome.jp/dbget-bin/www_bfind_sub?mode=bfind&max_hit=1000&dbkey=pathway&keywords=alpha-Linolenic acid metabolism
KEGG,Linoleic acid metabolism,https://www.genome.jp/dbget-bin/www_bfind_sub?mode=bfind&max_hit=1000&dbkey=pathway&keywords=Linoleic acid metabolism
KEGG,Arachidonic acid metabolism,https://www.genome.jp/dbget-bin/www_bfind_sub?mode=bfind&max_hit=1000&dbkey=pathway&keywords=Arachidonic acid metabolism
KEGG,Galactose metabolism,https://www.genome.jp/dbget-bin/www_bfind_sub?mode=bfind&max_hit=1000&dbkey=pathway&keywords=Galactose metabolism
KEGG,Ascorbate and aldarate metabolism,https://www.genome.jp/dbget-bin/www_bfind_sub?mode=bfind&max_hit=1000&dbkey=pathway&keywords=Ascorbate and aldarate metabolism
KEGG,Prostate cancer,https://www.genome.jp/dbget-bin/www_bfind_sub?mode=bfind&max_hit=1000&dbkey=pathway&keywords=Prostate cancer
KEGG,Fructose and mannose metabolism,https://www.genome.jp/dbget-bin/www_bfind_sub?mode=bfind&max_hit=1000&dbkey=pathway&keywords=Fructose and mannose metabolism
KEGG,Bladder cancer,https://www.genome.jp/dbget-bin/www_bfind_sub?mode=bfind&max_hit=1000&dbkey=pathway&keywords=Bladder cancer
KEGG,Signaling pathways regulating pluripotency of stem cells,https://www.genome.jp/dbget-bin/www_bfind_sub?mode=bfind&max_hit=1000&dbkey=pathway&keywords=Signaling pathways regulating pluripotency of stem cells
KEGG,Glyoxylate and dicarboxylate metabolism,https://www.genome.jp/dbget-bin/www_bfind_sub?mode=bfind&max_hit=1000&dbkey=pathway&keywords=Glyoxylate and dicarboxylate metabolism
KEGG,Oxidative phosphorylation,https://www.genome.jp/dbget-bin/www_bfind_sub?mode=bfind&max_hit=1000&dbkey=pathway&keywords=Oxidative phosphorylation
KEGG,Selenocompound metabolism,https://www.genome.jp/dbget-bin/www_bfind_sub?mode=bfind&max_hit=1000&dbkey=pathway&keywords=Selenocompound metabolism
KEGG,Circadian rhythm,https://www.genome.jp/dbget-bin/www_bfind_sub?mode=bfind&max_hit=1000&dbkey=pathway&keywords=Circadian rhythm
KEGG,Various types of N-glycan biosynthesis,https://www.genome.jp/dbget-bin/www_bfind_sub?mode=bfind&max_hit=1000&dbkey=pathway&keywords=Various types of N-glycan biosynthesis
KEGG,Mucin type O-glycan biosynthesis,https://www.genome.jp/dbget-bin/www_bfind_sub?mode=bfind&max_hit=1000&dbkey=pathway&keywords=Mucin type O-glycan biosynthesis
KEGG,Other glycan degradation,https://www.genome.jp/dbget-bin/www_bfind_sub?mode=bfind&max_hit=1000&dbkey=pathway&keywords=Other glycan degradation
KEGG,N-Glycan biosynthesis,https://www.genome.jp/dbget-bin/www_bfind_sub?mode=bfind&max_hit=1000&dbkey=pathway&keywords=N-Glycan biosynthesis
KEGG,Mannose type O-glycan biosynthesis,https://www.genome.jp/dbget-bin/www_bfind_sub?mode=bfind&max_hit=1000&dbkey=pathway&keywords=Mannose type O-glycan biosynthesis
KEGG,Fatty acid biosynthesis,https://www.genome.jp/dbget-bin/www_bfind_sub?mode=bfind&max_hit=1000&dbkey=pathway&keywords=Fatty acid biosynthesis
KEGG,Salivary secretion,https://www.genome.jp/dbget-bin/www_bfind_sub?mode=bfind&max_hit=1000&dbkey=pathway&keywords=Salivary secretion
KEGG,Carbohydrate digestion and absorption,https://www.genome.jp/dbget-bin/www_bfind_sub?mode=bfind&max_hit=1000&dbkey=pathway&keywords=Carbohydrate digestion and absorption
KEGG,Pancreatic secretion,https://www.genome.jp/dbget-bin/www_bfind_sub?mode=bfind&max_hit=1000&dbkey=pathway&keywords=Pancreatic secretion
KEGG,Fat digestion and absorption,https://www.genome.jp/dbget-bin/www_bfind_sub?mode=bfind&max_hit=1000&dbkey=pathway&keywords=Fat digestion and absorption
KEGG,Protein digestion and absorption,https://www.genome.jp/dbget-bin/www_bfind_sub?mode=bfind&max_hit=1000&dbkey=pathway&keywords=Protein digestion and absorption
KEGG,Vitamin digestion and absorption,https://www.genome.jp/dbget-bin/www_bfind_sub?mode=bfind&max_hit=1000&dbkey=pathway&keywords=Vitamin digestion and absorption
KEGG,Lysine degradation,https://www.genome.jp/dbget-bin/www_bfind_sub?mode=bfind&max_hit=1000&dbkey=pathway&keywords=Lysine degradation
KEGG,Cholesterol metabolism,https://www.genome.jp/dbget-bin/www_bfind_sub?mode=bfind&max_hit=1000&dbkey=pathway&keywords=Cholesterol metabolism
KEGG,Mineral absorption,https://www.genome.jp/dbget-bin/www_bfind_sub?mode=bfind&max_hit=1000&dbkey=pathway&keywords=Mineral absorption
KEGG,Bile secretion,https://www.genome.jp/dbget-bin/www_bfind_sub?mode=bfind&max_hit=1000&dbkey=pathway&keywords=Bile secretion
KEGG,Arrhythmogenic right ventricular cardiomyopathy,https://www.genome.jp/dbget-bin/www_bfind_sub?mode=bfind&max_hit=1000&dbkey=pathway&keywords=Arrhythmogenic right ventricular cardiomyopathy
KEGG,Diabetic cardiomyopathy,https://www.genome.jp/dbget-bin/www_bfind_sub?mode=bfind&max_hit=1000&dbkey=pathway&keywords=Diabetic cardiomyopathy
KEGG,Kaposi sarcoma-associated herpesvirus infection,https://www.genome.jp/dbget-bin/www_bfind_sub?mode=bfind&max_hit=1000&dbkey=pathway&keywords=Kaposi sarcoma-associated herpesvirus infection
KEGG,Lipid and atherosclerosis,https://www.genome.jp/dbget-bin/www_bfind_sub?mode=bfind&max_hit=1000&dbkey=pathway&keywords=Lipid and atherosclerosis
KEGG,Viral myocarditis,https://www.genome.jp/dbget-bin/www_bfind_sub?mode=bfind&max_hit=1000&dbkey=pathway&keywords=Viral myocarditis
KEGG,Steroid biosynthesis,https://www.genome.jp/dbget-bin/www_bfind_sub?mode=bfind&max_hit=1000&dbkey=pathway&keywords=Steroid biosynthesis
KEGG,Sphingolipid signaling pathway,https://www.genome.jp/dbget-bin/www_bfind_sub?mode=bfind&max_hit=1000&dbkey=pathway&keywords=Sphingolipid signaling pathway
KEGG,Long-term depression,https://www.genome.jp/dbget-bin/www_bfind_sub?mode=bfind&max_hit=1000&dbkey=pathway&keywords=Long-term depression
KEGG,Glycosphingolipid biosynthesis - lacto and neolacto series,https://www.genome.jp/dbget-bin/www_bfind_sub?mode=bfind&max_hit=1000&dbkey=pathway&keywords=Glycosphingolipid biosynthesis - lacto and neolacto series
KEGG,Phospholipase D signaling pathway,https://www.genome.jp/dbget-bin/www_bfind_sub?mode=bfind&max_hit=1000&dbkey=pathway&keywords=Phospholipase D signaling pathway
KEGG,Autoimmune thyroid disease,https://www.genome.jp/dbget-bin/www_bfind_sub?mode=bfind&max_hit=1000&dbkey=pathway&keywords=Autoimmune thyroid disease
KEGG,NOD-like receptor signaling pathway,https://www.genome.jp/dbget-bin/www_bfind_sub?mode=bfind&max_hit=1000&dbkey=pathway&keywords=NOD-like receptor signaling pathway
KEGG,Cytosolic DNA-sensing pathway,https://www.genome.jp/dbget-bin/www_bfind_sub?mode=bfind&max_hit=1000&dbkey=pathway&keywords=Cytosolic DNA-sensing pathway
KEGG,"Alanine, aspartate and glutamate metabolism","https://www.genome.jp/dbget-bin/www_bfind_sub?mode=bfind&max_hit=1000&dbkey=pathway&keywords=Alanine, aspartate and glutamate metabolism"
KEGG,Proteoglycans in cancer,https://www.genome.jp/dbget-bin/www_bfind_sub?mode=bfind&max_hit=1000&dbkey=pathway&keywords=Proteoglycans in cancer
KEGG,Riboflavin metabolism,https://www.genome.jp/dbget-bin/www_bfind_sub?mode=bfind&max_hit=1000&dbkey=pathway&keywords=Riboflavin metabolism
KEGG,Chemical carcinogenesis - receptor activation,https://www.genome.jp/dbget-bin/www_bfind_sub?mode=bfind&max_hit=1000&dbkey=pathway&keywords=Chemical carcinogenesis - receptor activation
KEGG,Pathways in cancer,https://www.genome.jp/dbget-bin/www_bfind_sub?mode=bfind&max_hit=1000&dbkey=pathway&keywords=Pathways in cancer
KEGG,Transcriptional misregulation in cancer,https://www.genome.jp/dbget-bin/www_bfind_sub?mode=bfind&max_hit=1000&dbkey=pathway&keywords=Transcriptional misregulation in cancer
KEGG,Viral carcinogenesis,https://www.genome.jp/dbget-bin/www_bfind_sub?mode=bfind&max_hit=1000&dbkey=pathway&keywords=Viral carcinogenesis
KEGG,Human papillomavirus infection,https://www.genome.jp/dbget-bin/www_bfind_sub?mode=bfind&max_hit=1000&dbkey=pathway&keywords=Human papillomavirus infection
KEGG,Fatty acid elongation,https://www.genome.jp/dbget-bin/www_bfind_sub?mode=bfind&max_hit=1000&dbkey=pathway&keywords=Fatty acid elongation
KEGG,Human T-cell leukemia virus 1 infection,https://www.genome.jp/dbget-bin/www_bfind_sub?mode=bfind&max_hit=1000&dbkey=pathway&keywords=Human T-cell leukemia virus 1 infection
KEGG,Hepatitis B,https://www.genome.jp/dbget-bin/www_bfind_sub?mode=bfind&max_hit=1000&dbkey=pathway&keywords=Hepatitis B
KEGG,Hepatitis C,https://www.genome.jp/dbget-bin/www_bfind_sub?mode=bfind&max_hit=1000&dbkey=pathway&keywords=Hepatitis C
KEGG,Vascular smooth muscle contraction,https://www.genome.jp/dbget-bin/www_bfind_sub?mode=bfind&max_hit=1000&dbkey=pathway&keywords=Vascular smooth muscle contraction
KEGG,Measles,https://www.genome.jp/dbget-bin/www_bfind_sub?mode=bfind&max_hit=1000&dbkey=pathway&keywords=Measles
KEGG,Amyotrophic lateral sclerosis,https://www.genome.jp/dbget-bin/www_bfind_sub?mode=bfind&max_hit=1000&dbkey=pathway&keywords=Amyotrophic lateral sclerosis
KEGG,Spinocerebellar ataxia,https://www.genome.jp/dbget-bin/www_bfind_sub?mode=bfind&max_hit=1000&dbkey=pathway&keywords=Spinocerebellar ataxia
KEGG,Huntington disease,https://www.genome.jp/dbget-bin/www_bfind_sub?mode=bfind&max_hit=1000&dbkey=pathway&keywords=Huntington disease
KEGG,Retinol metabolism,https://www.genome.jp/dbget-bin/www_bfind_sub?mode=bfind&max_hit=1000&dbkey=pathway&keywords=Retinol metabolism
KEGG,Tryptophan metabolism,https://www.genome.jp/dbget-bin/www_bfind_sub?mode=bfind&max_hit=1000&dbkey=pathway&keywords=Tryptophan metabolism
KEGG,Hippo signaling pathway - multiple species,https://www.genome.jp/dbget-bin/www_bfind_sub?mode=bfind&max_hit=1000&dbkey=pathway&keywords=Hippo signaling pathway - multiple species
KEGG,Epstein-Barr virus infection,https://www.genome.jp/dbget-bin/www_bfind_sub?mode=bfind&max_hit=1000&dbkey=pathway&keywords=Epstein-Barr virus infection
KEGG,Alzheimer disease,https://www.genome.jp/dbget-bin/www_bfind_sub?mode=bfind&max_hit=1000&dbkey=pathway&keywords=Alzheimer disease
KEGG,Parkinson disease,https://www.genome.jp/dbget-bin/www_bfind_sub?mode=bfind&max_hit=1000&dbkey=pathway&keywords=Parkinson disease
KEGG,NF-kappa B signaling pathway,https://www.genome.jp/dbget-bin/www_bfind_sub?mode=bfind&max_hit=1000&dbkey=pathway&keywords=NF-kappa B signaling pathway
KEGG,Starch and sucrose metabolism,https://www.genome.jp/dbget-bin/www_bfind_sub?mode=bfind&max_hit=1000&dbkey=pathway&keywords=Starch and sucrose metabolism
KEGG,cGMP-PKG signaling pathway,https://www.genome.jp/dbget-bin/www_bfind_sub?mode=bfind&max_hit=1000&dbkey=pathway&keywords=cGMP-PKG signaling pathway
KEGG,Endocytosis,https://www.genome.jp/dbget-bin/www_bfind_sub?mode=bfind&max_hit=1000&dbkey=pathway&keywords=Endocytosis
KEGG,Hippo signaling pathway,https://www.genome.jp/dbget-bin/www_bfind_sub?mode=bfind&max_hit=1000&dbkey=pathway&keywords=Hippo signaling pathway
KEGG,Vasopressin-regulated water reabsorption,https://www.genome.jp/dbget-bin/www_bfind_sub?mode=bfind&max_hit=1000&dbkey=pathway&keywords=Vasopressin-regulated water reabsorption
KEGG,Aldosterone-regulated sodium reabsorption,https://www.genome.jp/dbget-bin/www_bfind_sub?mode=bfind&max_hit=1000&dbkey=pathway&keywords=Aldosterone-regulated sodium reabsorption
KEGG,Endocrine and other factor-regulated calcium reabsorption,https://www.genome.jp/dbget-bin/www_bfind_sub?mode=bfind&max_hit=1000&dbkey=pathway&keywords=Endocrine and other factor-regulated calcium reabsorption
KEGG,Collecting duct acid secretion,https://www.genome.jp/dbget-bin/www_bfind_sub?mode=bfind&max_hit=1000&dbkey=pathway&keywords=Collecting duct acid secretion
KEGG,Proximal tubule bicarbonate reclamation,https://www.genome.jp/dbget-bin/www_bfind_sub?mode=bfind&max_hit=1000&dbkey=pathway&keywords=Proximal tubule bicarbonate reclamation
KEGG,Influenza A,https://www.genome.jp/dbget-bin/www_bfind_sub?mode=bfind&max_hit=1000&dbkey=pathway&keywords=Influenza A
KEGG,Fluid shear stress and atherosclerosis,https://www.genome.jp/dbget-bin/www_bfind_sub?mode=bfind&max_hit=1000&dbkey=pathway&keywords=Fluid shear stress and atherosclerosis
KEGG,Herpes simplex virus 1 infection,https://www.genome.jp/dbget-bin/www_bfind_sub?mode=bfind&max_hit=1000&dbkey=pathway&keywords=Herpes simplex virus 1 infection
KEGG,Renin secretion,https://www.genome.jp/dbget-bin/www_bfind_sub?mode=bfind&max_hit=1000&dbkey=pathway&keywords=Renin secretion
KEGG,JAK-STAT signaling pathway,https://www.genome.jp/dbget-bin/www_bfind_sub?mode=bfind&max_hit=1000&dbkey=pathway&keywords=JAK-STAT signaling pathway
KEGG,Pantothenate and CoA biosynthesis,https://www.genome.jp/dbget-bin/www_bfind_sub?mode=bfind&max_hit=1000&dbkey=pathway&keywords=Pantothenate and CoA biosynthesis
KEGG,Insulin resistance,https://www.genome.jp/dbget-bin/www_bfind_sub?mode=bfind&max_hit=1000&dbkey=pathway&keywords=Insulin resistance
KEGG,Fatty acid degradation,https://www.genome.jp/dbget-bin/www_bfind_sub?mode=bfind&max_hit=1000&dbkey=pathway&keywords=Fatty acid degradation
KEGG,Protein export,https://www.genome.jp/dbget-bin/www_bfind_sub?mode=bfind&max_hit=1000&dbkey=pathway&keywords=Protein export
KEGG,Hepatocellular carcinoma,https://www.genome.jp/dbget-bin/www_bfind_sub?mode=bfind&max_hit=1000&dbkey=pathway&keywords=Hepatocellular carcinoma
KEGG,Tight junction,https://www.genome.jp/dbget-bin/www_bfind_sub?mode=bfind&max_hit=1000&dbkey=pathway&keywords=Tight junction
KEGG,Basal transcription factors,https://www.genome.jp/dbget-bin/www_bfind_sub?mode=bfind&max_hit=1000&dbkey=pathway&keywords=Basal transcription factors
KEGG,Serotonergic synapse,https://www.genome.jp/dbget-bin/www_bfind_sub?mode=bfind&max_hit=1000&dbkey=pathway&keywords=Serotonergic synapse
KEGG,Fc epsilon RI signaling pathway,https://www.genome.jp/dbget-bin/www_bfind_sub?mode=bfind&max_hit=1000&dbkey=pathway&keywords=Fc epsilon RI signaling pathway
KEGG,Human immunodeficiency virus 1 infection,https://www.genome.jp/dbget-bin/www_bfind_sub?mode=bfind&max_hit=1000&dbkey=pathway&keywords=Human immunodeficiency virus 1 infection
KEGG,Coronavirus disease - COVID-19,https://www.genome.jp/dbget-bin/www_bfind_sub?mode=bfind&max_hit=1000&dbkey=pathway&keywords=Coronavirus disease - COVID-19
KEGG,D-Amino acid metabolism,https://www.genome.jp/dbget-bin/www_bfind_sub?mode=bfind&max_hit=1000&dbkey=pathway&keywords=D-Amino acid metabolism
KEGG,Notch signaling pathway,https://www.genome.jp/dbget-bin/www_bfind_sub?mode=bfind&max_hit=1000&dbkey=pathway&keywords=Notch signaling pathway
KEGG,Arginine biosynthesis,https://www.genome.jp/dbget-bin/www_bfind_sub?mode=bfind&max_hit=1000&dbkey=pathway&keywords=Arginine biosynthesis
KEGG,Type II diabetes mellitus,https://www.genome.jp/dbget-bin/www_bfind_sub?mode=bfind&max_hit=1000&dbkey=pathway&keywords=Type II diabetes mellitus
KEGG,FoxO signaling pathway,https://www.genome.jp/dbget-bin/www_bfind_sub?mode=bfind&max_hit=1000&dbkey=pathway&keywords=FoxO signaling pathway
KEGG,Neuroactive ligand-receptor interaction,https://www.genome.jp/dbget-bin/www_bfind_sub?mode=bfind&max_hit=1000&dbkey=pathway&keywords=Neuroactive ligand-receptor interaction
KEGG,One carbon pool by folate,https://www.genome.jp/dbget-bin/www_bfind_sub?mode=bfind&max_hit=1000&dbkey=pathway&keywords=One carbon pool by folate
KEGG,Long-term potentiation,https://www.genome.jp/dbget-bin/www_bfind_sub?mode=bfind&max_hit=1000&dbkey=pathway&keywords=Long-term potentiation
KEGG,Synaptic vesicle cycle,https://www.genome.jp/dbget-bin/www_bfind_sub?mode=bfind&max_hit=1000&dbkey=pathway&keywords=Synaptic vesicle cycle
KEGG,Neurotrophin signaling pathway,https://www.genome.jp/dbget-bin/www_bfind_sub?mode=bfind&max_hit=1000&dbkey=pathway&keywords=Neurotrophin signaling pathway
KEGG,Retrograde endocannabinoid signaling,https://www.genome.jp/dbget-bin/www_bfind_sub?mode=bfind&max_hit=1000&dbkey=pathway&keywords=Retrograde endocannabinoid signaling
KEGG,Glutamatergic synapse,https://www.genome.jp/dbget-bin/www_bfind_sub?mode=bfind&max_hit=1000&dbkey=pathway&keywords=Glutamatergic synapse
KEGG,Cholinergic synapse,https://www.genome.jp/dbget-bin/www_bfind_sub?mode=bfind&max_hit=1000&dbkey=pathway&keywords=Cholinergic synapse
KEGG,Pancreatic cancer,https://www.genome.jp/dbget-bin/www_bfind_sub?mode=bfind&max_hit=1000&dbkey=pathway&keywords=Pancreatic cancer
KEGG,Dopaminergic synapse,https://www.genome.jp/dbget-bin/www_bfind_sub?mode=bfind&max_hit=1000&dbkey=pathway&keywords=Dopaminergic synapse
KEGG,Prolactin signaling pathway,https://www.genome.jp/dbget-bin/www_bfind_sub?mode=bfind&max_hit=1000&dbkey=pathway&keywords=Prolactin signaling pathway
KEGG,Fanconi anemia pathway,https://www.genome.jp/dbget-bin/www_bfind_sub?mode=bfind&max_hit=1000&dbkey=pathway&keywords=Fanconi anemia pathway
KEGG,Renal cell carcinoma,https://www.genome.jp/dbget-bin/www_bfind_sub?mode=bfind&max_hit=1000&dbkey=pathway&keywords=Renal cell carcinoma
KEGG,GABAergic synapse,https://www.genome.jp/dbget-bin/www_bfind_sub?mode=bfind&max_hit=1000&dbkey=pathway&keywords=GABAergic synapse
KEGG,Basal cell carcinoma,https://www.genome.jp/dbget-bin/www_bfind_sub?mode=bfind&max_hit=1000&dbkey=pathway&keywords=Basal cell carcinoma
KEGG,Nicotinate and nicotinamide metabolism,https://www.genome.jp/dbget-bin/www_bfind_sub?mode=bfind&max_hit=1000&dbkey=pathway&keywords=Nicotinate and nicotinamide metabolism
KEGG,Sulfur metabolism,https://www.genome.jp/dbget-bin/www_bfind_sub?mode=bfind&max_hit=1000&dbkey=pathway&keywords=Sulfur metabolism
KEGG,Colorectal cancer,https://www.genome.jp/dbget-bin/www_bfind_sub?mode=bfind&max_hit=1000&dbkey=pathway&keywords=Colorectal cancer
KEGG,AMPK signaling pathway,https://www.genome.jp/dbget-bin/www_bfind_sub?mode=bfind&max_hit=1000&dbkey=pathway&keywords=AMPK signaling pathway
KEGG,PI3K-Akt signaling pathway,https://www.genome.jp/dbget-bin/www_bfind_sub?mode=bfind&max_hit=1000&dbkey=pathway&keywords=PI3K-Akt signaling pathway
KEGG,mTOR signaling pathway,https://www.genome.jp/dbget-bin/www_bfind_sub?mode=bfind&max_hit=1000&dbkey=pathway&keywords=mTOR signaling pathway
KEGG,Phenylalanine metabolism,https://www.genome.jp/dbget-bin/www_bfind_sub?mode=bfind&max_hit=1000&dbkey=pathway&keywords=Phenylalanine metabolism
KEGG,Proteasome,https://www.genome.jp/dbget-bin/www_bfind_sub?mode=bfind&max_hit=1000&dbkey=pathway&keywords=Proteasome
KEGG,Acute myeloid leukemia,https://www.genome.jp/dbget-bin/www_bfind_sub?mode=bfind&max_hit=1000&dbkey=pathway&keywords=Acute myeloid leukemia
KEGG,Wnt signaling pathway,https://www.genome.jp/dbget-bin/www_bfind_sub?mode=bfind&max_hit=1000&dbkey=pathway&keywords=Wnt signaling pathway
KEGG,Arginine and proline metabolism,https://www.genome.jp/dbget-bin/www_bfind_sub?mode=bfind&max_hit=1000&dbkey=pathway&keywords=Arginine and proline metabolism
KEGG,African trypanosomiasis,https://www.genome.jp/dbget-bin/www_bfind_sub?mode=bfind&max_hit=1000&dbkey=pathway&keywords=African trypanosomiasis
KEGG,Chagas disease,https://www.genome.jp/dbget-bin/www_bfind_sub?mode=bfind&max_hit=1000&dbkey=pathway&keywords=Chagas disease
KEGG,Adherens junction,https://www.genome.jp/dbget-bin/www_bfind_sub?mode=bfind&max_hit=1000&dbkey=pathway&keywords=Adherens junction
KEGG,Rap1 signaling pathway,https://www.genome.jp/dbget-bin/www_bfind_sub?mode=bfind&max_hit=1000&dbkey=pathway&keywords=Rap1 signaling pathway
KEGG,ErbB signaling pathway,https://www.genome.jp/dbget-bin/www_bfind_sub?mode=bfind&max_hit=1000&dbkey=pathway&keywords=ErbB signaling pathway
KEGG,Glutathione metabolism,https://www.genome.jp/dbget-bin/www_bfind_sub?mode=bfind&max_hit=1000&dbkey=pathway&keywords=Glutathione metabolism
KEGG,Toxoplasmosis,https://www.genome.jp/dbget-bin/www_bfind_sub?mode=bfind&max_hit=1000&dbkey=pathway&keywords=Toxoplasmosis
KEGG,Malaria,https://www.genome.jp/dbget-bin/www_bfind_sub?mode=bfind&max_hit=1000&dbkey=pathway&keywords=Malaria
KEGG,Nicotine addiction,https://www.genome.jp/dbget-bin/www_bfind_sub?mode=bfind&max_hit=1000&dbkey=pathway&keywords=Nicotine addiction
KEGG,Morphine addiction,https://www.genome.jp/dbget-bin/www_bfind_sub?mode=bfind&max_hit=1000&dbkey=pathway&keywords=Morphine addiction
KEGG,Amphetamine addiction,https://www.genome.jp/dbget-bin/www_bfind_sub?mode=bfind&max_hit=1000&dbkey=pathway&keywords=Amphetamine addiction
KEGG,Cocaine addiction,https://www.genome.jp/dbget-bin/www_bfind_sub?mode=bfind&max_hit=1000&dbkey=pathway&keywords=Cocaine addiction
KEGG,Caffeine metabolism,https://www.genome.jp/dbget-bin/www_bfind_sub?mode=bfind&max_hit=1000&dbkey=pathway&keywords=Caffeine metabolism
KEGG,Thyroid cancer,https://www.genome.jp/dbget-bin/www_bfind_sub?mode=bfind&max_hit=1000&dbkey=pathway&keywords=Thyroid cancer
KEGG,Purine metabolism,https://www.genome.jp/dbget-bin/www_bfind_sub?mode=bfind&max_hit=1000&dbkey=pathway&keywords=Purine metabolism
KEGG,Alcoholism,https://www.genome.jp/dbget-bin/www_bfind_sub?mode=bfind&max_hit=1000&dbkey=pathway&keywords=Alcoholism
KEGG,Inositol phosphate metabolism,https://www.genome.jp/dbget-bin/www_bfind_sub?mode=bfind&max_hit=1000&dbkey=pathway&keywords=Inositol phosphate metabolism
KEGG,Glycosylphosphatidylinositol (GPI)-anchor biosynthesis,https://www.genome.jp/dbget-bin/www_bfind_sub?mode=bfind&max_hit=1000&dbkey=pathway&keywords=Glycosylphosphatidylinositol (GPI)-anchor biosynthesis
KEGG,Non-alcoholic fatty liver disease,https://www.genome.jp/dbget-bin/www_bfind_sub?mode=bfind&max_hit=1000&dbkey=pathway&keywords=Non-alcoholic fatty liver disease
KEGG,Glycerolipid metabolism,https://www.genome.jp/dbget-bin/www_bfind_sub?mode=bfind&max_hit=1000&dbkey=pathway&keywords=Glycerolipid metabolism
KEGG,Cysteine and methionine metabolism,https://www.genome.jp/dbget-bin/www_bfind_sub?mode=bfind&max_hit=1000&dbkey=pathway&keywords=Cysteine and methionine metabolism
KEGG,Glycerophospholipid metabolism,https://www.genome.jp/dbget-bin/www_bfind_sub?mode=bfind&max_hit=1000&dbkey=pathway&keywords=Glycerophospholipid metabolism
KEGG,Ether lipid metabolism,https://www.genome.jp/dbget-bin/www_bfind_sub?mode=bfind&max_hit=1000&dbkey=pathway&keywords=Ether lipid metabolism
KEGG,Chemical carcinogenesis - DNA adducts,https://www.genome.jp/dbget-bin/www_bfind_sub?mode=bfind&max_hit=1000&dbkey=pathway&keywords=Chemical carcinogenesis - DNA adducts
KEGG,Propanoate metabolism,https://www.genome.jp/dbget-bin/www_bfind_sub?mode=bfind&max_hit=1000&dbkey=pathway&keywords=Propanoate metabolism
KEGG,"Phenylalanine, tyrosine and tryptophan biosynthesis","https://www.genome.jp/dbget-bin/www_bfind_sub?mode=bfind&max_hit=1000&dbkey=pathway&keywords=Phenylalanine, tyrosine and tryptophan biosynthesis"
KEGG,Non-small cell lung cancer,https://www.genome.jp/dbget-bin/www_bfind_sub?mode=bfind&max_hit=1000&dbkey=pathway&keywords=Non-small cell lung cancer
KEGG,Breast cancer,https://www.genome.jp/dbget-bin/www_bfind_sub?mode=bfind&max_hit=1000&dbkey=pathway&keywords=Breast cancer
KEGG,Melanoma,https://www.genome.jp/dbget-bin/www_bfind_sub?mode=bfind&max_hit=1000&dbkey=pathway&keywords=Melanoma
KEGG,PPAR signaling pathway,https://www.genome.jp/dbget-bin/www_bfind_sub?mode=bfind&max_hit=1000&dbkey=pathway&keywords=PPAR signaling pathway
KEGG,Non-homologous end-joining,https://www.genome.jp/dbget-bin/www_bfind_sub?mode=bfind&max_hit=1000&dbkey=pathway&keywords=Non-homologous end-joining
KEGG,Renin-angiotensin system,https://www.genome.jp/dbget-bin/www_bfind_sub?mode=bfind&max_hit=1000&dbkey=pathway&keywords=Renin-angiotensin system
KEGG,Bacterial invasion of epithelial cells,https://www.genome.jp/dbget-bin/www_bfind_sub?mode=bfind&max_hit=1000&dbkey=pathway&keywords=Bacterial invasion of epithelial cells
KEGG,Complement and coagulation cascades,https://www.genome.jp/dbget-bin/www_bfind_sub?mode=bfind&max_hit=1000&dbkey=pathway&keywords=Complement and coagulation cascades
KEGG,Platelet activation,https://www.genome.jp/dbget-bin/www_bfind_sub?mode=bfind&max_hit=1000&dbkey=pathway&keywords=Platelet activation
KEGG,Antigen processing and presentation,https://www.genome.jp/dbget-bin/www_bfind_sub?mode=bfind&max_hit=1000&dbkey=pathway&keywords=Antigen processing and presentation
KEGG,Nitrogen metabolism,https://www.genome.jp/dbget-bin/www_bfind_sub?mode=bfind&max_hit=1000&dbkey=pathway&keywords=Nitrogen metabolism
KEGG,Autophagy - animal,https://www.genome.jp/dbget-bin/www_bfind_sub?mode=bfind&max_hit=1000&dbkey=pathway&keywords=Autophagy - animal
KEGG,Protein processing in endoplasmic reticulum,https://www.genome.jp/dbget-bin/www_bfind_sub?mode=bfind&max_hit=1000&dbkey=pathway&keywords=Protein processing in endoplasmic reticulum
KEGG,Lysosome,https://www.genome.jp/dbget-bin/www_bfind_sub?mode=bfind&max_hit=1000&dbkey=pathway&keywords=Lysosome
KEGG,"Valine, leucine and isoleucine degradation","https://www.genome.jp/dbget-bin/www_bfind_sub?mode=bfind&max_hit=1000&dbkey=pathway&keywords=Valine, leucine and isoleucine degradation"
KEGG,Pertussis,https://www.genome.jp/dbget-bin/www_bfind_sub?mode=bfind&max_hit=1000&dbkey=pathway&keywords=Pertussis
KEGG,Spliceosome,https://www.genome.jp/dbget-bin/www_bfind_sub?mode=bfind&max_hit=1000&dbkey=pathway&keywords=Spliceosome
KEGG,Phagosome,https://www.genome.jp/dbget-bin/www_bfind_sub?mode=bfind&max_hit=1000&dbkey=pathway&keywords=Phagosome
KEGG,Peroxisome,https://www.genome.jp/dbget-bin/www_bfind_sub?mode=bfind&max_hit=1000&dbkey=pathway&keywords=Peroxisome
KEGG,Ubiquitin mediated proteolysis,https://www.genome.jp/dbget-bin/www_bfind_sub?mode=bfind&max_hit=1000&dbkey=pathway&keywords=Ubiquitin mediated proteolysis
KEGG,Ferroptosis,https://www.genome.jp/dbget-bin/www_bfind_sub?mode=bfind&max_hit=1000&dbkey=pathway&keywords=Ferroptosis
KEGG,Glycolysis / Gluconeogenesis,https://www.genome.jp/dbget-bin/www_bfind_sub?mode=bfind&max_hit=1000&dbkey=pathway&keywords=Glycolysis / Gluconeogenesis
KEGG,Cell adhesion molecules,https://www.genome.jp/dbget-bin/www_bfind_sub?mode=bfind&max_hit=1000&dbkey=pathway&keywords=Cell adhesion molecules
KEGG,Staphylococcus aureus infection,https://www.genome.jp/dbget-bin/www_bfind_sub?mode=bfind&max_hit=1000&dbkey=pathway&keywords=Staphylococcus aureus infection
KEGG,ECM-receptor interaction,https://www.genome.jp/dbget-bin/www_bfind_sub?mode=bfind&max_hit=1000&dbkey=pathway&keywords=ECM-receptor interaction
KEGG,Tuberculosis,https://www.genome.jp/dbget-bin/www_bfind_sub?mode=bfind&max_hit=1000&dbkey=pathway&keywords=Tuberculosis
KEGG,Focal adhesion,https://www.genome.jp/dbget-bin/www_bfind_sub?mode=bfind&max_hit=1000&dbkey=pathway&keywords=Focal adhesion
KEGG,TGF-beta signaling pathway,https://www.genome.jp/dbget-bin/www_bfind_sub?mode=bfind&max_hit=1000&dbkey=pathway&keywords=TGF-beta signaling pathway
KEGG,Calcium signaling pathway,https://www.genome.jp/dbget-bin/www_bfind_sub?mode=bfind&max_hit=1000&dbkey=pathway&keywords=Calcium signaling pathway
KEGG,Prion disease,https://www.genome.jp/dbget-bin/www_bfind_sub?mode=bfind&max_hit=1000&dbkey=pathway&keywords=Prion disease
KEGG,Asthma,https://www.genome.jp/dbget-bin/www_bfind_sub?mode=bfind&max_hit=1000&dbkey=pathway&keywords=Asthma
KEGG,cAMP signaling pathway,https://www.genome.jp/dbget-bin/www_bfind_sub?mode=bfind&max_hit=1000&dbkey=pathway&keywords=cAMP signaling pathway
KEGG,Glioma,https://www.genome.jp/dbget-bin/www_bfind_sub?mode=bfind&max_hit=1000&dbkey=pathway&keywords=Glioma
KEGG,Progesterone-mediated oocyte maturation,https://www.genome.jp/dbget-bin/www_bfind_sub?mode=bfind&max_hit=1000&dbkey=pathway&keywords=Progesterone-mediated oocyte maturation
KEGG,Regulation of actin cytoskeleton,https://www.genome.jp/dbget-bin/www_bfind_sub?mode=bfind&max_hit=1000&dbkey=pathway&keywords=Regulation of actin cytoskeleton
KEGG,Relaxin signaling pathway,https://www.genome.jp/dbget-bin/www_bfind_sub?mode=bfind&max_hit=1000&dbkey=pathway&keywords=Relaxin signaling pathway
KEGG,Butanoate metabolism,https://www.genome.jp/dbget-bin/www_bfind_sub?mode=bfind&max_hit=1000&dbkey=pathway&keywords=Butanoate metabolism
KEGG,Mitophagy - animal,https://www.genome.jp/dbget-bin/www_bfind_sub?mode=bfind&max_hit=1000&dbkey=pathway&keywords=Mitophagy - animal
KEGG,Folate biosynthesis,https://www.genome.jp/dbget-bin/www_bfind_sub?mode=bfind&max_hit=1000&dbkey=pathway&keywords=Folate biosynthesis
KEGG,beta-Alanine metabolism,https://www.genome.jp/dbget-bin/www_bfind_sub?mode=bfind&max_hit=1000&dbkey=pathway&keywords=beta-Alanine metabolism
KEGG,Maturity onset diabetes of the young,https://www.genome.jp/dbget-bin/www_bfind_sub?mode=bfind&max_hit=1000&dbkey=pathway&keywords=Maturity onset diabetes of the young
KEGG,Homologous recombination,https://www.genome.jp/dbget-bin/www_bfind_sub?mode=bfind&max_hit=1000&dbkey=pathway&keywords=Homologous recombination
KEGG,TNF signaling pathway,https://www.genome.jp/dbget-bin/www_bfind_sub?mode=bfind&max_hit=1000&dbkey=pathway&keywords=TNF signaling pathway
KEGG,Terpenoid backbone biosynthesis,https://www.genome.jp/dbget-bin/www_bfind_sub?mode=bfind&max_hit=1000&dbkey=pathway&keywords=Terpenoid backbone biosynthesis
KEGG,T cell receptor signaling pathway,https://www.genome.jp/dbget-bin/www_bfind_sub?mode=bfind&max_hit=1000&dbkey=pathway&keywords=T cell receptor signaling pathway
KEGG,Alcoholic liver disease,https://www.genome.jp/dbget-bin/www_bfind_sub?mode=bfind&max_hit=1000&dbkey=pathway&keywords=Alcoholic liver disease
KEGG,"Valine, leucine and isoleucine biosynthesis","https://www.genome.jp/dbget-bin/www_bfind_sub?mode=bfind&max_hit=1000&dbkey=pathway&keywords=Valine, leucine and isoleucine biosynthesis"
KEGG,mRNA surveillance pathway,https://www.genome.jp/dbget-bin/www_bfind_sub?mode=bfind&max_hit=1000&dbkey=pathway&keywords=mRNA surveillance pathway
KEGG,Ras signaling pathway,https://www.genome.jp/dbget-bin/www_bfind_sub?mode=bfind&max_hit=1000&dbkey=pathway&keywords=Ras signaling pathway
KEGG,AGE-RAGE signaling pathway in diabetic complications,https://www.genome.jp/dbget-bin/www_bfind_sub?mode=bfind&max_hit=1000&dbkey=pathway&keywords=AGE-RAGE signaling pathway in diabetic complications
KEGG,Fc gamma R-mediated phagocytosis,https://www.genome.jp/dbget-bin/www_bfind_sub?mode=bfind&max_hit=1000&dbkey=pathway&keywords=Fc gamma R-mediated phagocytosis
KEGG,Human cytomegalovirus infection,https://www.genome.jp/dbget-bin/www_bfind_sub?mode=bfind&max_hit=1000&dbkey=pathway&keywords=Human cytomegalovirus infection
KEGG,DNA replication,https://www.genome.jp/dbget-bin/www_bfind_sub?mode=bfind&max_hit=1000&dbkey=pathway&keywords=DNA replication
KEGG,Phototransduction,https://www.genome.jp/dbget-bin/www_bfind_sub?mode=bfind&max_hit=1000&dbkey=pathway&keywords=Phototransduction
KEGG,Leishmaniasis,https://www.genome.jp/dbget-bin/www_bfind_sub?mode=bfind&max_hit=1000&dbkey=pathway&keywords=Leishmaniasis
KEGG,Taste transduction,https://www.genome.jp/dbget-bin/www_bfind_sub?mode=bfind&max_hit=1000&dbkey=pathway&keywords=Taste transduction
KEGG,Olfactory transduction,https://www.genome.jp/dbget-bin/www_bfind_sub?mode=bfind&max_hit=1000&dbkey=pathway&keywords=Olfactory transduction
KEGG,Citrate cycle (TCA cycle),https://www.genome.jp/dbget-bin/www_bfind_sub?mode=bfind&max_hit=1000&dbkey=pathway&keywords=Citrate cycle (TCA cycle)
KEGG,B cell receptor signaling pathway,https://www.genome.jp/dbget-bin/www_bfind_sub?mode=bfind&max_hit=1000&dbkey=pathway&keywords=B cell receptor signaling pathway
KEGG,Porphyrin and chlorophyll metabolism,https://www.genome.jp/dbget-bin/www_bfind_sub?mode=bfind&max_hit=1000&dbkey=pathway&keywords=Porphyrin and chlorophyll metabolism
KEGG,Steroid hormone biosynthesis,https://www.genome.jp/dbget-bin/www_bfind_sub?mode=bfind&max_hit=1000&dbkey=pathway&keywords=Steroid hormone biosynthesis
KEGG,Amoebiasis,https://www.genome.jp/dbget-bin/www_bfind_sub?mode=bfind&max_hit=1000&dbkey=pathway&keywords=Amoebiasis
KEGG,Rheumatoid arthritis,https://www.genome.jp/dbget-bin/www_bfind_sub?mode=bfind&max_hit=1000&dbkey=pathway&keywords=Rheumatoid arthritis
KEGG,Systemic lupus erythematosus,https://www.genome.jp/dbget-bin/www_bfind_sub?mode=bfind&max_hit=1000&dbkey=pathway&keywords=Systemic lupus erythematosus
KEGG,Inflammatory bowel disease,https://www.genome.jp/dbget-bin/www_bfind_sub?mode=bfind&max_hit=1000&dbkey=pathway&keywords=Inflammatory bowel disease
KEGG,Autophagy - other,https://www.genome.jp/dbget-bin/www_bfind_sub?mode=bfind&max_hit=1000&dbkey=pathway&keywords=Autophagy - other
KEGG,Oxytocin signaling pathway,https://www.genome.jp/dbget-bin/www_bfind_sub?mode=bfind&max_hit=1000&dbkey=pathway&keywords=Oxytocin signaling pathway
KEGG,Axon guidance,https://www.genome.jp/dbget-bin/www_bfind_sub?mode=bfind&max_hit=1000&dbkey=pathway&keywords=Axon guidance
KEGG,MAPK signaling pathway,https://www.genome.jp/dbget-bin/www_bfind_sub?mode=bfind&max_hit=1000&dbkey=pathway&keywords=MAPK signaling pathway
KEGG,SNARE interactions in vesicular transport,https://www.genome.jp/dbget-bin/www_bfind_sub?mode=bfind&max_hit=1000&dbkey=pathway&keywords=SNARE interactions in vesicular transport
KEGG,Tyrosine metabolism,https://www.genome.jp/dbget-bin/www_bfind_sub?mode=bfind&max_hit=1000&dbkey=pathway&keywords=Tyrosine metabolism
KEGG,Pyruvate metabolism,https://www.genome.jp/dbget-bin/www_bfind_sub?mode=bfind&max_hit=1000&dbkey=pathway&keywords=Pyruvate metabolism
KEGG,Primary immunodeficiency,https://www.genome.jp/dbget-bin/www_bfind_sub?mode=bfind&max_hit=1000&dbkey=pathway&keywords=Primary immunodeficiency
KEGG,Inflammatory mediator regulation of TRP channels,https://www.genome.jp/dbget-bin/www_bfind_sub?mode=bfind&max_hit=1000&dbkey=pathway&keywords=Inflammatory mediator regulation of TRP channels
KEGG,Type I diabetes mellitus,https://www.genome.jp/dbget-bin/www_bfind_sub?mode=bfind&max_hit=1000&dbkey=pathway&keywords=Type I diabetes mellitus
KEGG,Lipoic acid metabolism,https://www.genome.jp/dbget-bin/www_bfind_sub?mode=bfind&max_hit=1000&dbkey=pathway&keywords=Lipoic acid metabolism
KEGG,Biotin metabolism,https://www.genome.jp/dbget-bin/www_bfind_sub?mode=bfind&max_hit=1000&dbkey=pathway&keywords=Biotin metabolism
KEGG,Mismatch repair,https://www.genome.jp/dbget-bin/www_bfind_sub?mode=bfind&max_hit=1000&dbkey=pathway&keywords=Mismatch repair
KEGG,Insulin secretion,https://www.genome.jp/dbget-bin/www_bfind_sub?mode=bfind&max_hit=1000&dbkey=pathway&keywords=Insulin secretion
KEGG,"Parathyroid hormone synthesis, secretion and action","https://www.genome.jp/dbget-bin/www_bfind_sub?mode=bfind&max_hit=1000&dbkey=pathway&keywords=Parathyroid hormone synthesis, secretion and action"
KEGG,GnRH secretion,https://www.genome.jp/dbget-bin/www_bfind_sub?mode=bfind&max_hit=1000&dbkey=pathway&keywords=GnRH secretion
KEGG,Intestinal immune network for IgA production,https://www.genome.jp/dbget-bin/www_bfind_sub?mode=bfind&max_hit=1000&dbkey=pathway&keywords=Intestinal immune network for IgA production
KEGG,Cortisol synthesis and secretion,https://www.genome.jp/dbget-bin/www_bfind_sub?mode=bfind&max_hit=1000&dbkey=pathway&keywords=Cortisol synthesis and secretion
KEGG,Leukocyte transendothelial migration,https://www.genome.jp/dbget-bin/www_bfind_sub?mode=bfind&max_hit=1000&dbkey=pathway&keywords=Leukocyte transendothelial migration
KEGG,Aldosterone synthesis and secretion,https://www.genome.jp/dbget-bin/www_bfind_sub?mode=bfind&max_hit=1000&dbkey=pathway&keywords=Aldosterone synthesis and secretion
KEGG,Glucagon signaling pathway,https://www.genome.jp/dbget-bin/www_bfind_sub?mode=bfind&max_hit=1000&dbkey=pathway&keywords=Glucagon signaling pathway
KEGG,Regulation of lipolysis in adipocytes,https://www.genome.jp/dbget-bin/www_bfind_sub?mode=bfind&max_hit=1000&dbkey=pathway&keywords=Regulation of lipolysis in adipocytes
KEGG,Adipocytokine signaling pathway,https://www.genome.jp/dbget-bin/www_bfind_sub?mode=bfind&max_hit=1000&dbkey=pathway&keywords=Adipocytokine signaling pathway
KEGG,Salmonella infection,https://www.genome.jp/dbget-bin/www_bfind_sub?mode=bfind&max_hit=1000&dbkey=pathway&keywords=Salmonella infection
KEGG,Ubiquinone and other terpenoid-quinone biosynthesis,https://www.genome.jp/dbget-bin/www_bfind_sub?mode=bfind&max_hit=1000&dbkey=pathway&keywords=Ubiquinone and other terpenoid-quinone biosynthesis
KEGG,Aminoacyl-tRNA biosynthesis,https://www.genome.jp/dbget-bin/www_bfind_sub?mode=bfind&max_hit=1000&dbkey=pathway&keywords=Aminoacyl-tRNA biosynthesis
KEGG,Legionellosis,https://www.genome.jp/dbget-bin/www_bfind_sub?mode=bfind&max_hit=1000&dbkey=pathway&keywords=Legionellosis
KEGG,VEGF signaling pathway,https://www.genome.jp/dbget-bin/www_bfind_sub?mode=bfind&max_hit=1000&dbkey=pathway&keywords=VEGF signaling pathway
KEGG,PD-L1 expression and PD-1 checkpoint pathway in cancer,https://www.genome.jp/dbget-bin/www_bfind_sub?mode=bfind&max_hit=1000&dbkey=pathway&keywords=PD-L1 expression and PD-1 checkpoint pathway in cancer
KEGG,"Glycine, serine and threonine metabolism","https://www.genome.jp/dbget-bin/www_bfind_sub?mode=bfind&max_hit=1000&dbkey=pathway&keywords=Glycine, serine and threonine metabolism"
KEGG,Thiamine metabolism,https://www.genome.jp/dbget-bin/www_bfind_sub?mode=bfind&max_hit=1000&dbkey=pathway&keywords=Thiamine metabolism
KEGG,Sulfur relay system,https://www.genome.jp/dbget-bin/www_bfind_sub?mode=bfind&max_hit=1000&dbkey=pathway&keywords=Sulfur relay system
KEGG,Central carbon metabolism in cancer,https://www.genome.jp/dbget-bin/www_bfind_sub?mode=bfind&max_hit=1000&dbkey=pathway&keywords=Central carbon metabolism in cancer
KEGG,Gap junction,https://www.genome.jp/dbget-bin/www_bfind_sub?mode=bfind&max_hit=1000&dbkey=pathway&keywords=Gap junction
KEGG,Allograft rejection,https://www.genome.jp/dbget-bin/www_bfind_sub?mode=bfind&max_hit=1000&dbkey=pathway&keywords=Allograft rejection
KEGG,Choline metabolism in cancer,https://www.genome.jp/dbget-bin/www_bfind_sub?mode=bfind&max_hit=1000&dbkey=pathway&keywords=Choline metabolism in cancer
KEGG,Histidine metabolism,https://www.genome.jp/dbget-bin/www_bfind_sub?mode=bfind&max_hit=1000&dbkey=pathway&keywords=Histidine metabolism
KEGG,Metabolism of xenobiotics by cytochrome P450,https://www.genome.jp/dbget-bin/www_bfind_sub?mode=bfind&max_hit=1000&dbkey=pathway&keywords=Metabolism of xenobiotics by cytochrome P450
KEGG,"Growth hormone synthesis, secretion and action","https://www.genome.jp/dbget-bin/www_bfind_sub?mode=bfind&max_hit=1000&dbkey=pathway&keywords=Growth hormone synthesis, secretion and action"
KEGG,Drug metabolism - cytochrome P450,https://www.genome.jp/dbget-bin/www_bfind_sub?mode=bfind&max_hit=1000&dbkey=pathway&keywords=Drug metabolism - cytochrome P450
KEGG,Drug metabolism - other enzymes,https://www.genome.jp/dbget-bin/www_bfind_sub?mode=bfind&max_hit=1000&dbkey=pathway&keywords=Drug metabolism - other enzymes
KEGG,Taurine and hypotaurine metabolism,https://www.genome.jp/dbget-bin/www_bfind_sub?mode=bfind&max_hit=1000&dbkey=pathway&keywords=Taurine and hypotaurine metabolism
KEGG,Graft-versus-host disease,https://www.genome.jp/dbget-bin/www_bfind_sub?mode=bfind&max_hit=1000&dbkey=pathway&keywords=Graft-versus-host disease
KEGG,Dilated cardiomyopathy,https://www.genome.jp/dbget-bin/www_bfind_sub?mode=bfind&max_hit=1000&dbkey=pathway&keywords=Dilated cardiomyopathy
KEGG,Hypertrophic cardiomyopathy,https://www.genome.jp/dbget-bin/www_bfind_sub?mode=bfind&max_hit=1000&dbkey=pathway&keywords=Hypertrophic cardiomyopathy
KEGG,C-type lectin receptor signaling pathway,https://www.genome.jp/dbget-bin/www_bfind_sub?mode=bfind&max_hit=1000&dbkey=pathway&keywords=C-type lectin receptor signaling pathway
KEGG,Adrenergic signaling in cardiomyocytes,https://www.genome.jp/dbget-bin/www_bfind_sub?mode=bfind&max_hit=1000&dbkey=pathway&keywords=Adrenergic signaling in cardiomyocytes
KEGG,Glycosaminoglycan biosynthesis - heparan sulfate / heparin,https://www.genome.jp/dbget-bin/www_bfind_sub?mode=bfind&max_hit=1000&dbkey=pathway&keywords=Glycosaminoglycan biosynthesis - heparan sulfate / heparin
KEGG,Yersinia infection,https://www.genome.jp/dbget-bin/www_bfind_sub?mode=bfind&max_hit=1000&dbkey=pathway&keywords=Yersinia infection
KEGG,Glycosaminoglycan degradation,https://www.genome.jp/dbget-bin/www_bfind_sub?mode=bfind&max_hit=1000&dbkey=pathway&keywords=Glycosaminoglycan degradation
KEGG,Cushing syndrome,https://www.genome.jp/dbget-bin/www_bfind_sub?mode=bfind&max_hit=1000&dbkey=pathway&keywords=Cushing syndrome
KEGG,Glycosaminoglycan biosynthesis - keratan sulfate,https://www.genome.jp/dbget-bin/www_bfind_sub?mode=bfind&max_hit=1000&dbkey=pathway&keywords=Glycosaminoglycan biosynthesis - keratan sulfate
KEGG,Glycosaminoglycan biosynthesis - chondroitin sulfate / dermatan sulfate,https://www.genome.jp/dbget-bin/www_bfind_sub?mode=bfind&max_hit=1000&dbkey=pathway&keywords=Glycosaminoglycan biosynthesis - chondroitin sulfate / dermatan sulfate
KEGG,ABC transporters,https://www.genome.jp/dbget-bin/www_bfind_sub?mode=bfind&max_hit=1000&dbkey=pathway&keywords=ABC transporters
KEGG,Hedgehog signaling pathway,https://www.genome.jp/dbget-bin/www_bfind_sub?mode=bfind&max_hit=1000&dbkey=pathway&keywords=Hedgehog signaling pathway
KEGG,Thyroid hormone signaling pathway,https://www.genome.jp/dbget-bin/www_bfind_sub?mode=bfind&max_hit=1000&dbkey=pathway&keywords=Thyroid hormone signaling pathway
KEGG,Thyroid hormone synthesis,https://www.genome.jp/dbget-bin/www_bfind_sub?mode=bfind&max_hit=1000&dbkey=pathway&keywords=Thyroid hormone synthesis
KEGG,Neutrophil extracellular trap formation,https://www.genome.jp/dbget-bin/www_bfind_sub?mode=bfind&max_hit=1000&dbkey=pathway&keywords=Neutrophil extracellular trap formation
KEGG,Pathways of neurodegeneration - multiple diseases,https://www.genome.jp/dbget-bin/www_bfind_sub?mode=bfind&max_hit=1000&dbkey=pathway&keywords=Pathways of neurodegeneration - multiple diseases
KEGG,RNA degradation,https://www.genome.jp/dbget-bin/www_bfind_sub?mode=bfind&max_hit=1000&dbkey=pathway&keywords=RNA degradation
KEGG,Ovarian steroidogenesis,https://www.genome.jp/dbget-bin/www_bfind_sub?mode=bfind&max_hit=1000&dbkey=pathway&keywords=Ovarian steroidogenesis
KEGG,GnRH signaling pathway,https://www.genome.jp/dbget-bin/www_bfind_sub?mode=bfind&max_hit=1000&dbkey=pathway&keywords=GnRH signaling pathway
KEGG,Insulin signaling pathway,https://www.genome.jp/dbget-bin/www_bfind_sub?mode=bfind&max_hit=1000&dbkey=pathway&keywords=Insulin signaling pathway
KEGG,Nucleocytoplasmic transport,https://www.genome.jp/dbget-bin/www_bfind_sub?mode=bfind&max_hit=1000&dbkey=pathway&keywords=Nucleocytoplasmic transport
KEGG,Melanogenesis,https://www.genome.jp/dbget-bin/www_bfind_sub?mode=bfind&max_hit=1000&dbkey=pathway&keywords=Melanogenesis
KEGG,Estrogen signaling pathway,https://www.genome.jp/dbget-bin/www_bfind_sub?mode=bfind&max_hit=1000&dbkey=pathway&keywords=Estrogen signaling pathway
KEGG,Ribosome,https://www.genome.jp/dbget-bin/www_bfind_sub?mode=bfind&max_hit=1000&dbkey=pathway&keywords=Ribosome
KEGG,Apoptosis,https://www.genome.jp/dbget-bin/www_bfind_sub?mode=bfind&max_hit=1000&dbkey=pathway&keywords=Apoptosis
KEGG,Longevity regulating pathway,https://www.genome.jp/dbget-bin/www_bfind_sub?mode=bfind&max_hit=1000&dbkey=pathway&keywords=Longevity regulating pathway
KEGG,Longevity regulating pathway - multiple species,https://www.genome.jp/dbget-bin/www_bfind_sub?mode=bfind&max_hit=1000&dbkey=pathway&keywords=Longevity regulating pathway - multiple species
KEGG,Apoptosis - multiple species,https://www.genome.jp/dbget-bin/www_bfind_sub?mode=bfind&max_hit=1000&dbkey=pathway&keywords=Apoptosis - multiple species
KEGG,Nucleotide excision repair,https://www.genome.jp/dbget-bin/www_bfind_sub?mode=bfind&max_hit=1000&dbkey=pathway&keywords=Nucleotide excision repair
KEGG,Necroptosis,https://www.genome.jp/dbget-bin/www_bfind_sub?mode=bfind&max_hit=1000&dbkey=pathway&keywords=Necroptosis
KEGG,Cellular senescence,https://www.genome.jp/dbget-bin/www_bfind_sub?mode=bfind&max_hit=1000&dbkey=pathway&keywords=Cellular senescence
KEGG,Primary bile acid biosynthesis,https://www.genome.jp/dbget-bin/www_bfind_sub?mode=bfind&max_hit=1000&dbkey=pathway&keywords=Primary bile acid biosynthesis
KEGG,Apelin signaling pathway,https://www.genome.jp/dbget-bin/www_bfind_sub?mode=bfind&max_hit=1000&dbkey=pathway&keywords=Apelin signaling pathway
KEGG,Cardiac muscle contraction,https://www.genome.jp/dbget-bin/www_bfind_sub?mode=bfind&max_hit=1000&dbkey=pathway&keywords=Cardiac muscle contraction
KEGG,Gastric cancer,https://www.genome.jp/dbget-bin/www_bfind_sub?mode=bfind&max_hit=1000&dbkey=pathway&keywords=Gastric cancer
KEGG,Cell cycle,https://www.genome.jp/dbget-bin/www_bfind_sub?mode=bfind&max_hit=1000&dbkey=pathway&keywords=Cell cycle
KEGG,Small cell lung cancer,https://www.genome.jp/dbget-bin/www_bfind_sub?mode=bfind&max_hit=1000&dbkey=pathway&keywords=Small cell lung cancer
KEGG,Pentose and glucuronate interconversions,https://www.genome.jp/dbget-bin/www_bfind_sub?mode=bfind&max_hit=1000&dbkey=pathway&keywords=Pentose and glucuronate interconversions
KEGG,Chronic myeloid leukemia,https://www.genome.jp/dbget-bin/www_bfind_sub?mode=bfind&max_hit=1000&dbkey=pathway&keywords=Chronic myeloid leukemia
KEGG,Oocyte meiosis,https://www.genome.jp/dbget-bin/www_bfind_sub?mode=bfind&max_hit=1000&dbkey=pathway&keywords=Oocyte meiosis
KEGG,p53 signaling pathway,https://www.genome.jp/dbget-bin/www_bfind_sub?mode=bfind&max_hit=1000&dbkey=pathway&keywords=p53 signaling pathway
KEGG,Glycosphingolipid biosynthesis - ganglio series,https://www.genome.jp/dbget-bin/www_bfind_sub?mode=bfind&max_hit=1000&dbkey=pathway&keywords=Glycosphingolipid biosynthesis - ganglio series
KEGG,Glycosphingolipid biosynthesis - globo and isoglobo series,https://www.genome.jp/dbget-bin/www_bfind_sub?mode=bfind&max_hit=1000&dbkey=pathway&keywords=Glycosphingolipid biosynthesis - globo and isoglobo series
KEGG,Biosynthesis of unsaturated fatty acids,https://www.genome.jp/dbget-bin/www_bfind_sub?mode=bfind&max_hit=1000&dbkey=pathway&keywords=Biosynthesis of unsaturated fatty acids
KEGG,Sphingolipid metabolism,https://www.genome.jp/dbget-bin/www_bfind_sub?mode=bfind&max_hit=1000&dbkey=pathway&keywords=Sphingolipid metabolism
KEGG,Phosphonate and phosphinate metabolism,https://www.genome.jp/dbget-bin/www_bfind_sub?mode=bfind&max_hit=1000&dbkey=pathway&keywords=Phosphonate and phosphinate metabolism
KEGG,Phosphatidylinositol signaling system,https://www.genome.jp/dbget-bin/www_bfind_sub?mode=bfind&max_hit=1000&dbkey=pathway&keywords=Phosphatidylinositol signaling system
KEGG,Chemical carcinogenesis - reactive oxygen species,https://www.genome.jp/dbget-bin/www_bfind_sub?mode=bfind&max_hit=1000&dbkey=pathway&keywords=Chemical carcinogenesis - reactive oxygen species
KEGG,"Neomycin, kanamycin and gentamicin biosynthesis","https://www.genome.jp/dbget-bin/www_bfind_sub?mode=bfind&max_hit=1000&dbkey=pathway&keywords=Neomycin, kanamycin and gentamicin biosynthesis"
KEGG,Amino sugar and nucleotide sugar metabolism,https://www.genome.jp/dbget-bin/www_bfind_sub?mode=bfind&max_hit=1000&dbkey=pathway&keywords=Amino sugar and nucleotide sugar metabolism
KEGG,Toll-like receptor signaling pathway,https://www.genome.jp/dbget-bin/www_bfind_sub?mode=bfind&max_hit=1000&dbkey=pathway&keywords=Toll-like receptor signaling pathway
Panther_Pathway,Gonadotropin-releasing hormone receptor pathway,https://www.pantherdb.org/pathway/pathwayList.do?searchType=basic&fieldName=all&organism=all&fieldValue=Gonadotropin-releasing%20hormone%20receptor%20pathway&listType=8
Panther_Pathway,Interleukin signaling pathway,https://www.pantherdb.org/pathway/pathwayList.do?searchType=basic&fieldName=all&organism=all&fieldValue=Interleukin%20signaling%20pathway&listType=8
Panther_Pathway,Cytoskeletal regulation by Rho GTPase,https://www.pantherdb.org/pathway/pathwayList.do?searchType=basic&fieldName=all&organism=all&fieldValue=Cytoskeletal%20regulation%20by%20Rho%20GTPase&listType=8
Panther_Pathway,Axon guidance mediated by semaphorins,https://www.pantherdb.org/pathway/pathwayList.do?searchType=basic&fieldName=all&organism=all&fieldValue=Axon%20guidance%20mediated%20by%20semaphorins&listType=8
Panther_Pathway,Apoptosis signaling pathway,https://www.pantherdb.org/pathway/pathwayList.do?searchType=basic&fieldName=all&organism=all&fieldValue=Apoptosis%20signaling%20pathway&listType=8
Panther_Pathway,T cell activation,https://www.pantherdb.org/pathway/pathwayList.do?searchType=basic&fieldName=all&organism=all&fieldValue=T%20cell%20activation&listType=8
Panther_Pathway,B cell activation,https://www.pantherdb.org/pathway/pathwayList.do?searchType=basic&fieldName=all&organism=all&fieldValue=B%20cell%20activation&listType=8
Panther_Pathway,Angiogenesis,https://www.pantherdb.org/pathway/pathwayList.do?searchType=basic&fieldName=all&organism=all&fieldValue=Angiogenesis&listType=8
Panther_Pathway,Blood coagulation,https://www.pantherdb.org/pathway/pathwayList.do?searchType=basic&fieldName=all&organism=all&fieldValue=Blood%20coagulation&listType=8
Panther_Pathway,Heterotrimeric G-protein signaling pathway-Gi alpha and Gs alpha mediated pathway,https://www.pantherdb.org/pathway/pathwayList.do?searchType=basic&fieldName=all&organism=all&fieldValue=Heterotrimeric%20G-protein%20signaling%20pathway-Gi%20alpha%20and%20Gs%20alpha%20mediated%20pathway&listType=8
Panther_Pathway,Insulin/IGF pathway-mitogen activated protein kinase kinase/MAP kinase cascade,https://www.pantherdb.org/pathway/pathwayList.do?searchType=basic&fieldName=all&organism=all&fieldValue=Insulin%2FIGF%20pathway-mitogen%20activated%20protein%20kinase%20kinase%2FMAP%20kinase%20cascade&listType=8
Panther_Pathway,Oxidative stress response,https://www.pantherdb.org/pathway/pathwayList.do?searchType=basic&fieldName=all&organism=all&fieldValue=Oxidative%20stress%20response&listType=8
Panther_Pathway,PDGF signaling pathway,https://www.pantherdb.org/pathway/pathwayList.do?searchType=basic&fieldName=all&organism=all&fieldValue=PDGF%20signaling%20pathway&listType=8
Panther_Pathway,Parkinson disease,https://www.pantherdb.org/pathway/pathwayList.do?searchType=basic&fieldName=all&organism=all&fieldValue=Parkinson%20disease&listType=8
Panther_Pathway,Toll receptor signaling pathway,https://www.pantherdb.org/pathway/pathwayList.do?searchType=basic&fieldName=all&organism=all&fieldValue=Toll%20receptor%20signaling%20pathway&listType=8
Panther_Pathway,Ras Pathway,https://www.pantherdb.org/pathway/pathwayList.do?searchType=basic&fieldName=all&organism=all&fieldValue=Ras%20Pathway&listType=8
Panther_Pathway,Angiotensin II-stimulated signaling through G proteins and beta-arrestin,https://www.pantherdb.org/pathway/pathwayList.do?searchType=basic&fieldName=all&organism=all&fieldValue=Angiotensin%20II-stimulated%20signaling%20through%20G%20proteins%20and%20beta-arrestin&listType=8
Panther_Pathway,p38 MAPK pathway,https://www.pantherdb.org/pathway/pathwayList.do?searchType=basic&fieldName=all&organism=all&fieldValue=p38%20MAPK%20pathway&listType=8
Panther_Pathway,p53 pathway,https://www.pantherdb.org/pathway/pathwayList.do?searchType=basic&fieldName=all&organism=all&fieldValue=p53%20pathway&listType=8
Panther_Pathway,Huntington disease,https://www.pantherdb.org/pathway/pathwayList.do?searchType=basic&fieldName=all&organism=all&fieldValue=Huntington%20disease&listType=8
Panther_Pathway,Heterotrimeric G-protein signaling pathway-rod outer segment phototransduction,https://www.pantherdb.org/pathway/pathwayList.do?searchType=basic&fieldName=all&organism=all&fieldValue=Heterotrimeric%20G-protein%20signaling%20pathway-rod%20outer%20segment%20phototransduction&listType=8
Panther_Pathway,Metabotropic glutamate receptor group III pathway,https://www.pantherdb.org/pathway/pathwayList.do?searchType=basic&fieldName=all&organism=all&fieldValue=Metabotropic%20glutamate%20receptor%20group%20III%20pathway&listType=8
Panther_Pathway,Metabotropic glutamate receptor group II pathway,https://www.pantherdb.org/pathway/pathwayList.do?searchType=basic&fieldName=all&organism=all&fieldValue=Metabotropic%20glutamate%20receptor%20group%20II%20pathway&listType=8
Panther_Pathway,Muscarinic acetylcholine receptor 1 and 3 signaling pathway,https://www.pantherdb.org/pathway/pathwayList.do?searchType=basic&fieldName=all&organism=all&fieldValue=Muscarinic%20acetylcholine%20receptor%201%20and%203%20signaling%20pathway&listType=8
Panther_Pathway,Muscarinic acetylcholine receptor 2 and 4 signaling pathway,https://www.pantherdb.org/pathway/pathwayList.do?searchType=basic&fieldName=all&organism=all&fieldValue=Muscarinic%20acetylcholine%20receptor%202%20and%204%20signaling%20pathway&listType=8
Panther_Pathway,PI3 kinase pathway,https://www.pantherdb.org/pathway/pathwayList.do?searchType=basic&fieldName=all&organism=all&fieldValue=PI3%20kinase%20pathway&listType=8
Panther_Pathway,5HT1 type receptor mediated signaling pathway,https://www.pantherdb.org/pathway/pathwayList.do?searchType=basic&fieldName=all&organism=all&fieldValue=5HT1%20type%20receptor%20mediated%20signaling%20pathway&listType=8
Panther_Pathway,5HT2 type receptor mediated signaling pathway,https://www.pantherdb.org/pathway/pathwayList.do?searchType=basic&fieldName=all&organism=all&fieldValue=5HT2%20type%20receptor%20mediated%20signaling%20pathway&listType=8
Panther_Pathway,5HT4 type receptor mediated signaling pathway,https://www.pantherdb.org/pathway/pathwayList.do?searchType=basic&fieldName=all&organism=all&fieldValue=5HT4%20type%20receptor%20mediated%20signaling%20pathway&listType=8
Panther_Pathway,Beta1 adrenergic receptor signaling pathway,https://www.pantherdb.org/pathway/pathwayList.do?searchType=basic&fieldName=all&organism=all&fieldValue=Beta1%20adrenergic%20receptor%20signaling%20pathway&listType=8
Panther_Pathway,Beta2 adrenergic receptor signaling pathway,https://www.pantherdb.org/pathway/pathwayList.do?searchType=basic&fieldName=all&organism=all&fieldValue=Beta2%20adrenergic%20receptor%20signaling%20pathway&listType=8
Panther_Pathway,Beta3 adrenergic receptor signaling pathway,https://www.pantherdb.org/pathway/pathwayList.do?searchType=basic&fieldName=all&organism=all&fieldValue=Beta3%20adrenergic%20receptor%20signaling%20pathway&listType=8
Panther_Pathway,Cortocotropin releasing factor receptor signaling pathway,https://www.pantherdb.org/pathway/pathwayList.do?searchType=basic&fieldName=all&organism=all&fieldValue=Cortocotropin%20releasing%20factor%20receptor%20signaling%20pathway&listType=8
Panther_Pathway,Histamine H1 receptor mediated signaling pathway,https://www.pantherdb.org/pathway/pathwayList.do?searchType=basic&fieldName=all&organism=all&fieldValue=Histamine%20H1%20receptor%20mediated%20signaling%20pathway&listType=8
Panther_Pathway,Histamine H2 receptor mediated signaling pathway,https://www.pantherdb.org/pathway/pathwayList.do?searchType=basic&fieldName=all&organism=all&fieldValue=Histamine%20H2%20receptor%20mediated%20signaling%20pathway&listType=8
Panther_Pathway,Oxytocin receptor mediated signaling pathway,https://www.pantherdb.org/pathway/pathwayList.do?searchType=basic&fieldName=all&organism=all&fieldValue=Oxytocin%20receptor%20mediated%20signaling%20pathway&listType=8
Panther_Pathway,Thyrotropin-releasing hormone receptor signaling pathway,https://www.pantherdb.org/pathway/pathwayList.do?searchType=basic&fieldName=all&organism=all&fieldValue=Thyrotropin-releasing%20hormone%20receptor%20signaling%20pathway&listType=8
Panther_Pathway,Enkephalin release,https://www.pantherdb.org/pathway/pathwayList.do?searchType=basic&fieldName=all&organism=all&fieldValue=Enkephalin%20release&listType=8
Panther_Pathway,Opioid proenkephalin pathway,https://www.pantherdb.org/pathway/pathwayList.do?searchType=basic&fieldName=all&organism=all&fieldValue=Opioid%20proenkephalin%20pathway&listType=8
Panther_Pathway,Opioid prodynorphin pathway,https://www.pantherdb.org/pathway/pathwayList.do?searchType=basic&fieldName=all&organism=all&fieldValue=Opioid%20prodynorphin%20pathway&listType=8
Panther_Pathway,Opioid proopiomelanocortin pathway,https://www.pantherdb.org/pathway/pathwayList.do?searchType=basic&fieldName=all&organism=all&fieldValue=Opioid%20proopiomelanocortin%20pathway&listType=8
Panther_Pathway,Fructose galactose metabolism,https://www.pantherdb.org/pathway/pathwayList.do?searchType=basic&fieldName=all&organism=all&fieldValue=Fructose%20galactose%20metabolism&listType=8
Panther_Pathway,Inflammation mediated by chemokine and cytokine signaling pathway,https://www.pantherdb.org/pathway/pathwayList.do?searchType=basic&fieldName=all&organism=all&fieldValue=Inflammation%20mediated%20by%20chemokine%20and%20cytokine%20signaling%20pathway&listType=8
Panther_Pathway,Wnt signaling pathway,https://www.pantherdb.org/pathway/pathwayList.do?searchType=basic&fieldName=all&organism=all&fieldValue=Wnt%20signaling%20pathway&listType=8
Panther_Pathway,Alzheimer disease-presenilin pathway,https://www.pantherdb.org/pathway/pathwayList.do?searchType=basic&fieldName=all&organism=all&fieldValue=Alzheimer%20disease-presenilin%20pathway&listType=8
Panther_Pathway,Ionotropic glutamate receptor pathway,https://www.pantherdb.org/pathway/pathwayList.do?searchType=basic&fieldName=all&organism=all&fieldValue=Ionotropic%20glutamate%20receptor%20pathway&listType=8
Panther_Pathway,Vasopressin synthesis,https://www.pantherdb.org/pathway/pathwayList.do?searchType=basic&fieldName=all&organism=all&fieldValue=Vasopressin%20synthesis&listType=8
Panther_Pathway,Cadherin signaling pathway,https://www.pantherdb.org/pathway/pathwayList.do?searchType=basic&fieldName=all&organism=all&fieldValue=Cadherin%20signaling%20pathway&listType=8
Panther_Pathway,Alzheimer disease-amyloid secretase pathway,https://www.pantherdb.org/pathway/pathwayList.do?searchType=basic&fieldName=all&organism=all&fieldValue=Alzheimer%20disease-amyloid%20secretase%20pathway&listType=8
Panther_Pathway,Nicotinic acetylcholine receptor signaling pathway,https://www.pantherdb.org/pathway/pathwayList.do?searchType=basic&fieldName=all&organism=all&fieldValue=Nicotinic%20acetylcholine%20receptor%20signaling%20pathway&listType=8
Panther_Pathway,p53 pathway by glucose deprivation,https://www.pantherdb.org/pathway/pathwayList.do?searchType=basic&fieldName=all&organism=all&fieldValue=p53%20pathway%20by%20glucose%20deprivation&listType=8
Panther_Pathway,Insulin/IGF pathway-protein kinase B signaling cascade,https://www.pantherdb.org/pathway/pathwayList.do?searchType=basic&fieldName=all&organism=all&fieldValue=Insulin%2FIGF%20pathway-protein%20kinase%20B%20signaling%20cascade&listType=8
Panther_Pathway,Integrin signalling pathway,https://www.pantherdb.org/pathway/pathwayList.do?searchType=basic&fieldName=all&organism=all&fieldValue=Integrin%20signalling%20pathway&listType=8
Panther_Pathway,Heterotrimeric G-protein signaling pathway-Gq alpha and Go alpha mediated pathway,https://www.pantherdb.org/pathway/pathwayList.do?searchType=basic&fieldName=all&organism=all&fieldValue=Heterotrimeric%20G-protein%20signaling%20pathway-Gq%20alpha%20and%20Go%20alpha%20mediated%20pathway&listType=8
Panther_Pathway,Endogenous cannabinoid signaling,https://www.pantherdb.org/pathway/pathwayList.do?searchType=basic&fieldName=all&organism=all&fieldValue=Endogenous%20cannabinoid%20signaling&listType=8
Panther_Pathway,GABA-B receptor II signaling,https://www.pantherdb.org/pathway/pathwayList.do?searchType=basic&fieldName=all&organism=all&fieldValue=GABA-B%20receptor%20II%20signaling&listType=8
Panther_Pathway,Dopamine receptor mediated signaling pathway,https://www.pantherdb.org/pathway/pathwayList.do?searchType=basic&fieldName=all&organism=all&fieldValue=Dopamine%20receptor%20mediated%20signaling%20pathway&listType=8
Panther_Pathway,Nicotine pharmacodynamics pathway,https://www.pantherdb.org/pathway/pathwayList.do?searchType=basic&fieldName=all&organism=all&fieldValue=Nicotine%20pharmacodynamics%20pathway&listType=8
Panther_Pathway,Cholesterol biosynthesis,https://www.pantherdb.org/pathway/pathwayList.do?searchType=basic&fieldName=all&organism=all&fieldValue=Cholesterol%20biosynthesis&listType=8
Panther_Pathway,Endothelin signaling pathway,https://www.pantherdb.org/pathway/pathwayList.do?searchType=basic&fieldName=all&organism=all&fieldValue=Endothelin%20signaling%20pathway&listType=8
Panther_Pathway,VEGF signaling pathway,https://www.pantherdb.org/pathway/pathwayList.do?searchType=basic&fieldName=all&organism=all&fieldValue=VEGF%20signaling%20pathway&listType=8
Panther_Pathway,TGF-beta signaling pathway,https://www.pantherdb.org/pathway/pathwayList.do?searchType=basic&fieldName=all&organism=all&fieldValue=TGF-beta%20signaling%20pathway&listType=8
Panther_Pathway,p53 pathway feedback loops 2,https://www.pantherdb.org/pathway/pathwayList.do?searchType=basic&fieldName=all&organism=all&fieldValue=p53%20pathway%20feedback%20loops%202&listType=8
Panther_Pathway,Ubiquitin proteasome pathway,https://www.pantherdb.org/pathway/pathwayList.do?searchType=basic&fieldName=all&organism=all&fieldValue=Ubiquitin%20proteasome%20pathway&listType=8
Panther_Pathway,Adrenaline and noradrenaline biosynthesis,https://www.pantherdb.org/pathway/pathwayList.do?searchType=basic&fieldName=all&organism=all&fieldValue=Adrenaline%20and%20noradrenaline%20biosynthesis&listType=8
Panther_Pathway,Synaptic vesicle trafficking,https://www.pantherdb.org/pathway/pathwayList.do?searchType=basic&fieldName=all&organism=all&fieldValue=Synaptic%20vesicle%20trafficking&listType=8
Panther_Pathway,EGF receptor signaling pathway,https://www.pantherdb.org/pathway/pathwayList.do?searchType=basic&fieldName=all&organism=all&fieldValue=EGF%20receptor%20signaling%20pathway&listType=8
Panther_Pathway,JAK/STAT signaling pathway,https://www.pantherdb.org/pathway/pathwayList.do?searchType=basic&fieldName=all&organism=all&fieldValue=JAK%2FSTAT%20signaling%20pathway&listType=8
Panther_Pathway,Interferon-gamma signaling pathway,https://www.pantherdb.org/pathway/pathwayList.do?searchType=basic&fieldName=all&organism=all&fieldValue=Interferon-gamma%20signaling%20pathway&listType=8
Panther_Pathway,Vitamin D metabolism and pathway,https://www.pantherdb.org/pathway/pathwayList.do?searchType=basic&fieldName=all&organism=all&fieldValue=Vitamin%20D%20metabolism%20and%20pathway&listType=8
Panther_Pathway,5HT3 type receptor mediated signaling pathway,https://www.pantherdb.org/pathway/pathwayList.do?searchType=basic&fieldName=all&organism=all&fieldValue=5HT3%20type%20receptor%20mediated%20signaling%20pathway&listType=8
Panther_Pathway,De novo purine biosynthesis,https://www.pantherdb.org/pathway/pathwayList.do?searchType=basic&fieldName=all&organism=all&fieldValue=De%20novo%20purine%20biosynthesis&listType=8
Panther_Pathway,Hypoxia response via HIF activation,https://www.pantherdb.org/pathway/pathwayList.do?searchType=basic&fieldName=all&organism=all&fieldValue=Hypoxia%20response%20via%20HIF%20activation&listType=8
Panther_Pathway,Pyruvate metabolism,https://www.pantherdb.org/pathway/pathwayList.do?searchType=basic&fieldName=all&organism=all&fieldValue=Pyruvate%20metabolism&listType=8
Panther_Pathway,Pentose phosphate pathway,https://www.pantherdb.org/pathway/pathwayList.do?searchType=basic&fieldName=all&organism=all&fieldValue=Pentose%20phosphate%20pathway&listType=8
Panther_Pathway,Axon guidance mediated by netrin,https://www.pantherdb.org/pathway/pathwayList.do?searchType=basic&fieldName=all&organism=all&fieldValue=Axon%20guidance%20mediated%20by%20netrin&listType=8
Panther_Pathway,Axon guidance mediated by Slit/Robo,https://www.pantherdb.org/pathway/pathwayList.do?searchType=basic&fieldName=all&organism=all&fieldValue=Axon%20guidance%20mediated%20by%20Slit%2FRobo&listType=8
Panther_Pathway,Androgen/estrogene/progesterone biosynthesis,https://www.pantherdb.org/pathway/pathwayList.do?searchType=basic&fieldName=all&organism=all&fieldValue=Androgen%2Festrogene%2Fprogesterone%20biosynthesis&listType=8
Panther_Pathway,Notch signaling pathway,https://www.pantherdb.org/pathway/pathwayList.do?searchType=basic&fieldName=all&organism=all&fieldValue=Notch%20signaling%20pathway&listType=8
Panther_Pathway,FGF signaling pathway,https://www.pantherdb.org/pathway/pathwayList.do?searchType=basic&fieldName=all&organism=all&fieldValue=FGF%20signaling%20pathway&listType=8
Panther_Pathway,Alpha adrenergic receptor signaling pathway,https://www.pantherdb.org/pathway/pathwayList.do?searchType=basic&fieldName=all&organism=all&fieldValue=Alpha%20adrenergic%20receptor%20signaling%20pathway&listType=8
Panther_Pathway,2-arachidonoylglycerol biosynthesis,https://www.pantherdb.org/pathway/pathwayList.do?searchType=basic&fieldName=all&organism=all&fieldValue=2-arachidonoylglycerol%20biosynthesis&listType=8
Panther_Pathway,mRNA splicing,https://www.pantherdb.org/pathway/pathwayList.do?searchType=basic&fieldName=all&organism=all&fieldValue=mRNA%20splicing&listType=8
Panther_Pathway,Heme biosynthesis,https://www.pantherdb.org/pathway/pathwayList.do?searchType=basic&fieldName=all&organism=all&fieldValue=Heme%20biosynthesis&listType=8
Panther_Pathway,Alanine biosynthesis,https://www.pantherdb.org/pathway/pathwayList.do?searchType=basic&fieldName=all&organism=all&fieldValue=Alanine%20biosynthesis&listType=8
Panther_Pathway,Isoleucine biosynthesis,https://www.pantherdb.org/pathway/pathwayList.do?searchType=basic&fieldName=all&organism=all&fieldValue=Isoleucine%20biosynthesis&listType=8
Panther_Pathway,Leucine biosynthesis,https://www.pantherdb.org/pathway/pathwayList.do?searchType=basic&fieldName=all&organism=all&fieldValue=Leucine%20biosynthesis&listType=8
Panther_Pathway,Valine biosynthesis,https://www.pantherdb.org/pathway/pathwayList.do?searchType=basic&fieldName=all&organism=all&fieldValue=Valine%20biosynthesis&listType=8
Panther_Pathway,Hedgehog signaling pathway,https://www.pantherdb.org/pathway/pathwayList.do?searchType=basic&fieldName=all&organism=all&fieldValue=Hedgehog%20signaling%20pathway&listType=8
Panther_Pathway,Metabotropic glutamate receptor group I pathway,https://www.pantherdb.org/pathway/pathwayList.do?searchType=basic&fieldName=all&organism=all&fieldValue=Metabotropic%20glutamate%20receptor%20group%20I%20pathway&listType=8
Panther_Pathway,Transcription regulation by bZIP transcription factor,https://www.pantherdb.org/pathway/pathwayList.do?searchType=basic&fieldName=all&organism=all&fieldValue=Transcription%20regulation%20by%20bZIP%20transcription%20factor&listType=8
Panther_Pathway,General transcription by RNA polymerase I,https://www.pantherdb.org/pathway/pathwayList.do?searchType=basic&fieldName=all&organism=all&fieldValue=General%20transcription%20by%20RNA%20polymerase%20I&listType=8
Panther_Pathway,General transcription regulation,https://www.pantherdb.org/pathway/pathwayList.do?searchType=basic&fieldName=all&organism=all&fieldValue=General%20transcription%20regulation&listType=8
Panther_Pathway,Plasminogen activating cascade,https://www.pantherdb.org/pathway/pathwayList.do?searchType=basic&fieldName=all&organism=all&fieldValue=Plasminogen%20activating%20cascade&listType=8
Panther_Pathway,FAS signaling pathway,https://www.pantherdb.org/pathway/pathwayList.do?searchType=basic&fieldName=all&organism=all&fieldValue=FAS%20signaling%20pathway&listType=8
Panther_Pathway,ATP synthesis,https://www.pantherdb.org/pathway/pathwayList.do?searchType=basic&fieldName=all&organism=all&fieldValue=ATP%20synthesis&listType=8
Panther_Pathway,5-Hydroxytryptamine degredation,https://www.pantherdb.org/pathway/pathwayList.do?searchType=basic&fieldName=all&organism=all&fieldValue=5-Hydroxytryptamine%20degredation&listType=8
Panther_Pathway,P53 pathway feedback loops 1,https://www.pantherdb.org/pathway/pathwayList.do?searchType=basic&fieldName=all&organism=all&fieldValue=P53%20pathway%20feedback%20loops%201&listType=8
Panther_Pathway,De novo pyrimidine deoxyribonucleotide biosynthesis,https://www.pantherdb.org/pathway/pathwayList.do?searchType=basic&fieldName=all&organism=all&fieldValue=De%20novo%20pyrimidine%20deoxyribonucleotide%20biosynthesis&listType=8
Panther_Pathway,Purine metabolism,https://www.pantherdb.org/pathway/pathwayList.do?searchType=basic&fieldName=all&organism=all&fieldValue=Purine%20metabolism&listType=8
Panther_Pathway,Cell cycle,https://www.pantherdb.org/pathway/pathwayList.do?searchType=basic&fieldName=all&organism=all&fieldValue=Cell%20cycle&listType=8
Panther_Pathway,Circadian clock system,https://www.pantherdb.org/pathway/pathwayList.do?searchType=basic&fieldName=all&organism=all&fieldValue=Circadian%20clock%20system&listType=8
Panther_Pathway,DNA replication,https://www.pantherdb.org/pathway/pathwayList.do?searchType=basic&fieldName=all&organism=all&fieldValue=DNA%20replication&listType=8
Panther_Pathway,Salvage pyrimidine ribonucleotides,https://www.pantherdb.org/pathway/pathwayList.do?searchType=basic&fieldName=all&organism=all&fieldValue=Salvage%20pyrimidine%20ribonucleotides&listType=8
Panther_Pathway,Glycolysis,https://www.pantherdb.org/pathway/pathwayList.do?searchType=basic&fieldName=all&organism=all&fieldValue=Glycolysis&listType=8
Panther_Pathway,TCA cycle,https://www.pantherdb.org/pathway/pathwayList.do?searchType=basic&fieldName=all&organism=all&fieldValue=TCA%20cycle&listType=8
Panther_Pathway,Succinate to proprionate conversion,https://www.pantherdb.org/pathway/pathwayList.do?searchType=basic&fieldName=all&organism=all&fieldValue=Succinate%20to%20proprionate%20conversion&listType=8
Panther_Pathway,Proline biosynthesis,https://www.pantherdb.org/pathway/pathwayList.do?searchType=basic&fieldName=all&organism=all&fieldValue=Proline%20biosynthesis&listType=8
Panther_Pathway,Serine glycine biosynthesis,https://www.pantherdb.org/pathway/pathwayList.do?searchType=basic&fieldName=all&organism=all&fieldValue=Serine%20glycine%20biosynthesis&listType=8
Panther_Pathway,Phenylethylamine degradation,https://www.pantherdb.org/pathway/pathwayList.do?searchType=basic&fieldName=all&organism=all&fieldValue=Phenylethylamine%20degradation&listType=8
Panther_Pathway,Sulfate assimilation,https://www.pantherdb.org/pathway/pathwayList.do?searchType=basic&fieldName=all&organism=all&fieldValue=Sulfate%20assimilation&listType=8
Panther_Pathway,Formyltetrahydrofolate biosynthesis,https://www.pantherdb.org/pathway/pathwayList.do?searchType=basic&fieldName=all&organism=all&fieldValue=Formyltetrahydrofolate%20biosynthesis&listType=8
Panther_Pathway,N-acetylglucosamine metabolism,https://www.pantherdb.org/pathway/pathwayList.do?searchType=basic&fieldName=all&organism=all&fieldValue=N-acetylglucosamine%20metabolism&listType=8
Panther_Pathway,O-antigen biosynthesis,https://www.pantherdb.org/pathway/pathwayList.do?searchType=basic&fieldName=all&organism=all&fieldValue=O-antigen%20biosynthesis&listType=8
Panther_Pathway,Pyrimidine Metabolism,https://www.pantherdb.org/pathway/pathwayList.do?searchType=basic&fieldName=all&organism=all&fieldValue=Pyrimidine%20Metabolism&listType=8
Panther_Pathway,Asparagine and aspartate biosynthesis,https://www.pantherdb.org/pathway/pathwayList.do?searchType=basic&fieldName=all&organism=all&fieldValue=Asparagine%20and%20aspartate%20biosynthesis&listType=8
Panther_Pathway,Pyridoxal phosphate salvage pathway,https://www.pantherdb.org/pathway/pathwayList.do?searchType=basic&fieldName=all&organism=all&fieldValue=Pyridoxal%20phosphate%20salvage%20pathway&listType=8
Panther_Pathway,Vitamin B6 metabolism,https://www.pantherdb.org/pathway/pathwayList.do?searchType=basic&fieldName=all&organism=all&fieldValue=Vitamin%20B6%20metabolism&listType=8
Panther_Pathway,Mannose metabolism,https://www.pantherdb.org/pathway/pathwayList.do?searchType=basic&fieldName=all&organism=all&fieldValue=Mannose%20metabolism&listType=8
Panther_Pathway,De novo pyrimidine ribonucleotides biosythesis,https://www.pantherdb.org/pathway/pathwayList.do?searchType=basic&fieldName=all&organism=all&fieldValue=De%20novo%20pyrimidine%20ribonucleotides%20biosythesis&listType=8
Panther_Pathway,Ornithine degradation,https://www.pantherdb.org/pathway/pathwayList.do?searchType=basic&fieldName=all&organism=all&fieldValue=Ornithine%20degradation&listType=8
Panther_Pathway,Acetate utilization,https://www.pantherdb.org/pathway/pathwayList.do?searchType=basic&fieldName=all&organism=all&fieldValue=Acetate%20utilization&listType=8
Panther_Pathway,Salvage pyrimidine deoxyribonucleotides,https://www.pantherdb.org/pathway/pathwayList.do?searchType=basic&fieldName=all&organism=all&fieldValue=Salvage%20pyrimidine%20deoxyribonucleotides&listType=8
Panther_Pathway,Methylmalonyl pathway,https://www.pantherdb.org/pathway/pathwayList.do?searchType=basic&fieldName=all&organism=all&fieldValue=Methylmalonyl%20pathway&listType=8
Panther_Pathway,Lipoate_biosynthesis,https://www.pantherdb.org/pathway/pathwayList.do?searchType=basic&fieldName=all&organism=all&fieldValue=Lipoate%20biosynthesis&listType=8
Panther_Pathway,Flavin biosynthesis,https://www.pantherdb.org/pathway/pathwayList.do?searchType=basic&fieldName=all&organism=all&fieldValue=Flavin%20biosynthesis&listType=8
Panther_Pathway,Coenzyme A biosynthesis,https://www.pantherdb.org/pathway/pathwayList.do?searchType=basic&fieldName=all&organism=all&fieldValue=Coenzyme%20A%20biosynthesis&listType=8
Panther_Pathway,Arginine biosynthesis,https://www.pantherdb.org/pathway/pathwayList.do?searchType=basic&fieldName=all&organism=all&fieldValue=Arginine%20biosynthesis&listType=8
Panther_Pathway,Adenine and hypoxanthine salvage pathway,https://www.pantherdb.org/pathway/pathwayList.do?searchType=basic&fieldName=all&organism=all&fieldValue=Adenine%20and%20hypoxanthine%20salvage%20pathway&listType=8
Panther_Pathway,Methylcitrate cycle,https://www.pantherdb.org/pathway/pathwayList.do?searchType=basic&fieldName=all&organism=all&fieldValue=Methylcitrate%20cycle&listType=8
Panther_Pathway,Threonine biosynthesis,https://www.pantherdb.org/pathway/pathwayList.do?searchType=basic&fieldName=all&organism=all&fieldValue=Threonine%20biosynthesis&listType=8
Panther_Pathway,Pyridoxal-5-phosphate biosynthesis,https://www.pantherdb.org/pathway/pathwayList.do?searchType=basic&fieldName=all&organism=all&fieldValue=Pyridoxal-5-phosphate%20biosynthesis&listType=8
Panther_Pathway,Gamma-aminobutyric acid synthesis,https://www.pantherdb.org/pathway/pathwayList.do?searchType=basic&fieldName=all&organism=all&fieldValue=Gamma-aminobutyric%20acid%20synthesis&listType=8
Panther_Pathway,Aminobutyrate degradation,https://www.pantherdb.org/pathway/pathwayList.do?searchType=basic&fieldName=all&organism=all&fieldValue=Aminobutyrate%20degradation&listType=8
Panther_Pathway,S-adenosylmethionine biosynthesis,https://www.pantherdb.org/pathway/pathwayList.do?searchType=basic&fieldName=all&organism=all&fieldValue=S-adenosylmethionine%20biosynthesis&listType=8
Panther_Pathway,5-Hydroxytryptamine biosynthesis,https://www.pantherdb.org/pathway/pathwayList.do?searchType=basic&fieldName=all&organism=all&fieldValue=5-Hydroxytryptamine%20biosynthesis&listType=8
Panther_Pathway,Glutamine glutamate conversion,https://www.pantherdb.org/pathway/pathwayList.do?searchType=basic&fieldName=all&organism=all&fieldValue=Glutamine%20glutamate%20conversion&listType=8
Panther_Pathway,Xanthine and guanine salvage pathway,https://www.pantherdb.org/pathway/pathwayList.do?searchType=basic&fieldName=all&organism=all&fieldValue=Xanthine%20and%20guanine%20salvage%20pathway&listType=8
Panther_Pathway,Tetrahydrofolate biosynthesis,https://www.pantherdb.org/pathway/pathwayList.do?searchType=basic&fieldName=all&organism=all&fieldValue=Tetrahydrofolate%20biosynthesis&listType=8
Panther_Pathway,Triacylglycerol metabolism,https://www.pantherdb.org/pathway/pathwayList.do?searchType=basic&fieldName=all&organism=all&fieldValue=Triacylglycerol%20metabolism&listType=8
REACTOME,Adaptive Immune System,https://reactome.org/PathwayBrowser/#/R-MMU-73843
REACTOME,Immune System,https://reactome.org/content/query?q=Immune%20System&types=Pathway
REACTOME,Immunoregulatory interactions between a Lymphoid and a non-Lymphoid cell,https://reactome.org/PathwayBrowser/#/R-MMU-1369062
REACTOME,TCR signaling,https://reactome.org/PathwayBrowser/#/R-MMU-382556
REACTOME,Downstream TCR signaling,https://reactome.org/PathwayBrowser/#/R-MMU-9033807
REACTOME,Phosphorylation of CD3 and TCR zeta chains,https://reactome.org/PathwayBrowser/#/R-MMU-418592
REACTOME,Translocation of ZAP-70 to Immunological synapse,https://reactome.org/PathwayBrowser/#/R-MMU-392170
REACTOME,Generation of second messenger molecules,https://reactome.org/PathwayBrowser/#/R-MMU-198323
REACTOME,Costimulation by the CD28 family,https://reactome.org/PathwayBrowser/#/R-MMU-198693
REACTOME,PD-1 signaling,https://reactome.org/PathwayBrowser/#/R-MMU-211163
REACTOME,Hemostasis,https://reactome.org/PathwayBrowser/#/R-MMU-163680
REACTOME,Complement cascade,https://reactome.org/PathwayBrowser/#/R-MMU-179409
REACTOME,Initial triggering of complement,https://reactome.org/PathwayBrowser/#/R-MMU-174143
REACTOME,Creation of C4 and C2 activators,https://reactome.org/PathwayBrowser/#/R-MMU-174048
REACTOME,Innate Immune System,https://reactome.org/PathwayBrowser/#/R-MMU-174154
REACTOME,Classical antibody-mediated complement activation,https://reactome.org/PathwayBrowser/#/R-MMU-176409
REACTOME,Cell surface interactions at the vascular wall,https://reactome.org/PathwayBrowser/#/R-MMU-174178
REACTOME,Fcgamma receptor (FCGR) dependent phagocytosis,https://reactome.org/PathwayBrowser/#/R-MMU-179419
REACTOME,FCGR activation,https://reactome.org/PathwayBrowser/#/R-MMU-5649702
REACTOME,Regulation of actin dynamics for phagocytic cup formation,https://reactome.org/PathwayBrowser/#/R-MMU-5624958
REACTOME,Role of phospholipids in phagocytosis,https://reactome.org/PathwayBrowser/#/R-MMU-170984
REACTOME,Scavenging of heme from plasma,https://reactome.org/PathwayBrowser/#/R-MMU-381033
REACTOME,Binding and Uptake of Ligands by Scavenger Receptors,https://reactome.org/PathwayBrowser/#/R-MMU-1296025
REACTOME,Fc epsilon receptor (FCERI) signaling,https://reactome.org/PathwayBrowser/#/R-MMU-450408
REACTOME,Role of LAT2/NTAL/LAB on calcium mobilization,https://reactome.org/PathwayBrowser/#/R-MMU-8854518
REACTOME,FCERI mediated MAPK activation,https://reactome.org/PathwayBrowser/#/R-MMU-2161522
REACTOME,FCERI mediated Ca+2 mobilization,https://reactome.org/PathwayBrowser/#/R-MMU-2161541
REACTOME,FCERI mediated NF-kB activation,https://reactome.org/PathwayBrowser/#/R-MMU-2161517
REACTOME,Vesicle-mediated transport,https://reactome.org/PathwayBrowser/#/R-MMU-73930
REACTOME,CD22 mediated BCR regulation,https://reactome.org/PathwayBrowser/#/R-MMU-156582
REACTOME,Regulation of Complement cascade,https://reactome.org/PathwayBrowser/#/R-MMU-264642
REACTOME,Antigen activates B Cell Receptor (BCR) leading to generation of second messengers,https://reactome.org/PathwayBrowser/#/R-MMU-181431
REACTOME,Signaling by the B Cell Receptor (BCR),https://reactome.org/PathwayBrowser/#/R-MMU-399997
REACTOME,Generic Transcription Pathway,https://reactome.org/PathwayBrowser/#/R-MMU-1300645
REACTOME,RNA Polymerase II Transcription,https://reactome.org/PathwayBrowser/#/R-MMU-2122948
REACTOME,Gene expression (Transcription),https://reactome.org/PathwayBrowser/#/R-MMU-9028731
REACTOME,Transcriptional regulation by RUNX1,https://reactome.org/PathwayBrowser/#/R-MMU-9032500
REACTOME,RUNX1 interacts with co-factors whose precise effect on RUNX1 targets is not known,https://reactome.org/PathwayBrowser/#/R-MMU-9026527
REACTOME,Developmental Biology,https://reactome.org/PathwayBrowser/#/R-MMU-9603381
REACTOME,Keratinization,https://reactome.org/PathwayBrowser/#/R-MMU-9034793
REACTOME,L13a-mediated translational silencing of Ceruloplasmin expression,https://reactome.org/PathwayBrowser/#/R-MMU-5625886
REACTOME,SRP-dependent cotranslational protein targeting to membrane,https://reactome.org/PathwayBrowser/#/R-MMU-111452
REACTOME,Metabolism of proteins,https://reactome.org/PathwayBrowser/#/R-MMU-165158
REACTOME,Major pathway of rRNA processing in the nucleolus and cytosol,https://reactome.org/PathwayBrowser/#/R-MMU-399710
REACTOME,rRNA processing,https://reactome.org/PathwayBrowser/#/R-MMU-176814
REACTOME,Eukaryotic Translation Initiation,https://reactome.org/PathwayBrowser/#/R-MMU-176187
REACTOME,Formation of a pool of free 40S subunits,https://reactome.org/PathwayBrowser/#/R-MMU-111447
REACTOME,GTP hydrolysis and joining of the 60S ribosomal subunit,https://reactome.org/PathwayBrowser/#/R-MMU-114452
REACTOME,Cap-dependent Translation Initiation,https://reactome.org/PathwayBrowser/#/R-MMU-111446
REACTOME,Translation,https://reactome.org/PathwayBrowser/#/R-MMU-139910
REACTOME,rRNA processing in the nucleus and cytosol,https://reactome.org/PathwayBrowser/#/R-MMU-174577
REACTOME,Metabolism of RNA,https://reactome.org/PathwayBrowser/#/R-MMU-451308
REACTOME,Nonsense-Mediated Decay (NMD),https://reactome.org/PathwayBrowser/#/R-MMU-1296041
REACTOME,Nonsense Mediated Decay (NMD) independent of the Exon Junction Complex (EJC),https://reactome.org/PathwayBrowser/#/R-MMU-991365
REACTOME,Nonsense Mediated Decay (NMD) enhanced by the Exon Junction Complex (EJC),https://reactome.org/content/query?q=Nonsense%20Mediated%20Decay%20%28NMD%29%20enhanced%20by%20the%20Exon%20Junction%20Complex%20%28EJC%29&types=Pathway
REACTOME,Cell-Cell communication,https://reactome.org/PathwayBrowser/#/R-MMU-1592389
REACTOME,DAP12 interactions,https://reactome.org/PathwayBrowser/#/R-MMU-1169091
REACTOME,Signal regulatory protein family interactions,https://reactome.org/PathwayBrowser/#/R-MMU-2980767
REACTOME,Neutrophil degranulation,https://reactome.org/PathwayBrowser/#/R-MMU-442755
REACTOME,Platelet degranulation,https://reactome.org/PathwayBrowser/#/R-MMU-451307
REACTOME,Signal Transduction,https://reactome.org/PathwayBrowser/#/R-MMU-9619229
REACTOME,Signaling by Rho GTPases,https://reactome.org/PathwayBrowser/#/R-MMU-1169092
REACTOME,"Platelet activation, signaling and aggregation",https://reactome.org/PathwayBrowser/#/R-MMU-5635838
REACTOME,Response to elevated platelet cytosolic Ca2+,https://reactome.org/PathwayBrowser/#/R-MMU-187015
REACTOME,RHOA GTPase cycle,https://reactome.org/PathwayBrowser/#/R-MMU-111459
REACTOME,RHO GTPase cycle,https://reactome.org/PathwayBrowser/#/R-MMU-451326
REACTOME,RHOB GTPase cycle,https://reactome.org/PathwayBrowser/#/R-MMU-450341
REACTOME,"Signaling by Rho GTPases, Miro GTPases and RHOBTB3",https://reactome.org/PathwayBrowser/#/R-MMU-8866907
REACTOME,Formation of the cornified envelope,https://reactome.org/PathwayBrowser/#/R-MMU-72662
REACTOME,Post-translational modification: synthesis of GPI-anchored proteins,https://reactome.org/PathwayBrowser/#/R-MMU-2485179
REACTOME,Post-translational protein modification,https://reactome.org/PathwayBrowser/#/R-MMU-68962
REACTOME,Metabolism,https://reactome.org/PathwayBrowser/#/R-MMU-75108
REACTOME,Transport of the SLBP independent Mature mRNA,https://reactome.org/PathwayBrowser/#/R-MMU-114294
REACTOME,Transport of the SLBP Dependant Mature mRNA,https://reactome.org/PathwayBrowser/#/R-MMU-1482798
REACTOME,Transport of Mature mRNA Derived from an Intronless Transcript,https://reactome.org/PathwayBrowser/#/R-MMU-1482883
REACTOME,Transport of Mature mRNAs Derived from Intronless Transcripts,https://reactome.org/PathwayBrowser/#/R-MMU-1482788
REACTOME,Transport of Mature mRNA derived from an Intron-Containing Transcript,https://reactome.org/PathwayBrowser/#/R-MMU-1482839
REACTOME,Cell Cycle,https://reactome.org/PathwayBrowser/#/R-MMU-1482925
REACTOME,Regulation of Glucokinase by Glucokinase Regulatory Protein,https://reactome.org/PathwayBrowser/#/R-MMU-1482922
REACTOME,snRNP Assembly,https://reactome.org/PathwayBrowser/#/R-MMU-1482801
REACTOME,Metabolism of non-coding RNA,https://reactome.org/PathwayBrowser/#/R-MMU-1280218
REACTOME,Gene Silencing by RNA,https://reactome.org/PathwayBrowser/#/R-MMU-417973
REACTOME,Cellular responses to stress,https://reactome.org/PathwayBrowser/#/R-MMU-170660
REACTOME,Mitotic Metaphase and Anaphase,https://reactome.org/PathwayBrowser/#/R-MMU-170670
REACTOME,Nuclear Envelope Breakdown,https://reactome.org/PathwayBrowser/#/R-MMU-418990
REACTOME,SUMOylation,https://reactome.org/PathwayBrowser/#/R-MMU-392023
REACTOME,Nuclear Envelope (NE) Reassembly,https://reactome.org/PathwayBrowser/#/R-MMU-400042
REACTOME,SUMOylation of DNA damage response and repair proteins,https://reactome.org/PathwayBrowser/#/R-MMU-390696
REACTOME,SUMO E3 ligases SUMOylate target proteins,https://reactome.org/PathwayBrowser/#/R-MMU-879415
REACTOME,SUMOylation of ubiquitinylation proteins,https://reactome.org/PathwayBrowser/#/R-MMU-5423646
REACTOME,Nuclear Pore Complex (NPC) Disassembly,https://reactome.org/PathwayBrowser/#/R-MMU-9646399
REACTOME,Regulation of HSF1-mediated heat shock response,https://reactome.org/PathwayBrowser/#/R-MMU-351143
REACTOME,Cellular response to heat stress,https://reactome.org/PathwayBrowser/#/R-MMU-8964540
REACTOME,SUMOylation of SUMOylation proteins,https://reactome.org/PathwayBrowser/#/R-MMU-1462054
REACTOME,SUMOylation of chromatin organization proteins,https://reactome.org/PathwayBrowser/#/R-MMU-389599
REACTOME,SUMOylation of RNA binding proteins,https://reactome.org/PathwayBrowser/#/R-MMU-9645460
REACTOME,SUMOylation of DNA replication proteins,https://reactome.org/PathwayBrowser/#/R-MMU-173736
REACTOME,Transcriptional regulation by small RNAs,https://reactome.org/PathwayBrowser/#/R-MMU-140179
REACTOME,Mitotic Prophase,https://reactome.org/PathwayBrowser/#/R-MMU-375280
REACTOME,Mitotic Anaphase,https://reactome.org/PathwayBrowser/#/R-MMU-156587
REACTOME,M Phase,https://reactome.org/PathwayBrowser/#/R-MMU-352230
REACTOME,"Cell Cycle, Mitotic",https://reactome.org/PathwayBrowser/#/R-MMU-9639288
REACTOME,Glycolysis,https://reactome.org/PathwayBrowser/#/R-MMU-141424
REACTOME,Glucose metabolism,https://reactome.org/content/query?q=Glucose%20metabolism&types=Pathway
REACTOME,Metabolism of carbohydrates,https://reactome.org/PathwayBrowser/#/R-MMU-2214320
REACTOME,Transport of Mature Transcript to Cytoplasm,https://reactome.org/PathwayBrowser/#/R-MMU-5620912
REACTOME,Processing of Capped Intron-Containing Pre-mRNA,https://reactome.org/PathwayBrowser/#/R-MMU-193048
REACTOME,Cellular responses to stimuli,https://reactome.org/PathwayBrowser/#/R-MMU-2473224
REACTOME,Postmitotic nuclear pore complex (NPC) reformation,https://reactome.org/PathwayBrowser/#/R-MMU-983170
REACTOME,RAF/MAP kinase cascade,https://reactome.org/PathwayBrowser/#/R-MMU-983695
REACTOME,MAPK family signaling cascades,https://reactome.org/PathwayBrowser/#/R-MMU-1236975
REACTOME,MAPK1/MAPK3 signaling,https://reactome.org/PathwayBrowser/#/R-MMU-983168
REACTOME,Mitotic G2-G2/M phases,https://reactome.org/PathwayBrowser/#/R-MMU-6803157
REACTOME,Cyclin A/B1/B2 associated events during G2/M transition,https://reactome.org/PathwayBrowser/#/R-MMU-1169410
REACTOME,G2/M Transition,https://reactome.org/PathwayBrowser/#/R-MMU-109581
REACTOME,Olfactory Signaling Pathway,https://reactome.org/PathwayBrowser/#/R-MMU-140342
REACTOME,Sensory Perception,https://reactome.org/content/query?q=Sensory%20Perception&types=Pathway
REACTOME,Signaling by ERBB2,https://reactome.org/PathwayBrowser/#/R-MMU-111465
REACTOME,Signaling by ERBB4,https://reactome.org/PathwayBrowser/#/R-MMU-75153
REACTOME,SHC1 events in ERBB2 signaling,https://reactome.org/PathwayBrowser/#/R-MMU-111471
REACTOME,PI3K events in ERBB4 signaling,https://reactome.org/PathwayBrowser/#/R-MMU-445717
REACTOME,SHC1 events in ERBB4 signaling,https://reactome.org/PathwayBrowser/#/R-MMU-426048
REACTOME,PIP3 activates AKT signaling,https://reactome.org/content/query?q=PIP3%20activates%20AKT%20signaling&types=Pathway
REACTOME,GRB7 events in ERBB2 signaling,https://reactome.org/PathwayBrowser/#/R-MMU-8937144
REACTOME,Downregulation of ERBB2:ERBB3 signaling,https://reactome.org/PathwayBrowser/#/R-MMU-446203
REACTOME,GRB2 events in ERBB2 signaling,https://reactome.org/PathwayBrowser/#/R-MMU-8963693
REACTOME,PI3K events in ERBB2 signaling,https://reactome.org/PathwayBrowser/#/R-MMU-9749641
REACTOME,Negative regulation of the PI3K/AKT network,https://reactome.org/PathwayBrowser/#/R-MMU-9609736
REACTOME,ERBB2 Regulates Cell Motility,https://reactome.org/PathwayBrowser/#/R-MMU-8963889
REACTOME,"PI5P, PP2A and IER3 Regulate PI3K/AKT Signaling",https://reactome.org/PathwayBrowser/#/R-MMU-2022090
REACTOME,ERBB2 Activates PTK6 Signaling,https://reactome.org/PathwayBrowser/#/R-MMU-68616
REACTOME,Signaling by PTK6,https://reactome.org/PathwayBrowser/#/R-MMU-68867
REACTOME,Downregulation of ERBB2 signaling,https://reactome.org/PathwayBrowser/#/R-MMU-390471
REACTOME,Intracellular signaling by second messengers,https://reactome.org/PathwayBrowser/#/R-MMU-210455
REACTOME,Signaling by Non-Receptor Tyrosine Kinases,https://reactome.org/PathwayBrowser/#/R-MMU-4608870
REACTOME,Signaling by Receptor Tyrosine Kinases,https://reactome.org/PathwayBrowser/#/R-MMU-9754706
REACTOME,O-linked glycosylation,https://reactome.org/PathwayBrowser/#/R-MMU-162791
REACTOME,O-linked glycosylation of mucins,https://reactome.org/PathwayBrowser/#/R-MMU-3371568
REACTOME,Termination of O-glycan biosynthesis,https://reactome.org/PathwayBrowser/#/R-MMU-174084
REACTOME,Deubiquitination,https://reactome.org/PathwayBrowser/#/R-MMU-349425
REACTOME,Ovarian tumor domain proteases,https://reactome.org/PathwayBrowser/#/R-MMU-9612973
REACTOME,Gluconeogenesis,https://reactome.org/PathwayBrowser/#/R-MMU-422475
REACTOME,Neddylation,https://reactome.org/PathwayBrowser/#/R-MMU-193634
REACTOME,Membrane Trafficking,https://reactome.org/PathwayBrowser/#/R-MMU-209563
REACTOME,COPI-dependent Golgi-to-ER retrograde traffic,https://reactome.org/PathwayBrowser/#/R-MMU-9748787
REACTOME,Intra-Golgi and retrograde Golgi-to-ER traffic,https://reactome.org/PathwayBrowser/#/R-MMU-5250924
REACTOME,Golgi-to-ER retrograde transport,https://reactome.org/PathwayBrowser/#/R-MMU-5620922
REACTOME,Kinesins,https://reactome.org/PathwayBrowser/#/R-MMU-111453
REACTOME,Factors involved in megakaryocyte development and platelet production,https://reactome.org/PathwayBrowser/#/R-MMU-73884
REACTOME,RAB GEFs exchange GTP for GDP on RABs,https://reactome.org/PathwayBrowser/#/R-MMU-73929
REACTOME,Rab regulation of trafficking,https://reactome.org/PathwayBrowser/#/R-MMU-1461957
REACTOME,Transport of small molecules,https://reactome.org/PathwayBrowser/#/R-MMU-77352
REACTOME,Bicarbonate transporters,https://reactome.org/PathwayBrowser/#/R-MMU-77346
REACTOME,Transport of inorganic cations/anions and amino acids/oligopeptides,https://reactome.org/PathwayBrowser/#/R-MMU-77350
REACTOME,SLC-mediated transmembrane transport,https://reactome.org/PathwayBrowser/#/R-MMU-77310
REACTOME,Metabolism of amine-derived hormones,https://reactome.org/PathwayBrowser/#/R-MMU-77285
REACTOME,Thyroxine biosynthesis,https://reactome.org/PathwayBrowser/#/R-MMU-77348
REACTOME,Metabolism of amino acids and derivatives,https://reactome.org/PathwayBrowser/#/R-MMU-77305
REACTOME,Striated Muscle Contraction,https://reactome.org/PathwayBrowser/#/R-MMU-3858494
REACTOME,Muscle contraction,https://reactome.org/PathwayBrowser/#/R-MMU-196299
REACTOME,ER to Golgi Anterograde Transport,https://reactome.org/PathwayBrowser/#/R-MMU-389887
REACTOME,L1CAM interactions,https://reactome.org/PathwayBrowser/#/R-MMU-390247
REACTOME,NCAM signaling for neurite out-growth,https://reactome.org/PathwayBrowser/#/R-MMU-425381
REACTOME,Axon guidance,https://reactome.org/PathwayBrowser/#/R-MMU-194068
REACTOME,Interaction between L1 and Ankyrins,https://reactome.org/PathwayBrowser/#/R-MMU-2173782
REACTOME,Asparagine N-linked glycosylation,https://reactome.org/PathwayBrowser/#/R-MMU-141333
REACTOME,COPI-mediated anterograde transport,https://reactome.org/PathwayBrowser/#/R-MMU-211859
REACTOME,Transport to the Golgi and subsequent modification,https://reactome.org/PathwayBrowser/#/R-MMU-9018676
REACTOME,Nervous system development,https://reactome.org/PathwayBrowser/#/R-MMU-9018677
REACTOME,Digestion of dietary carbohydrate,https://reactome.org/PathwayBrowser/#/R-MMU-9026395
REACTOME,Digestion,https://reactome.org/PathwayBrowser/#/R-MMU-9018683
REACTOME,Digestion and absorption,https://reactome.org/PathwayBrowser/#/R-MMU-9025094
REACTOME,Extracellular matrix organization,https://reactome.org/PathwayBrowser/#/R-MMU-9026290
REACTOME,ECM proteoglycans,https://reactome.org/PathwayBrowser/#/R-MMU-9026286
REACTOME,CDC42 GTPase cycle,https://reactome.org/PathwayBrowser/#/R-MMU-9025106
REACTOME,RAC1 GTPase cycle,https://reactome.org/PathwayBrowser/#/R-MMU-9023661
REACTOME,Signaling by GPCR,https://reactome.org/PathwayBrowser/#/R-MMU-9018896
REACTOME,GPCR downstream signalling,https://reactome.org/PathwayBrowser/#/R-MMU-9018679
REACTOME,G alpha (q) signalling events,https://reactome.org/PathwayBrowser/#/R-MMU-9020265
REACTOME,Aspartate and asparagine metabolism,https://reactome.org/content/query?q=Aspartate%20and%20asparagine%20metabolism&types=Pathway
REACTOME,Antimicrobial peptides,https://reactome.org/PathwayBrowser/#/R-MMU-9026762
REACTOME,TBC/RABGAPs,https://reactome.org/PathwayBrowser/#/R-MMU-9027307
REACTOME,NRAGE signals death through JNK,https://reactome.org/PathwayBrowser/#/R-MMU-9018682
REACTOME,p75 NTR receptor-mediated signalling,https://reactome.org/PathwayBrowser/#/R-MMU-9018681
REACTOME,"Cell death signalling via NRAGE, NRIF and NADE",https://reactome.org/PathwayBrowser/#/R-MMU-9018678
REACTOME,G alpha (12/13) signalling events,https://reactome.org/PathwayBrowser/#/R-MMU-446193
REACTOME,Death Receptor Signaling,https://reactome.org/PathwayBrowser/#/R-MMU-196780
REACTOME,Sodium/Proton exchangers,https://reactome.org/PathwayBrowser/#/R-MMU-9033658
REACTOME,Neurotransmitter clearance,https://reactome.org/PathwayBrowser/#/R-MMU-70895
REACTOME,Transmission across Chemical Synapses,https://reactome.org/PathwayBrowser/#/R-MMU-352238
REACTOME,Neuronal System,https://reactome.org/PathwayBrowser/#/R-MMU-450385
REACTOME,Enzymatic degradation of dopamine by COMT,https://reactome.org/PathwayBrowser/#/R-MMU-8851680
REACTOME,Dopamine clearance from the synaptic cleft,https://reactome.org/PathwayBrowser/#/R-MMU-5621481
REACTOME,Recognition of DNA damage by PCNA-containing replication complex,https://reactome.org/PathwayBrowser/#/R-MMU-75102
REACTOME,DNA Damage Recognition in GG-NER,https://reactome.org/PathwayBrowser/#/R-MMU-5218900
REACTOME,Formation of Incision Complex in GG-NER,https://reactome.org/PathwayBrowser/#/R-MMU-5621575
REACTOME,Nucleotide Excision Repair,https://reactome.org/PathwayBrowser/#/R-MMU-5690714
REACTOME,Global Genome Nucleotide Excision Repair (GG-NER),https://reactome.org/content/query?q=Global%20Genome%20Nucleotide%20Excision%20Repair%20%28GG-NER%29&types=Pathway
REACTOME,Dual Incision in GG-NER,https://reactome.org/PathwayBrowser/#/R-MMU-389357
REACTOME,Formation of TC-NER Pre-Incision Complex,https://reactome.org/PathwayBrowser/#/R-MMU-389359
REACTOME,Transcription-Coupled Nucleotide Excision Repair (TC-NER),https://reactome.org/PathwayBrowser/#/R-MMU-9013148
REACTOME,Dual incision in TC-NER,https://reactome.org/PathwayBrowser/#/R-MMU-68689
REACTOME,Gap-filling DNA repair synthesis and ligation in TC-NER,https://reactome.org/PathwayBrowser/#/R-MMU-69017
REACTOME,DNA Damage Bypass,https://reactome.org/PathwayBrowser/#/R-MMU-5607763
REACTOME,DNA Repair,https://reactome.org/PathwayBrowser/#/R-MMU-5607764
REACTOME,mRNA Splicing - Major Pathway,https://reactome.org/PathwayBrowser/#/R-MMU-5660668
REACTOME,mRNA Splicing,https://reactome.org/PathwayBrowser/#/R-MMU-6811434
REACTOME,Potassium Channels,https://reactome.org/PathwayBrowser/#/R-MMU-6811436
REACTOME,Voltage gated Potassium channels,https://reactome.org/PathwayBrowser/#/R-MMU-6807878
REACTOME,Transcriptional Regulation by TP53,https://reactome.org/PathwayBrowser/#/R-MMU-204005
REACTOME,Regulation of TP53 Activity,https://reactome.org/PathwayBrowser/#/R-MMU-199920
REACTOME,Regulation of TP53 Activity through Methylation,https://reactome.org/PathwayBrowser/#/R-MMU-442742
REACTOME,Signaling by TGF-beta Receptor Complex,https://reactome.org/PathwayBrowser/#/R-MMU-442720
REACTOME,Signaling by WNT,https://reactome.org/PathwayBrowser/#/R-MMU-442729
REACTOME,Signaling by BMP,https://reactome.org/PathwayBrowser/#/R-MMU-8874211
REACTOME,TCF dependent signaling in response to WNT,https://reactome.org/PathwayBrowser/#/R-MMU-399956
REACTOME,Downregulation of TGF-beta receptor signaling,https://reactome.org/PathwayBrowser/#/R-MMU-2024101
REACTOME,TGF-beta receptor signaling activates SMADs,https://reactome.org/content/query?q=TGF-beta%20receptor%20signaling%20activates%20SMADs&types=Pathway
REACTOME,Transcriptional activity of SMAD2/SMAD3:SMAD4 heterotrimer,https://reactome.org/PathwayBrowser/#/R-MMU-211999
REACTOME,Downregulation of SMAD2/3:SMAD4 transcriptional activity,https://reactome.org/PathwayBrowser/#/R-MMU-111996
REACTOME,Beta-catenin independent WNT signaling,https://reactome.org/PathwayBrowser/#/R-MMU-1296052
REACTOME,PCP/CE pathway,https://reactome.org/PathwayBrowser/#/R-MMU-4086398
REACTOME,Asymmetric localization of PCP proteins,https://reactome.org/PathwayBrowser/#/R-MMU-111997
REACTOME,Degradation of AXIN,https://reactome.org/PathwayBrowser/#/R-MMU-111932
REACTOME,Signaling by Hedgehog,https://reactome.org/PathwayBrowser/#/R-MMU-2025928
REACTOME,Hedgehog 'on' state,https://reactome.org/PathwayBrowser/#/R-MMU-419812
REACTOME,Ub-specific processing proteases,https://reactome.org/PathwayBrowser/#/R-MMU-111933
REACTOME,Transcriptional regulation by RUNX3,https://reactome.org/PathwayBrowser/#/R-MMU-901042
REACTOME,Regulation of RUNX3 expression and activity,https://reactome.org/PathwayBrowser/#/R-MMU-111957
REACTOME,Signaling by TGFB family members,https://reactome.org/PathwayBrowser/#/R-MMU-72737
REACTOME,Antigen processing: Ubiquitination & Proteasome degradation,https://reactome.org/PathwayBrowser/#/R-MMU-8955332
REACTOME,Class I MHC mediated antigen processing & presentation,https://reactome.org/PathwayBrowser/#/R-MMU-5576891
REACTOME,Inhibition of the proteolytic activity of APC/C required for the onset of anaphase by mitotic spindle checkpoint components,https://reactome.org/PathwayBrowser/#/R-MMU-5694530
REACTOME,Inactivation of APC/C via direct inhibition of the APC/C complex,https://reactome.org/PathwayBrowser/#/R-MMU-8856825
REACTOME,APC/C:Cdc20 mediated degradation of Cyclin B,https://reactome.org/PathwayBrowser/#/R-MMU-5620920
REACTOME,Autodegradation of Cdh1 by Cdh1:APC/C,https://reactome.org/content/query?q=Autodegradation%20of%20Cdh1%20by%20Cdh1%3AAPC%2FC&types=Pathway
REACTOME,APC/C-mediated degradation of cell cycle proteins,https://reactome.org/PathwayBrowser/#/R-MMU-71262
REACTOME,APC/C:Cdc20 mediated degradation of Securin,https://reactome.org/PathwayBrowser/#/R-MMU-140534
REACTOME,APC/C:Cdh1 mediated degradation of Cdc20 and other APC/C:Cdh1 targeted proteins in late mitosis/early G1,https://reactome.org/PathwayBrowser/#/R-MMU-418889
REACTOME,Cdc20:Phospho-APC/C mediated degradation of Cyclin A,https://reactome.org/PathwayBrowser/#/R-MMU-5357769
REACTOME,Conversion from APC/C:Cdc20 to APC/C:Cdh1 in late anaphase,https://reactome.org/PathwayBrowser/#/R-MMU-264870
REACTOME,Regulation of APC/C activators between G1/S and early anaphase,https://reactome.org/PathwayBrowser/#/R-MMU-209905
REACTOME,APC/C:Cdc20 mediated degradation of mitotic proteins,https://reactome.org/PathwayBrowser/#/R-MMU-426117
REACTOME,Phosphorylation of the APC/C,https://reactome.org/PathwayBrowser/#/R-MMU-174184
REACTOME,Activation of APC/C and APC/C:Cdc20 mediated degradation of mitotic proteins,https://reactome.org/PathwayBrowser/#/R-MMU-1640170
REACTOME,APC-Cdc20 mediated degradation of Nek2A,https://reactome.org/PathwayBrowser/#/R-MMU-69620
REACTOME,APC:Cdc20 mediated degradation of cell cycle proteins prior to satisfation of the cell cycle checkpoint,https://reactome.org/PathwayBrowser/#/R-MMU-69278
REACTOME,Separation of Sister Chromatids,https://reactome.org/PathwayBrowser/#/R-MMU-204998
REACTOME,Senescence-Associated Secretory Phenotype (SASP),https://reactome.org/PathwayBrowser/#/R-MMU-446728
REACTOME,Cellular Senescence,https://reactome.org/PathwayBrowser/#/R-MMU-202733
REACTOME,Regulation of mitotic cell cycle,https://reactome.org/PathwayBrowser/#/R-MMU-1500931
REACTOME,Assembly of the pre-replicative complex,https://reactome.org/PathwayBrowser/#/R-MMU-421270
REACTOME,DNA Replication Pre-Initiation,https://reactome.org/PathwayBrowser/#/R-MMU-446353
REACTOME,CDK-mediated phosphorylation and removal of Cdc6,https://reactome.org/PathwayBrowser/#/R-MMU-2559583
REACTOME,Switching of origins to a post-replicative state,https://reactome.org/PathwayBrowser/#/R-MMU-189200
REACTOME,Synthesis of DNA,https://reactome.org/PathwayBrowser/#/R-MMU-9711123
REACTOME,S Phase,https://reactome.org/PathwayBrowser/#/R-MMU-3371556
REACTOME,DNA Replication,https://reactome.org/PathwayBrowser/#/R-MMU-1234174
REACTOME,Mitotic Spindle Checkpoint,https://reactome.org/PathwayBrowser/#/R-MMU-9711097
REACTOME,Cell Cycle Checkpoints,https://reactome.org/PathwayBrowser/#/R-MMU-8953897
REACTOME,Synthesis of bile acids and bile salts,https://reactome.org/PathwayBrowser/#/R-MMU-2262752
REACTOME,Bile acid and bile salt metabolism,https://reactome.org/PathwayBrowser/#/R-MMU-380287
REACTOME,Metabolism of lipids,https://reactome.org/content/query?q=Metabolism%20of%20lipids&types=Pathway
REACTOME,Metabolism of steroids,https://reactome.org/PathwayBrowser/#/R-MMU-390466
REACTOME,Syndecan interactions,https://reactome.org/PathwayBrowser/#/R-MMU-380108
REACTOME,Non-integrin membrane-ECM interactions,https://reactome.org/PathwayBrowser/#/R-MMU-75035
REACTOME,Type I hemidesmosome assembly,https://reactome.org/PathwayBrowser/#/R-MMU-191273
REACTOME,Cell junction organization,https://reactome.org/PathwayBrowser/#/R-MMU-6807047
REACTOME,Organelle biogenesis and maintenance,https://reactome.org/PathwayBrowser/#/R-MMU-6807062
REACTOME,Cilium Assembly,https://reactome.org/PathwayBrowser/#/R-MMU-6798163
REACTOME,Anchoring of the basal body to the plasma membrane,https://reactome.org/content/query?q=Anchoring%20of%20the%20basal%20body%20to%20the%20plasma%20membrane&types=Pathway
REACTOME,Receptor-type tyrosine-protein phosphatases,https://reactome.org/PathwayBrowser/#/R-MMU-1793185
REACTOME,Protein-protein interactions at synapses,https://reactome.org/PathwayBrowser/#/R-MMU-3247509
REACTOME,Signaling by Insulin receptor,https://reactome.org/PathwayBrowser/#/R-MMU-4839726
REACTOME,Insulin receptor recycling,https://reactome.org/PathwayBrowser/#/R-MMU-73886
REACTOME,Synaptic adhesion-like molecules,https://reactome.org/PathwayBrowser/#/R-MMU-8963888
REACTOME,PKMTs methylate histone lysines,https://reactome.org/PathwayBrowser/#/R-MMU-8964026
REACTOME,Chromatin modifying enzymes,https://reactome.org/PathwayBrowser/#/R-MMU-8963901
REACTOME,Chromatin organization,https://reactome.org/PathwayBrowser/#/R-MMU-5617833
REACTOME,Biological oxidations,https://reactome.org/PathwayBrowser/#/R-MMU-9793528
REACTOME,Cytochrome P450 - arranged by substrate type,https://reactome.org/PathwayBrowser/#/R-MMU-71403
REACTOME,Fatty acids,https://reactome.org/PathwayBrowser/#/R-MMU-373076
REACTOME,Phase I - Functionalization of compounds,https://reactome.org/PathwayBrowser/#/R-MMU-373080
REACTOME,Eicosanoids,https://reactome.org/PathwayBrowser/#/R-MMU-420499
REACTOME,Synthesis of Leukotrienes (LT) and Eoxins (EX),https://reactome.org/PathwayBrowser/#/R-MMU-983169
REACTOME,Arachidonic acid metabolism,https://reactome.org/PathwayBrowser/#/R-MMU-9603798
REACTOME,Synthesis of (16-20)-hydroxyeicosatetraenoic acids (HETE),https://reactome.org/PathwayBrowser/#/R-MMU-1296053
REACTOME,Fatty acid metabolism,https://reactome.org/PathwayBrowser/#/R-MMU-173623
REACTOME,Amino acids regulate mTORC1,https://reactome.org/PathwayBrowser/#/R-MMU-8856828
REACTOME,Cellular response to starvation,https://reactome.org/PathwayBrowser/#/R-MMU-110331
REACTOME,MAP2K and MAPK activation,https://reactome.org/PathwayBrowser/#/R-MMU-110329
REACTOME,RHOQ GTPase cycle,https://reactome.org/PathwayBrowser/#/R-MMU-9759218
REACTOME,Fanconi Anemia Pathway,https://reactome.org/PathwayBrowser/#/R-MMU-196741
REACTOME,Collagen formation,https://reactome.org/PathwayBrowser/#/R-MMU-196783
REACTOME,Collagen biosynthesis and modifying enzymes,https://reactome.org/PathwayBrowser/#/R-MMU-2470946
REACTOME,Signaling by PDGF,https://reactome.org/PathwayBrowser/#/R-MMU-1650814
REACTOME,Assembly of collagen fibrils and other multimeric structures,https://reactome.org/PathwayBrowser/#/R-MMU-8948216
REACTOME,Integrin cell surface interactions,https://reactome.org/PathwayBrowser/#/R-MMU-1442490
REACTOME,NCAM1 interactions,https://reactome.org/PathwayBrowser/#/R-MMU-1474290
REACTOME,Collagen chain trimerization,https://reactome.org/PathwayBrowser/#/R-MMU-140875
REACTOME,Acyl chain remodeling of DAG and TAG,https://reactome.org/PathwayBrowser/#/R-MMU-166658
REACTOME,Glycerophospholipid biosynthesis,https://reactome.org/PathwayBrowser/#/R-MMU-6799198
REACTOME,Phospholipid metabolism,https://reactome.org/PathwayBrowser/#/R-MMU-2514853
REACTOME,Wax and plasmalogen biosynthesis,https://reactome.org/PathwayBrowser/#/R-MMU-2299718
REACTOME,Wax biosynthesis,https://reactome.org/PathwayBrowser/#/R-MMU-177135
REACTOME,Stimuli-sensing channels,https://reactome.org/PathwayBrowser/#/R-MMU-159424
REACTOME,Cardiac conduction,https://reactome.org/PathwayBrowser/#/R-MMU-177162
REACTOME,Ion homeostasis,https://reactome.org/PathwayBrowser/#/R-MMU-177128
REACTOME,Ion channel transport,https://reactome.org/PathwayBrowser/#/R-MMU-176407
REACTOME,Amplification of signal from the kinetochores,https://reactome.org/PathwayBrowser/#/R-MMU-6814122
REACTOME,Amplification of signal from unattached kinetochores via a MAD2 inhibitory signal,https://reactome.org/content/query?q=Amplification%20of%20signal%20from%20unattached%20kinetochores%20via%20a%20MAD2%20inhibitory%20signal&types=Pathway
REACTOME,RHO GTPase Effectors,https://reactome.org/PathwayBrowser/#/R-MMU-71288
REACTOME,Resolution of Sister Chromatid Cohesion,https://reactome.org/PathwayBrowser/#/R-MMU-166786
REACTOME,Regulation of PLK1 Activity at G2/M Transition,https://reactome.org/PathwayBrowser/#/R-MMU-8949613
REACTOME,Loss of Nlp from mitotic centrosomes,https://reactome.org/PathwayBrowser/#/R-MMU-1236973
REACTOME,Recruitment of mitotic centrosome proteins and complexes,https://reactome.org/PathwayBrowser/#/R-MMU-1236978
REACTOME,Loss of proteins required for interphase microtubule organization from the centrosome,https://reactome.org/PathwayBrowser/#/R-MMU-2243919
REACTOME,Centrosome maturation,https://reactome.org/PathwayBrowser/#/R-MMU-69273
REACTOME,Recruitment of NuMA to mitotic centrosomes,https://reactome.org/PathwayBrowser/#/R-MMU-69656
REACTOME,RHO GTPases Activate Formins,https://reactome.org/PathwayBrowser/#/R-MMU-69231
REACTOME,Mitotic Prometaphase,https://reactome.org/PathwayBrowser/#/R-MMU-69202
REACTOME,AURKA Activation by TPX2,https://reactome.org/PathwayBrowser/#/R-MMU-1614603
REACTOME,EML4 and NUDC in mitotic spindle formation,https://reactome.org/PathwayBrowser/#/R-MMU-211897
REACTOME,Macroautophagy,https://reactome.org/PathwayBrowser/#/R-MMU-111461
REACTOME,Autophagy,https://reactome.org/PathwayBrowser/#/R-MMU-1280215
REACTOME,The citric acid (TCA) cycle and respiratory electron transport,https://reactome.org/PathwayBrowser/#/R-MMU-9707564
REACTOME,"Respiratory electron transport, ATP synthesis by chemiosmotic coupling, and heat production by uncoupling proteins.",https://reactome.org/PathwayBrowser/#/R-MMU-1834949
REACTOME,Respiratory electron transport,https://reactome.org/PathwayBrowser/#/R-MMU-156584
REACTOME,Complex I biogenesis,https://reactome.org/PathwayBrowser/#/R-MMU-1489509
REACTOME,Neurotransmitter receptors and postsynaptic signal transmission,https://reactome.org/PathwayBrowser/#/R-MMU-2172127
REACTOME,Activation of NMDA receptors and postsynaptic events,https://reactome.org/PathwayBrowser/#/R-MMU-2424491
REACTOME,Assembly and cell surface presentation of NMDA receptors,https://reactome.org/PathwayBrowser/#/R-MMU-180024
REACTOME,CLEC7A (Dectin-1) signaling,https://reactome.org/PathwayBrowser/#/R-MMU-418885
REACTOME,C-type lectin receptors (CLRs),https://reactome.org/PathwayBrowser/#/R-MMU-168928
REACTOME,Fatty acyl-CoA biosynthesis,https://reactome.org/PathwayBrowser/#/R-MMU-3134963
REACTOME,Synthesis of very long-chain fatty acyl-CoAs,https://reactome.org/PathwayBrowser/#/R-MMU-73893
REACTOME,Phase II - Conjugation of compounds,https://reactome.org/PathwayBrowser/#/R-MMU-5696394
REACTOME,Glucuronidation,https://reactome.org/PathwayBrowser/#/R-MMU-73942
REACTOME,"Formation of the active cofactor, UDP-glucuronate",https://reactome.org/PathwayBrowser/#/R-MMU-2559586
REACTOME,"Transport of vitamins, nucleosides, and related molecules",https://reactome.org/PathwayBrowser/#/R-MMU-5693606
REACTOME,Transport of nucleotide sugars,https://reactome.org/PathwayBrowser/#/R-MMU-5693532
REACTOME,Signaling by EGFR,https://reactome.org/PathwayBrowser/#/R-MMU-73894
REACTOME,EGFR downregulation,https://reactome.org/PathwayBrowser/#/R-MMU-69306
REACTOME,Negative regulation of MAPK pathway,https://reactome.org/PathwayBrowser/#/R-MMU-69002
REACTOME,Rap1 signalling,https://reactome.org/PathwayBrowser/#/R-MMU-68952
REACTOME,RET signaling,https://reactome.org/PathwayBrowser/#/R-MMU-69190
REACTOME,Formation of RNA Pol II elongation complex,https://reactome.org/PathwayBrowser/#/R-MMU-376172
REACTOME,RNA Polymerase II Pre-transcription Events,https://reactome.org/PathwayBrowser/#/R-MMU-3769402
REACTOME,RNA Polymerase II Transcription Elongation,https://reactome.org/PathwayBrowser/#/R-MMU-429947
REACTOME,Ion transport by P-type ATPases,https://reactome.org/PathwayBrowser/#/R-MMU-429914
REACTOME,Inositol phosphate metabolism,https://reactome.org/PathwayBrowser/#/R-MMU-73887
REACTOME,Synthesis of IP3 and IP4 in the cytosol,https://reactome.org/PathwayBrowser/#/R-MMU-5607761
REACTOME,Regulation of TP53 Activity through Phosphorylation,https://reactome.org/PathwayBrowser/#/R-MMU-5621480
REACTOME,Carboxyterminal post-translational modifications of tubulin,https://reactome.org/PathwayBrowser/#/R-MMU-1461973
REACTOME,RHOC GTPase cycle,https://reactome.org/PathwayBrowser/#/R-MMU-4641257
REACTOME,Gap junction trafficking and regulation,https://reactome.org/PathwayBrowser/#/R-MMU-4641258
REACTOME,Gap junction trafficking,https://reactome.org/PathwayBrowser/#/R-MMU-916853
REACTOME,Microtubule-dependent trafficking of connexons from Golgi to the plasma membrane,https://reactome.org/PathwayBrowser/#/R-MMU-5610780
REACTOME,Gap junction assembly,https://reactome.org/PathwayBrowser/#/R-MMU-195253
REACTOME,Transport of connexons to the plasma membrane,https://reactome.org/PathwayBrowser/#/R-MMU-1614558
REACTOME,MHC class II antigen presentation,https://reactome.org/PathwayBrowser/#/R-MMU-1474228
REACTOME,HSP90 chaperone cycle for steroid hormone receptors (SHR) in the presence of ligand,https://reactome.org/PathwayBrowser/#/R-MMU-4419969
REACTOME,Recycling pathway of L1,https://reactome.org/PathwayBrowser/#/R-MMU-606279
REACTOME,Hedgehog 'off' state,https://reactome.org/PathwayBrowser/#/R-MMU-73927
REACTOME,Intraflagellar transport,https://reactome.org/PathwayBrowser/#/R-MMU-73928
REACTOME,RHO GTPases activate IQGAPs,https://reactome.org/content/query?q=RHO%20GTPases%20activate%20IQGAPs&types=Pathway
REACTOME,COPI-independent Golgi-to-ER retrograde traffic,https://reactome.org/PathwayBrowser/#/R-MMU-3299685
REACTOME,The role of GTSE1 in G2/M progression after G2 checkpoint,https://reactome.org/PathwayBrowser/#/R-MMU-5688426
REACTOME,Aggrephagy,https://reactome.org/PathwayBrowser/#/R-MMU-1266738
REACTOME,Selective autophagy,https://reactome.org/PathwayBrowser/#/R-MMU-8935690
REACTOME,Sealing of the nuclear envelope (NE) by ESCRT-III,https://reactome.org/PathwayBrowser/#/R-MMU-8963743
REACTOME,Deposition of new CENPA-containing nucleosomes at the centromere,https://reactome.org/PathwayBrowser/#/R-MMU-189085
REACTOME,Chromosome Maintenance,https://reactome.org/PathwayBrowser/#/R-MMU-192456
REACTOME,Nucleosome assembly,https://reactome.org/PathwayBrowser/#/R-MMU-69416
REACTOME,Elastic fibre formation,https://reactome.org/PathwayBrowser/#/R-MMU-4641262
REACTOME,Molecules associated with elastic fibres,https://reactome.org/PathwayBrowser/#/R-MMU-114516
REACTOME,Regulation of FZD by ubiquitination,https://reactome.org/PathwayBrowser/#/R-MMU-110357
REACTOME,Synthesis of pyrophosphates in the cytosol,https://reactome.org/PathwayBrowser/#/R-MMU-75205
REACTOME,Fertilization,https://reactome.org/PathwayBrowser/#/R-MMU-212676
REACTOME,Sperm Motility And Taxes,https://reactome.org/PathwayBrowser/#/R-MMU-379401
REACTOME,Reproduction,https://reactome.org/PathwayBrowser/#/R-MMU-390651
REACTOME,"Cobalamin (Cbl, vitamin B12) transport and metabolism",https://reactome.org/PathwayBrowser/#/R-MMU-8863795
REACTOME,Metabolism of water-soluble vitamins and cofactors,https://reactome.org/PathwayBrowser/#/R-MMU-1358803
REACTOME,Metabolism of vitamins and cofactors,https://reactome.org/PathwayBrowser/#/R-MMU-1253288
REACTOME,Visual phototransduction,https://reactome.org/PathwayBrowser/#/R-MMU-2173795
REACTOME,Metabolism of fat-soluble vitamins,https://reactome.org/PathwayBrowser/#/R-MMU-2173788
REACTOME,Cargo recognition for clathrin-mediated endocytosis,https://reactome.org/PathwayBrowser/#/R-MMU-202424
REACTOME,Clathrin-mediated endocytosis,https://reactome.org/PathwayBrowser/#/R-MMU-186763
REACTOME,Retinoid metabolism and transport,https://reactome.org/PathwayBrowser/#/R-MMU-1168372
REACTOME,Transport of RCbl within the body,https://reactome.org/PathwayBrowser/#/R-MMU-5654687
REACTOME,Agmatine biosynthesis,https://reactome.org/PathwayBrowser/#/R-MMU-5654696
REACTOME,Metabolism of polyamines,https://reactome.org/PathwayBrowser/#/R-MMU-5654708
REACTOME,Glycosaminoglycan metabolism,https://reactome.org/PathwayBrowser/#/R-MMU-5654716
REACTOME,Heparan sulfate/heparin (HS-GAG) metabolism,https://reactome.org/PathwayBrowser/#/R-MMU-9748784
REACTOME,Chondroitin sulfate/dermatan sulfate metabolism,https://reactome.org/PathwayBrowser/#/R-MMU-9754119
REACTOME,A tetrasaccharide linker sequence is required for GAG synthesis,https://reactome.org/PathwayBrowser/#/R-MMU-9652282
REACTOME,HS-GAG biosynthesis,https://reactome.org/PathwayBrowser/#/R-MMU-9734091
REACTOME,HS-GAG degradation,https://reactome.org/PathwayBrowser/#/R-MMU-5696400
REACTOME,Glyoxylate metabolism and glycine degradation,https://reactome.org/PathwayBrowser/#/R-MMU-6782135
REACTOME,Transcriptional Regulation by E2F6,https://reactome.org/PathwayBrowser/#/R-MMU-113510
REACTOME,Molybdenum cofactor biosynthesis,https://reactome.org/PathwayBrowser/#/R-MMU-8866654
REACTOME,RMTs methylate histone arginines,https://reactome.org/PathwayBrowser/#/R-MMU-3000178
REACTOME,EPH-Ephrin signaling,https://reactome.org/PathwayBrowser/#/R-MMU-2179392
REACTOME,EPHB-mediated forward signaling,https://reactome.org/PathwayBrowser/#/R-MMU-182971
REACTOME,MAPK6/MAPK4 signaling,https://reactome.org/PathwayBrowser/#/R-MMU-212718
REACTOME,RHOG GTPase cycle,https://reactome.org/PathwayBrowser/#/R-MMU-9648025
REACTOME,HDACs deacetylate histones,https://reactome.org/PathwayBrowser/#/R-MMU-2682334
REACTOME,RND2 GTPase cycle,https://reactome.org/PathwayBrowser/#/R-MMU-3928665
REACTOME,Glutathione conjugation,https://reactome.org/PathwayBrowser/#/R-MMU-3928663
REACTOME,Aflatoxin activation and detoxification,https://reactome.org/PathwayBrowser/#/R-MMU-3928662
REACTOME,Epigenetic regulation of gene expression,https://reactome.org/PathwayBrowser/#/R-MMU-901032
REACTOME,HATs acetylate histones,https://reactome.org/PathwayBrowser/#/R-MMU-199977
REACTOME,Formation of WDR5-containing histone-modifying complexes,https://reactome.org/PathwayBrowser/#/R-MMU-1236974
REACTOME,Regulation of Insulin-like Growth Factor (IGF) transport and uptake by Insulin-like Growth Factor Binding Proteins (IGFBPs),https://reactome.org/PathwayBrowser/#/R-MMU-8847993
REACTOME,Post-translational protein phosphorylation,https://reactome.org/PathwayBrowser/#/R-MMU-6785631
REACTOME,Metabolism of nucleotides,https://reactome.org/PathwayBrowser/#/R-MMU-198753
REACTOME,Pyrimidine catabolism,https://reactome.org/PathwayBrowser/#/R-MMU-202670
REACTOME,Purine catabolism,https://reactome.org/PathwayBrowser/#/R-MMU-8939211
REACTOME,Nucleotide catabolism,https://reactome.org/PathwayBrowser/#/R-MMU-114508
REACTOME,trans-Golgi Network Vesicle Budding,https://reactome.org/PathwayBrowser/#/R-MMU-391903
REACTOME,Golgi Associated Vesicle Biogenesis,https://reactome.org/PathwayBrowser/#/R-MMU-211979
REACTOME,Opioid Signalling,https://reactome.org/PathwayBrowser/#/R-MMU-1566948
REACTOME,G-protein mediated events,https://reactome.org/PathwayBrowser/#/R-MMU-112303
REACTOME,PLC beta mediated events,https://reactome.org/PathwayBrowser/#/R-MMU-2395516
REACTOME,Integration of energy metabolism,https://reactome.org/PathwayBrowser/#/R-MMU-139853
REACTOME,G-protein beta:gamma signalling,https://reactome.org/PathwayBrowser/#/R-MMU-211976
REACTOME,Acetylcholine regulates insulin secretion,https://reactome.org/PathwayBrowser/#/R-MMU-917729
REACTOME,Free fatty acids regulate insulin secretion,https://reactome.org/PathwayBrowser/#/R-MMU-1236977
REACTOME,Ca2+ pathway,https://reactome.org/PathwayBrowser/#/R-MMU-380972
REACTOME,G beta:gamma signalling through PLC beta,https://reactome.org/PathwayBrowser/#/R-MMU-379398
REACTOME,G alpha (i) signalling events,https://reactome.org/PathwayBrowser/#/R-MMU-379397
REACTOME,Regulation of insulin secretion,https://reactome.org/PathwayBrowser/#/R-MMU-3928664
REACTOME,Fatty Acids bound to GPR40 (FFAR1) regulate insulin secretion,https://reactome.org/PathwayBrowser/#/R-MMU-212165
REACTOME,Activation of kainate receptors upon glutamate binding,https://reactome.org/PathwayBrowser/#/R-MMU-1237044
REACTOME,Presynaptic function of Kainate receptors,https://reactome.org/PathwayBrowser/#/R-MMU-1247673
REACTOME,Butyrophilin (BTN) family interactions,https://reactome.org/PathwayBrowser/#/R-MMU-9027276
REACTOME,Collagen degradation,https://reactome.org/PathwayBrowser/#/R-MMU-9027284
REACTOME,Degradation of the extracellular matrix,https://reactome.org/PathwayBrowser/#/R-MMU-2468052
REACTOME,Methylation,https://reactome.org/PathwayBrowser/#/R-MMU-193144
REACTOME,Sulfur amino acid metabolism,https://reactome.org/PathwayBrowser/#/R-MMU-9018519
REACTOME,RHOH GTPase cycle,https://reactome.org/PathwayBrowser/#/R-MMU-9634638
REACTOME,Cobalamin (Cbl) metabolism,https://reactome.org/PathwayBrowser/#/R-MMU-9634635
REACTOME,Acrosome Reaction and Sperm:Oocyte Membrane Binding,https://reactome.org/PathwayBrowser/#/R-MMU-71384
REACTOME,RHOU GTPase cycle,https://reactome.org/PathwayBrowser/#/R-MMU-156842
REACTOME,Synthesis of PE,https://reactome.org/PathwayBrowser/#/R-MMU-72613
REACTOME,Nicotinate metabolism,https://reactome.org/PathwayBrowser/#/R-MMU-72764
REACTOME,Nicotinamide salvaging,https://reactome.org/PathwayBrowser/#/R-MMU-8941413
REACTOME,"Regulation of glycolysis by fructose 2,6-bisphosphate metabolism",https://reactome.org/PathwayBrowser/#/R-MMU-9036866
REACTOME,ER-Phagosome pathway,https://reactome.org/PathwayBrowser/#/R-MMU-180786
REACTOME,Antigen processing-Cross presentation,https://reactome.org/PathwayBrowser/#/R-MMU-9009391
REACTOME,Endosomal/Vacuolar pathway,https://reactome.org/PathwayBrowser/#/R-MMU-1474244
REACTOME,"Antigen Presentation: Folding, assembly and peptide loading of class I MHC",https://reactome.org/PathwayBrowser/#/R-MMU-140834
REACTOME,Erythrocytes take up carbon dioxide and release oxygen,https://reactome.org/PathwayBrowser/#/R-MMU-8854050
REACTOME,Erythrocytes take up oxygen and release carbon dioxide,https://reactome.org/PathwayBrowser/#/R-MMU-2871809
REACTOME,O2/CO2 exchange in erythrocytes,https://reactome.org/PathwayBrowser/#/R-MMU-2871796
REACTOME,Cytoprotection by HMOX1,https://reactome.org/PathwayBrowser/#/R-MMU-2871837
REACTOME,Heme signaling,https://reactome.org/PathwayBrowser/#/R-MMU-2029481
REACTOME,Cellular response to chemical stress,https://reactome.org/PathwayBrowser/#/R-MMU-190242
REACTOME,Regulation of TP53 Activity through Acetylation,https://reactome.org/PathwayBrowser/#/R-MMU-190370
REACTOME,PTEN Regulation,https://reactome.org/PathwayBrowser/#/R-MMU-190374
REACTOME,RNA Polymerase I Transcription Initiation,https://reactome.org/PathwayBrowser/#/R-MMU-190373
REACTOME,RNA Polymerase I Promoter Clearance,https://reactome.org/PathwayBrowser/#/R-MMU-6803529
REACTOME,RNA Polymerase I Transcription,https://reactome.org/PathwayBrowser/#/R-MMU-190241
REACTOME,Regulation of PTEN gene transcription,https://reactome.org/PathwayBrowser/#/R-MMU-190377
REACTOME,Ionotropic activity of kainate receptors,https://reactome.org/PathwayBrowser/#/R-MMU-190375
REACTOME,Activation of Ca-permeable Kainate Receptor,https://reactome.org/PathwayBrowser/#/R-MMU-190239
REACTOME,Protein ubiquitination,https://reactome.org/PathwayBrowser/#/R-MMU-190371
REACTOME,E3 ubiquitin ligases ubiquitinate target proteins,https://reactome.org/PathwayBrowser/#/R-MMU-190372
REACTOME,Peroxisomal protein import,https://reactome.org/PathwayBrowser/#/R-MMU-190322
REACTOME,Protein localization,https://reactome.org/PathwayBrowser/#/R-MMU-5658623
REACTOME,Signaling by SCF-KIT,https://reactome.org/PathwayBrowser/#/R-MMU-9607240
REACTOME,Recycling of eIF2:GDP,https://reactome.org/PathwayBrowser/#/R-MMU-9706374
REACTOME,RAC2 GTPase cycle,https://reactome.org/PathwayBrowser/#/R-MMU-217271
REACTOME,RAC3 GTPase cycle,https://reactome.org/PathwayBrowser/#/R-MMU-9614085
REACTOME,Crosslinking of collagen fibrils,https://reactome.org/PathwayBrowser/#/R-MMU-9617828
REACTOME,Laminin interactions,https://reactome.org/PathwayBrowser/#/R-MMU-9615017
REACTOME,DARPP-32 events,https://reactome.org/PathwayBrowser/#/R-MMU-5654693
REACTOME,Cytokine Signaling in Immune system,https://reactome.org/PathwayBrowser/#/R-MMU-5654700
REACTOME,TNFR2 non-canonical NF-kB pathway,https://reactome.org/PathwayBrowser/#/R-MMU-5654706
REACTOME,TNFs bind their physiological receptors,https://reactome.org/PathwayBrowser/#/R-MMU-5654712
REACTOME,Mitophagy,https://reactome.org/PathwayBrowser/#/R-MMU-983231
REACTOME,PINK1-PRKN Mediated Mitophagy,https://reactome.org/PathwayBrowser/#/R-MMU-6783310
REACTOME,UCH proteinases,https://reactome.org/PathwayBrowser/#/R-MMU-75157
REACTOME,Regulation of PTEN stability and activity,https://reactome.org/PathwayBrowser/#/R-MMU-434316
REACTOME,mRNA 3'-end processing,https://reactome.org/PathwayBrowser/#/R-MMU-8978868
REACTOME,RNA Polymerase II Transcription Termination,https://reactome.org/PathwayBrowser/#/R-MMU-211935
REACTOME,Neurexins and neuroligins,https://reactome.org/PathwayBrowser/#/R-MMU-75105
REACTOME,Pyrimidine biosynthesis,https://reactome.org/PathwayBrowser/#/R-MMU-2454202
REACTOME,Nucleotide biosynthesis,https://reactome.org/PathwayBrowser/#/R-MMU-2029480
REACTOME,Metabolism of Angiotensinogen to Angiotensins,https://reactome.org/PathwayBrowser/#/R-MMU-1187000
REACTOME,Peptide hormone metabolism,https://reactome.org/PathwayBrowser/#/R-MMU-1566977
REACTOME,RNA Polymerase I Promoter Escape,https://reactome.org/PathwayBrowser/#/R-MMU-2855086
REACTOME,Adenylate cyclase inhibitory pathway,https://reactome.org/PathwayBrowser/#/R-MMU-163210
REACTOME,ADP signalling through P2Y purinoceptor 12,https://reactome.org/PathwayBrowser/#/R-MMU-140877
REACTOME,Signal amplification,https://reactome.org/PathwayBrowser/#/R-MMU-5696395
REACTOME,"Adrenaline,noradrenaline inhibits insulin secretion",https://reactome.org/PathwayBrowser/#/R-MMU-112382
REACTOME,ESR-mediated signaling,https://reactome.org/PathwayBrowser/#/R-MMU-2559584
REACTOME,Signaling by Nuclear Receptors,https://reactome.org/PathwayBrowser/#/R-MMU-6781823
REACTOME,Extra-nuclear estrogen signaling,https://reactome.org/PathwayBrowser/#/R-MMU-9772755
REACTOME,GABA receptor activation,https://reactome.org/PathwayBrowser/#/R-MMU-72689
REACTOME,GABA B receptor activation,https://reactome.org/PathwayBrowser/#/R-MMU-196025
REACTOME,Activation of GABAB receptors,https://reactome.org/PathwayBrowser/#/R-MMU-111458
REACTOME,Metabolism of porphyrins,https://reactome.org/PathwayBrowser/#/R-MMU-77042
REACTOME,Heme degradation,https://reactome.org/PathwayBrowser/#/R-MMU-113418
REACTOME,Drug ADME,https://reactome.org/PathwayBrowser/#/R-MMU-75094
REACTOME,Aspirin ADME,https://reactome.org/PathwayBrowser/#/R-MMU-173599
REACTOME,Atorvastatin ADME,https://reactome.org/PathwayBrowser/#/R-MMU-201722
REACTOME,Prednisone ADME,https://reactome.org/PathwayBrowser/#/R-MMU-6809371
REACTOME,Neurotransmitter release cycle,https://reactome.org/PathwayBrowser/#/R-MMU-72695
REACTOME,Dopamine Neurotransmitter Release Cycle,https://reactome.org/PathwayBrowser/#/R-MMU-5661270
REACTOME,TNFR1-induced proapoptotic signaling,https://reactome.org/PathwayBrowser/#/R-MMU-444473
REACTOME,Regulation of TNFR1 signaling,https://reactome.org/PathwayBrowser/#/R-MMU-444209
REACTOME,TNFR1-induced NF-kappa-B signaling pathway,https://reactome.org/PathwayBrowser/#/R-MMU-400451
REACTOME,TNF signaling,https://reactome.org/PathwayBrowser/#/R-MMU-170968
REACTOME,ATP sensitive Potassium channels,https://reactome.org/PathwayBrowser/#/R-MMU-5652227
REACTOME,Inwardly rectifying K+ channels,https://reactome.org/PathwayBrowser/#/R-MMU-70350
REACTOME,Phase 4 - resting membrane potential,https://reactome.org/PathwayBrowser/#/R-MMU-5652084
REACTOME,Regulation of gene expression by Hypoxia-inducible Factor,https://reactome.org/PathwayBrowser/#/R-MMU-416482
REACTOME,Cellular response to hypoxia,https://reactome.org/PathwayBrowser/#/R-MMU-418594
REACTOME,Signaling by NOTCH,https://reactome.org/PathwayBrowser/#/R-MMU-416476
REACTOME,DDX58/IFIH1-mediated induction of interferon-alpha/beta,https://reactome.org/PathwayBrowser/#/R-MMU-418555
REACTOME,Cytosolic sensors of pathogen-associated DNA,https://reactome.org/PathwayBrowser/#/R-MMU-418597
REACTOME,Signaling by NOTCH1,https://reactome.org/PathwayBrowser/#/R-MMU-8964315
REACTOME,Signaling by ALK,https://reactome.org/PathwayBrowser/#/R-MMU-8964616
REACTOME,Formation of the beta-catenin:TCF transactivating complex,https://reactome.org/PathwayBrowser/#/R-MMU-392451
REACTOME,NOTCH1 Intracellular Domain Regulates Transcription,https://reactome.org/PathwayBrowser/#/R-MMU-418217
REACTOME,LRR FLII-interacting protein 1 (LRRFIP1) activates type I IFN production,https://reactome.org/PathwayBrowser/#/R-MMU-1296059
REACTOME,Attenuation phase,https://reactome.org/PathwayBrowser/#/R-MMU-202040
REACTOME,HSF1-dependent transactivation,https://reactome.org/PathwayBrowser/#/R-MMU-397795
REACTOME,SUMOylation of transcription cofactors,https://reactome.org/PathwayBrowser/#/R-MMU-112040
REACTOME,Positive epigenetic regulation of rRNA expression,https://reactome.org/PathwayBrowser/#/R-MMU-1538133
REACTOME,B-WICH complex positively regulates rRNA expression,https://reactome.org/PathwayBrowser/#/R-MMU-69236
REACTOME,CD209 (DC-SIGN) signaling,https://reactome.org/PathwayBrowser/#/R-MMU-69615
REACTOME,Metalloprotease DUBs,https://reactome.org/PathwayBrowser/#/R-MMU-69206
REACTOME,PI5P Regulates TP53 Acetylation,https://reactome.org/PathwayBrowser/#/R-MMU-68911
REACTOME,Transcriptional regulation by the AP-2 (TFAP2) family of transcription factors,https://reactome.org/PathwayBrowser/#/R-MMU-69481
REACTOME,Activation of the TFAP2 (AP-2) family of transcription factors,https://reactome.org/PathwayBrowser/#/R-MMU-69473
REACTOME,RUNX1 regulates genes involved in megakaryocyte differentiation and platelet function,https://reactome.org/PathwayBrowser/#/R-MMU-69478
REACTOME,RUNX3 regulates NOTCH signaling,https://reactome.org/PathwayBrowser/#/R-MMU-69275
REACTOME,RUNX3 regulates p14-ARF,https://reactome.org/PathwayBrowser/#/R-MMU-180292
REACTOME,Estrogen-dependent gene expression,https://reactome.org/PathwayBrowser/#/R-MMU-977444
REACTOME,NR1H2 and NR1H3-mediated signaling,https://reactome.org/PathwayBrowser/#/R-MMU-977443
REACTOME,NR1H3 & NR1H2 regulate gene expression linked to cholesterol transport and efflux,https://reactome.org/PathwayBrowser/#/R-MMU-888568
REACTOME,TRAF3-dependent IRF activation pathway,https://reactome.org/PathwayBrowser/#/R-MMU-888590
REACTOME,TRAF6 mediated IRF7 activation,https://reactome.org/PathwayBrowser/#/R-MMU-6787639
REACTOME,FOXO-mediated transcription,https://reactome.org/PathwayBrowser/#/R-MMU-5610785
REACTOME,Regulation of FOXO transcriptional activity by acetylation,https://reactome.org/PathwayBrowser/#/R-MMU-430116
REACTOME,STAT3 nuclear events downstream of ALK signaling,https://reactome.org/PathwayBrowser/#/R-MMU-388396
REACTOME,KEAP1-NFE2L2 pathway,https://reactome.org/PathwayBrowser/#/R-MMU-500792
REACTOME,Nuclear events mediated by NFE2L2,https://reactome.org/PathwayBrowser/#/R-MMU-9634597
REACTOME,Recycling of bile acids and salts,https://reactome.org/PathwayBrowser/#/R-MMU-114604
REACTOME,ABC-family proteins mediated transport,https://reactome.org/PathwayBrowser/#/R-MMU-179812
REACTOME,Paracetamol ADME,https://reactome.org/PathwayBrowser/#/R-MMU-1963640
REACTOME,Deadenylation-dependent mRNA decay,https://reactome.org/PathwayBrowser/#/R-MMU-354194
REACTOME,Deadenylation of mRNA,https://reactome.org/PathwayBrowser/#/R-MMU-1306955
REACTOME,Vitamins,https://reactome.org/PathwayBrowser/#/R-MMU-9762114
REACTOME,Signaling by Retinoic Acid,https://reactome.org/PathwayBrowser/#/R-MMU-72706
REACTOME,RA biosynthesis pathway,https://reactome.org/PathwayBrowser/#/R-MMU-70370
REACTOME,RNA Polymerase III Transcription,https://reactome.org/content/query?q=RNA%20Polymerase%20III%20Transcription&types=Pathway
REACTOME,RNA Polymerase III Transcription Initiation,https://reactome.org/PathwayBrowser/#/R-MMU-159740
REACTOME,RNA Polymerase III Transcription Initiation From Type 1 Promoter,https://reactome.org/PathwayBrowser/#/R-MMU-159854
REACTOME,RNA Polymerase III Transcription Initiation From Type 2 Promoter,https://reactome.org/PathwayBrowser/#/R-MMU-190861
REACTOME,RNA Polymerase III Transcription Initiation From Type 3 Promoter,https://reactome.org/PathwayBrowser/#/R-MMU-190873
REACTOME,Serotonin Neurotransmitter Release Cycle,https://reactome.org/PathwayBrowser/#/R-MMU-190828
REACTOME,Norepinephrine Neurotransmitter Release Cycle,https://reactome.org/PathwayBrowser/#/R-MMU-157858
REACTOME,Glutamate Neurotransmitter Release Cycle,https://reactome.org/PathwayBrowser/#/R-MMU-5696397
REACTOME,Acetylcholine Neurotransmitter Release Cycle,https://reactome.org/PathwayBrowser/#/R-MMU-6782210
REACTOME,Heme biosynthesis,https://reactome.org/PathwayBrowser/#/R-MMU-881907
REACTOME,Iron uptake and transport,https://reactome.org/PathwayBrowser/#/R-MMU-211000
REACTOME,Signal transduction by L1,https://reactome.org/PathwayBrowser/#/R-MMU-74160
REACTOME,Transcription from mitochondrial promoters,https://reactome.org/PathwayBrowser/#/R-MMU-202433
REACTOME,Acyl chain remodelling of PS,https://reactome.org/PathwayBrowser/#/R-MMU-212436
REACTOME,Retrograde transport at the Trans-Golgi-Network,https://reactome.org/PathwayBrowser/#/R-MMU-5696399
REACTOME,Signaling by Interleukins,https://reactome.org/PathwayBrowser/#/R-MMU-163359
REACTOME,Other interleukin signaling,https://reactome.org/PathwayBrowser/#/R-MMU-381676
REACTOME,PRC2 methylates histones and DNA,https://reactome.org/PathwayBrowser/#/R-MMU-420092
REACTOME,Condensation of Prophase Chromosomes,https://reactome.org/PathwayBrowser/#/R-MMU-194002
REACTOME,Toll Like Receptor 4 (TLR4) Cascade,https://reactome.org/PathwayBrowser/#/R-MMU-70263
REACTOME,MyD88:MAL(TIRAP) cascade initiated on plasma membrane,https://reactome.org/PathwayBrowser/#/R-MMU-70326
REACTOME,MyD88-independent TLR4 cascade,https://reactome.org/PathwayBrowser/#/R-MMU-156588
REACTOME,Toll Like Receptor 9 (TLR9) Cascade,https://reactome.org/PathwayBrowser/#/R-MMU-210500
REACTOME,Toll Like Receptor 10 (TLR10) Cascade,https://reactome.org/PathwayBrowser/#/R-MMU-8964539
REACTOME,Toll Like Receptor 3 (TLR3) Cascade,https://reactome.org/PathwayBrowser/#/R-MMU-399721
REACTOME,Toll Like Receptor 5 (TLR5) Cascade,https://reactome.org/PathwayBrowser/#/R-MMU-156590
REACTOME,Toll Like Receptor TLR1:TLR2 Cascade,https://reactome.org/PathwayBrowser/#/R-MMU-174403
REACTOME,Toll Like Receptor 7/8 (TLR7/8) Cascade,https://reactome.org/PathwayBrowser/#/R-MMU-1483206
REACTOME,Toll Like Receptor TLR6:TLR2 Cascade,https://reactome.org/PathwayBrowser/#/R-MMU-6814848
REACTOME,Toll-like Receptor Cascades,https://reactome.org/PathwayBrowser/#/R-MMU-6783984
REACTOME,Toll Like Receptor 2 (TLR2) Cascade,https://reactome.org/PathwayBrowser/#/R-MMU-70221
REACTOME,TAK1-dependent IKK and NF-kappa-B activation,https://reactome.org/PathwayBrowser/#/R-MMU-8982491
REACTOME,Interleukin-1 family signaling,https://reactome.org/PathwayBrowser/#/R-MMU-3322077
REACTOME,Interleukin-1 signaling,https://reactome.org/PathwayBrowser/#/R-MMU-70171
REACTOME,TRIF(TICAM1)-mediated TLR4 signaling,https://reactome.org/PathwayBrowser/#/R-MMU-209822
REACTOME,TRAF6 mediated induction of NFkB and MAP kinases upon TLR7/8 or 9 activation,https://reactome.org/PathwayBrowser/#/R-MMU-1630316
REACTOME,MyD88 dependent cascade initiated on endosome,https://reactome.org/PathwayBrowser/#/R-MMU-1660662
REACTOME,Regulation of NF-kappa B signaling,https://reactome.org/PathwayBrowser/#/R-MMU-389661
REACTOME,MyD88 cascade initiated on plasma membrane,https://reactome.org/PathwayBrowser/#/R-MMU-432722
REACTOME,Serotonin and melatonin biosynthesis,https://reactome.org/PathwayBrowser/#/R-MMU-162658
REACTOME,Trafficking of AMPA receptors,https://reactome.org/PathwayBrowser/#/R-MMU-8856688
REACTOME,"Glutamate binding, activation of AMPA receptors and synaptic plasticity",https://reactome.org/PathwayBrowser/#/R-MMU-982772
REACTOME,Effects of PIP2 hydrolysis,https://reactome.org/PathwayBrowser/#/R-MMU-3214847
REACTOME,Defensins,https://reactome.org/PathwayBrowser/#/R-MMU-1296061
REACTOME,Alpha-defensins,https://reactome.org/PathwayBrowser/#/R-MMU-3214815
REACTOME,Terminal pathway of complement,https://reactome.org/PathwayBrowser/#/R-MMU-8963896
REACTOME,Miscellaneous substrates,https://reactome.org/PathwayBrowser/#/R-MMU-8964011
REACTOME,Xenobiotics,https://reactome.org/PathwayBrowser/#/R-MMU-8964058
REACTOME,Metabolism of folate and pterines,https://reactome.org/PathwayBrowser/#/R-MMU-3214842
REACTOME,mRNA Splicing - Minor Pathway,https://reactome.org/PathwayBrowser/#/R-MMU-5685942
REACTOME,O-glycosylation of TSR domain-containing proteins,https://reactome.org/PathwayBrowser/#/R-MMU-5693567
REACTOME,Synthesis of glycosylphosphatidylinositol (GPI),https://reactome.org/PathwayBrowser/#/R-MMU-5685939
REACTOME,Chondroitin sulfate biosynthesis,https://reactome.org/PathwayBrowser/#/R-MMU-5685938
REACTOME,TP53 Regulates Metabolic Genes,https://reactome.org/PathwayBrowser/#/R-MMU-2022928
REACTOME,Glutamate and glutamine metabolism,https://reactome.org/PathwayBrowser/#/R-MMU-2024096
REACTOME,Notch-HLH transcription pathway,https://reactome.org/PathwayBrowser/#/R-MMU-3371511
REACTOME,GPVI-mediated activation cascade,https://reactome.org/PathwayBrowser/#/R-MMU-3371571
REACTOME,Activation of the phototransduction cascade,https://reactome.org/PathwayBrowser/#/R-MMU-3371497
REACTOME,The phototransduction cascade,https://reactome.org/PathwayBrowser/#/R-MMU-5610787
REACTOME,"Inactivation, recovery and regulation of the phototransduction cascade",https://reactome.org/PathwayBrowser/#/R-MMU-5632684
REACTOME,VxPx cargo-targeting to cilium,https://reactome.org/PathwayBrowser/#/R-MMU-5358346
REACTOME,Cargo trafficking to the periciliary membrane,https://reactome.org/PathwayBrowser/#/R-MMU-189451
REACTOME,Common Pathway of Fibrin Clot Formation,https://reactome.org/PathwayBrowser/#/R-MMU-189483
REACTOME,Formation of Fibrin Clot (Clotting Cascade),https://reactome.org/PathwayBrowser/#/R-MMU-9707616
REACTOME,Integrin signaling,https://reactome.org/PathwayBrowser/#/R-MMU-109582
REACTOME,GRB2:SOS provides linkage to MAPK signaling for Integrins,https://reactome.org/PathwayBrowser/#/R-MMU-1638091
REACTOME,p130Cas linkage to MAPK signaling for integrins,https://reactome.org/PathwayBrowser/#/R-MMU-629597
REACTOME,Regulation of TLR by endogenous ligand,https://reactome.org/PathwayBrowser/#/R-MMU-629594
REACTOME,Platelet Aggregation (Plug Formation),https://reactome.org/PathwayBrowser/#/R-MMU-629587
REACTOME,Regulation of RAS by GAPs,https://reactome.org/PathwayBrowser/#/R-MMU-390650
REACTOME,RND3 GTPase cycle,https://reactome.org/PathwayBrowser/#/R-MMU-70921
REACTOME,RND1 GTPase cycle,https://reactome.org/PathwayBrowser/#/R-MMU-5693579
REACTOME,Insertion of tail-anchored proteins into the endoplasmic reticulum membrane,https://reactome.org/PathwayBrowser/#/R-MMU-5693538
REACTOME,Condensation of Prometaphase Chromosomes,https://reactome.org/PathwayBrowser/#/R-MMU-375281
REACTOME,Transport of nucleosides and free purine and pyrimidine bases across the plasma membrane,https://reactome.org/PathwayBrowser/#/R-MMU-450520
REACTOME,Sulfide oxidation to sulfate,https://reactome.org/content/query?q=Sulfide%20oxidation%20to%20sulfate&types=Pathway
REACTOME,Degradation of cysteine and homocysteine,https://reactome.org/PathwayBrowser/#/R-MMU-2142845
REACTOME,Downstream signal transduction,https://reactome.org/content/query?q=Downstream%20signal%20transduction&types=Pathway
REACTOME,Signaling by VEGF,https://reactome.org/PathwayBrowser/#/R-MMU-1483115
REACTOME,VEGFA-VEGFR2 Pathway,https://reactome.org/PathwayBrowser/#/R-MMU-3296197
REACTOME,VEGFR2 mediated cell proliferation,https://reactome.org/PathwayBrowser/#/R-MMU-204626
REACTOME,"PTK6 Regulates RHO GTPases, RAS GTPase and MAP kinases",https://reactome.org/PathwayBrowser/#/R-MMU-2428924
REACTOME,FBXL7 down-regulates AURKA during mitotic entry and in early mitosis,https://reactome.org/PathwayBrowser/#/R-MMU-937041
REACTOME,Androgen biosynthesis,https://reactome.org/PathwayBrowser/#/R-MMU-6788467
REACTOME,Mineralocorticoid biosynthesis,https://reactome.org/PathwayBrowser/#/R-MMU-937039
REACTOME,Glucocorticoid biosynthesis,https://reactome.org/PathwayBrowser/#/R-MMU-975144
REACTOME,Metabolism of steroid hormones,https://reactome.org/PathwayBrowser/#/R-MMU-937042
REACTOME,Azathioprine ADME,https://reactome.org/PathwayBrowser/#/R-MMU-975163
REACTOME,RNA polymerase II transcribes snRNA genes,https://reactome.org/PathwayBrowser/#/R-MMU-3270619
REACTOME,Peroxisomal lipid metabolism,https://reactome.org/PathwayBrowser/#/R-MMU-74713
REACTOME,Estrogen biosynthesis,https://reactome.org/PathwayBrowser/#/R-MMU-112399
REACTOME,Sphingolipid de novo biosynthesis,https://reactome.org/PathwayBrowser/#/R-MMU-2428928
REACTOME,Sphingolipid metabolism,https://reactome.org/PathwayBrowser/#/R-MMU-1169408
REACTOME,Synthesis of PIPs at the ER membrane,https://reactome.org/PathwayBrowser/#/R-MMU-168256
REACTOME,PI Metabolism,https://reactome.org/PathwayBrowser/#/R-MMU-198933
REACTOME,Synthesis of PIPs at the Golgi membrane,https://reactome.org/PathwayBrowser/#/R-MMU-141430
REACTOME,"Plasma lipoprotein assembly, remodeling, and clearance",https://reactome.org/PathwayBrowser/#/R-MMU-9705462
REACTOME,Scavenging by Class B Receptors,https://reactome.org/PathwayBrowser/#/R-MMU-2514859
REACTOME,Scavenging by Class A Receptors,https://reactome.org/PathwayBrowser/#/R-MMU-400508
REACTOME,Scavenging by Class H Receptors,https://reactome.org/PathwayBrowser/#/R-MMU-622312
REACTOME,Platelet homeostasis,https://reactome.org/PathwayBrowser/#/R-MMU-9670095
REACTOME,Platelet sensitization by LDL,https://reactome.org/PathwayBrowser/#/R-MMU-165181
REACTOME,VLDL assembly,https://reactome.org/PathwayBrowser/#/R-MMU-113501
REACTOME,Chylomicron assembly,https://reactome.org/PathwayBrowser/#/R-MMU-141405
REACTOME,Plasma lipoprotein assembly,https://reactome.org/content/query?q=Plasma%20lipoprotein%20assembly&types=Pathway
REACTOME,Plasma lipoprotein remodeling,https://reactome.org/PathwayBrowser/#/R-MMU-166663
REACTOME,Chylomicron remodeling,https://reactome.org/PathwayBrowser/#/R-MMU-2995383
REACTOME,Chylomicron clearance,https://reactome.org/PathwayBrowser/#/R-MMU-168249
REACTOME,LDL clearance,https://reactome.org/PathwayBrowser/#/R-MMU-1483249
REACTOME,LDL remodeling,https://reactome.org/PathwayBrowser/#/R-MMU-429593
REACTOME,Plasma lipoprotein clearance,https://reactome.org/PathwayBrowser/#/R-MMU-9609523
REACTOME,VLDL clearance,https://reactome.org/PathwayBrowser/#/R-MMU-163754
REACTOME,Class A/1 (Rhodopsin-like receptors),https://reactome.org/PathwayBrowser/#/R-MMU-264876
REACTOME,Peptide ligand-binding receptors,https://reactome.org/PathwayBrowser/#/R-MMU-77387
REACTOME,Orexin and neuropeptides FF and QRFP bind to their respective receptors,https://reactome.org/PathwayBrowser/#/R-MMU-74751
REACTOME,GPCR ligand binding,https://reactome.org/PathwayBrowser/#/R-MMU-163685
REACTOME,G alpha (s) signalling events,https://reactome.org/PathwayBrowser/#/R-MMU-216083
REACTOME,ChREBP activates metabolic gene expression,https://reactome.org/PathwayBrowser/#/R-MMU-354192
REACTOME,Biotin transport and metabolism,https://reactome.org/PathwayBrowser/#/R-MMU-2534343
REACTOME,Carnitine metabolism,https://reactome.org/PathwayBrowser/#/R-MMU-445095
REACTOME,Intra-Golgi traffic,https://reactome.org/PathwayBrowser/#/R-MMU-8854521
REACTOME,Apoptosis,https://reactome.org/PathwayBrowser/#/R-MMU-880009
REACTOME,Apoptotic cleavage of cellular proteins,https://reactome.org/PathwayBrowser/#/R-MMU-499943
REACTOME,Apoptotic cleavage of cell adhesion proteins,https://reactome.org/PathwayBrowser/#/R-MMU-351200
REACTOME,Programmed Cell Death,https://reactome.org/PathwayBrowser/#/R-MMU-913531
REACTOME,Apoptotic execution phase,https://reactome.org/PathwayBrowser/#/R-MMU-909733
REACTOME,Mitotic Telophase/Cytokinesis,https://reactome.org/PathwayBrowser/#/R-MMU-877300
REACTOME,Amino Acid conjugation,https://reactome.org/PathwayBrowser/#/R-MMU-912526
REACTOME,Conjugation of carboxylic acids,https://reactome.org/PathwayBrowser/#/R-MMU-446652
REACTOME,Conjugation of salicylate with glycine,https://reactome.org/PathwayBrowser/#/R-MMU-448706
REACTOME,Conjugation of benzoate with glycine,https://reactome.org/PathwayBrowser/#/R-MMU-9020702
REACTOME,Synthesis of PIPs at the plasma membrane,https://reactome.org/PathwayBrowser/#/R-MMU-6783783
REACTOME,Ca2+ activated K+ channels,https://reactome.org/PathwayBrowser/#/R-MMU-447115
REACTOME,ABC transporters in lipid homeostasis,https://reactome.org/PathwayBrowser/#/R-MMU-9020591
REACTOME,Interleukin-20 family signaling,https://reactome.org/PathwayBrowser/#/R-MMU-8983432
REACTOME,Signaling by NTRKs,https://reactome.org/PathwayBrowser/#/R-MMU-448424
REACTOME,Prolonged ERK activation events,https://reactome.org/PathwayBrowser/#/R-MMU-451927
REACTOME,ARMS-mediated activation,https://reactome.org/PathwayBrowser/#/R-MMU-9020558
REACTOME,Signaling by NTRK1 (TRKA),https://reactome.org/PathwayBrowser/#/R-MMU-8854691
REACTOME,Signalling to ERKs,https://reactome.org/PathwayBrowser/#/R-MMU-9020958
REACTOME,Adherens junctions interactions,https://reactome.org/PathwayBrowser/#/R-MMU-9020933
REACTOME,Cell-cell junction organization,https://reactome.org/PathwayBrowser/#/R-MMU-9020956
REACTOME,RHOV GTPase cycle,https://reactome.org/PathwayBrowser/#/R-MMU-512988
REACTOME,RAS processing,https://reactome.org/PathwayBrowser/#/R-MMU-9014843
REACTOME,Transport of fatty acids,https://reactome.org/PathwayBrowser/#/R-MMU-8984722
REACTOME,Smooth Muscle Contraction,https://reactome.org/PathwayBrowser/#/R-MMU-9014826
REACTOME,Regulation of lipid metabolism by PPARalpha,https://reactome.org/PathwayBrowser/#/R-MMU-9008059
REACTOME,RNA Polymerase II Promoter Escape,https://reactome.org/PathwayBrowser/#/R-MMU-9007892
REACTOME,RNA Polymerase II Transcription Pre-Initiation And Promoter Opening,https://reactome.org/PathwayBrowser/#/R-MMU-6785807
REACTOME,RNA Polymerase II Transcription Initiation,https://reactome.org/PathwayBrowser/#/R-MMU-6783589
REACTOME,RNA Polymerase II Transcription Initiation And Promoter Clearance,https://reactome.org/PathwayBrowser/#/R-MMU-1059683
REACTOME,COPII-mediated vesicle transport,https://reactome.org/PathwayBrowser/#/R-MMU-1266695
REACTOME,Chemokine receptors bind chemokines,https://reactome.org/PathwayBrowser/#/R-MMU-8985947
REACTOME,ATF6 (ATF6-alpha) activates chaperones,https://reactome.org/PathwayBrowser/#/R-MMU-8963676
REACTOME,Unfolded Protein Response (UPR),https://reactome.org/PathwayBrowser/#/R-MMU-8981373
REACTOME,NGF processing,https://reactome.org/PathwayBrowser/#/R-MMU-6811442
REACTOME,Assembly of active LPL and LIPC lipase complexes,https://reactome.org/PathwayBrowser/#/R-MMU-6811438
REACTOME,Expression and Processing of Neurotrophins,https://reactome.org/PathwayBrowser/#/R-MMU-434313
REACTOME,Synthesis of PA,https://reactome.org/PathwayBrowser/#/R-MMU-8981607
REACTOME,Glucagon-like Peptide-1 (GLP1) regulates insulin secretion,https://reactome.org/PathwayBrowser/#/R-MMU-9006925
REACTOME,mRNA decay by 3' to 5' exoribonuclease,https://reactome.org/PathwayBrowser/#/R-MMU-5620924
REACTOME,Glycogen breakdown (glycogenolysis),https://reactome.org/PathwayBrowser/#/R-MMU-109606
REACTOME,Glycogen metabolism,https://reactome.org/PathwayBrowser/#/R-MMU-140837
REACTOME,RHOF GTPase cycle,https://reactome.org/PathwayBrowser/#/R-MMU-8941237
REACTOME,Free fatty acid receptors,https://reactome.org/PathwayBrowser/#/R-MMU-1296065
REACTOME,Interconversion of nucleotide di- and triphosphates,https://reactome.org/PathwayBrowser/#/R-MMU-983712
REACTOME,Formation of Senescence-Associated Heterochromatin Foci (SAHF),https://reactome.org/PathwayBrowser/#/R-MMU-5578775
REACTOME,DNA Damage/Telomere Stress Induced Senescence,https://reactome.org/PathwayBrowser/#/R-MMU-6803544
REACTOME,Acetylcholine binding and downstream events,https://reactome.org/PathwayBrowser/#/R-MMU-936837
REACTOME,Postsynaptic nicotinic acetylcholine receptors,https://reactome.org/PathwayBrowser/#/R-MMU-451306
REACTOME,Highly calcium permeable postsynaptic nicotinic acetylcholine receptors,https://reactome.org/PathwayBrowser/#/R-MMU-917937
REACTOME,Translesion synthesis by Y family DNA polymerases bypasses lesions on DNA template,https://reactome.org/content/query?q=Translesion%20synthesis%20by%20Y%20family%20DNA%20polymerases%20bypasses%20lesions%20on%20DNA%20template&types=Pathway
REACTOME,Translesion Synthesis by POLH,https://reactome.org/PathwayBrowser/#/R-MMU-5689877
REACTOME,"Transport of bile salts and organic acids, metal ions and amine compounds",https://reactome.org/PathwayBrowser/#/R-MMU-9755511
REACTOME,Metal ion SLC transporters,https://reactome.org/PathwayBrowser/#/R-MMU-450604
REACTOME,Zinc transporters,https://reactome.org/PathwayBrowser/#/R-MMU-2022854
REACTOME,Zinc influx into cells by the SLC39 gene family,https://reactome.org/PathwayBrowser/#/R-MMU-2022857
REACTOME,Cargo concentration in the ER,https://reactome.org/PathwayBrowser/#/R-MMU-1638074
REACTOME,Processing of Capped Intronless Pre-mRNA,https://reactome.org/PathwayBrowser/#/R-MMU-6805567
REACTOME,Processing of Intronless Pre-mRNAs,https://reactome.org/PathwayBrowser/#/R-MMU-74182
REACTOME,Trafficking of GluR2-containing AMPA receptors,https://reactome.org/PathwayBrowser/#/R-MMU-983189
REACTOME,Vasopressin regulates renal water homeostasis via Aquaporins,https://reactome.org/PathwayBrowser/#/R-MMU-156827
REACTOME,Aquaporin-mediated transport,https://reactome.org/PathwayBrowser/#/R-MMU-373760
REACTOME,Reduction of cytosolic Ca++ levels,https://reactome.org/PathwayBrowser/#/R-MMU-8964038
REACTOME,Platelet calcium homeostasis,https://reactome.org/PathwayBrowser/#/R-MMU-8964041
REACTOME,Tandem pore domain potassium channels,https://reactome.org/PathwayBrowser/#/R-MMU-5682910
REACTOME,"Biosynthesis of the N-glycan precursor (dolichol lipid-linked oligosaccharide, LLO) and transfer to a nascent protein",https://reactome.org/PathwayBrowser/#/R-MMU-3134973
REACTOME,Synthesis of substrates in N-glycan biosythesis,https://reactome.org/PathwayBrowser/#/R-MMU-5653890
REACTOME,GDP-fucose biosynthesis,https://reactome.org/PathwayBrowser/#/R-MMU-69186
REACTOME,Surfactant metabolism,https://reactome.org/PathwayBrowser/#/R-MMU-3000157
REACTOME,Mitochondrial iron-sulfur cluster biogenesis,https://reactome.org/PathwayBrowser/#/R-MMU-69109
REACTOME,NOD1/2 Signaling Pathway,https://reactome.org/PathwayBrowser/#/R-MMU-166662
REACTOME,"Nucleotide-binding domain, leucine rich repeat containing receptor (NLR) signaling pathways",https://reactome.org/PathwayBrowser/#/R-MMU-391906
REACTOME,Thromboxane signalling through TP receptor,https://reactome.org/PathwayBrowser/#/R-MMU-9037629
REACTOME,Cellular hexose transport,https://reactome.org/PathwayBrowser/#/R-MMU-5632681
REACTOME,TRP channels,https://reactome.org/PathwayBrowser/#/R-MMU-2046105
REACTOME,RHO GTPases activate CIT,https://reactome.org/PathwayBrowser/#/R-MMU-8964572
REACTOME,Interferon alpha/beta signaling,https://reactome.org/PathwayBrowser/#/R-MMU-446343
REACTOME,Regulation of IFNA/IFNB signaling,https://reactome.org/PathwayBrowser/#/R-MMU-380259
REACTOME,Interferon Signaling,https://reactome.org/PathwayBrowser/#/R-MMU-380284
REACTOME,Lysosphingolipid and LPA receptors,https://reactome.org/PathwayBrowser/#/R-MMU-71064
REACTOME,Nuclear Receptor transcription pathway,https://reactome.org/PathwayBrowser/#/R-MMU-8853383
REACTOME,Tie2 Signaling,https://reactome.org/PathwayBrowser/#/R-MMU-432720
REACTOME,EPHA-mediated growth cone collapse,https://reactome.org/PathwayBrowser/#/R-MMU-419408
REACTOME,EPH-ephrin mediated repulsion of cells,https://reactome.org/PathwayBrowser/#/R-MMU-68886
REACTOME,Semaphorin interactions,https://reactome.org/PathwayBrowser/#/R-MMU-450294
REACTOME,CRMPs in Sema3A signaling,https://reactome.org/PathwayBrowser/#/R-MMU-5674135
REACTOME,DNA Double-Strand Break Repair,https://reactome.org/PathwayBrowser/#/R-MMU-5684264
REACTOME,Recruitment and ATM-mediated phosphorylation of repair and signaling proteins at DNA double strand breaks,https://reactome.org/PathwayBrowser/#/R-MMU-5683057
REACTOME,DNA Double Strand Break Response,https://reactome.org/PathwayBrowser/#/R-MMU-450282
REACTOME,Initiation of Nuclear Envelope (NE) Reformation,https://reactome.org/PathwayBrowser/#/R-MMU-112411
REACTOME,Depolymerization of the Nuclear Lamina,https://reactome.org/PathwayBrowser/#/R-MMU-5684996
REACTOME,RHOD GTPase cycle,https://reactome.org/PathwayBrowser/#/R-MMU-110056
REACTOME,Tandem of pore domain in a weak inwardly rectifying K+ channels (TWIK),https://reactome.org/PathwayBrowser/#/R-MMU-5687128
REACTOME,Retrograde neurotrophin signalling,https://reactome.org/PathwayBrowser/#/R-MMU-2465910
REACTOME,Gap junction degradation,https://reactome.org/PathwayBrowser/#/R-MMU-6806942
REACTOME,Formation of annular gap junctions,https://reactome.org/PathwayBrowser/#/R-MMU-8851907
REACTOME,Lysosome Vesicle Biogenesis,https://reactome.org/PathwayBrowser/#/R-MMU-8874081
REACTOME,WNT5A-dependent internalization of FZD4,https://reactome.org/PathwayBrowser/#/R-MMU-8865999
REACTOME,"WNT5A-dependent internalization of FZD2, FZD5 and ROR2",https://reactome.org/PathwayBrowser/#/R-MMU-8875555
REACTOME,VLDLR internalisation and degradation,https://reactome.org/PathwayBrowser/#/R-MMU-8851805
REACTOME,Regulation of PTEN localization,https://reactome.org/PathwayBrowser/#/R-MMU-8875791
REACTOME,"GABA synthesis, release, reuptake and degradation",https://reactome.org/PathwayBrowser/#/R-MMU-8875513
REACTOME,Spry regulation of FGF signaling,https://reactome.org/PathwayBrowser/#/R-MMU-8875878
REACTOME,Signaling by FGFR,https://reactome.org/PathwayBrowser/#/R-MMU-8875656
REACTOME,Negative regulation of FGFR1 signaling,https://reactome.org/PathwayBrowser/#/R-MMU-2132295
REACTOME,Negative regulation of FGFR2 signaling,https://reactome.org/PathwayBrowser/#/R-MMU-165159
REACTOME,Negative regulation of FGFR3 signaling,https://reactome.org/PathwayBrowser/#/R-MMU-1632852
REACTOME,Negative regulation of FGFR4 signaling,https://reactome.org/PathwayBrowser/#/R-MMU-6791226
REACTOME,Signaling by FGFR1,https://reactome.org/PathwayBrowser/#/R-MMU-5662702
REACTOME,Signaling by FGFR2,https://reactome.org/PathwayBrowser/#/R-MMU-199991
REACTOME,Signaling by FGFR3,https://reactome.org/PathwayBrowser/#/R-MMU-1430728
REACTOME,Signaling by FGFR4,https://reactome.org/PathwayBrowser/#/R-MMU-2022377
REACTOME,Regulation of ornithine decarboxylase (ODC),https://reactome.org/PathwayBrowser/#/R-MMU-8953854
REACTOME,RHO GTPases activate PAKs,https://reactome.org/PathwayBrowser/#/R-MMU-209776
REACTOME,Alternative complement activation,https://reactome.org/PathwayBrowser/#/R-MMU-71291
REACTOME,Ephrin signaling,https://reactome.org/content/query?q=Ephrin%20signaling&types=Pathway
REACTOME,Hyaluronan metabolism,https://reactome.org/PathwayBrowser/#/R-MMU-8978934
REACTOME,Hyaluronan biosynthesis and export,https://reactome.org/PathwayBrowser/#/R-MMU-6806667
REACTOME,Sema3A PAK dependent Axon repulsion,https://reactome.org/PathwayBrowser/#/R-MMU-196757
REACTOME,SEMA3A-Plexin repulsion signaling by inhibiting Integrin adhesion,https://reactome.org/PathwayBrowser/#/R-MMU-2408508
REACTOME,Thrombin signalling through proteinase activated receptors (PARs),https://reactome.org/PathwayBrowser/#/R-MMU-556833
REACTOME,Urea cycle,https://reactome.org/PathwayBrowser/#/R-MMU-202131
REACTOME,Polo-like kinase mediated events,https://reactome.org/PathwayBrowser/#/R-MMU-194441
REACTOME,Detoxification of Reactive Oxygen Species,https://reactome.org/PathwayBrowser/#/R-MMU-15869
REACTOME,Triglyceride catabolism,https://reactome.org/PathwayBrowser/#/R-MMU-351202
REACTOME,Triglyceride metabolism,https://reactome.org/PathwayBrowser/#/R-MMU-189445
REACTOME,Glycoprotein hormones,https://reactome.org/PathwayBrowser/#/R-MMU-392499
REACTOME,Peptide hormone biosynthesis,https://reactome.org/PathwayBrowser/#/R-MMU-380612
REACTOME,Intrinsic Pathway for Apoptosis,https://reactome.org/PathwayBrowser/#/R-MMU-196071
REACTOME,Activation and oligomerization of BAK protein,https://reactome.org/PathwayBrowser/#/R-MMU-8957322
REACTOME,Release of apoptotic factors from the mitochondria,https://reactome.org/PathwayBrowser/#/R-MMU-6806664
REACTOME,Apoptotic factor-mediated response,https://reactome.org/PathwayBrowser/#/R-MMU-196854
REACTOME,Regulated Necrosis,https://reactome.org/PathwayBrowser/#/R-MMU-196849
REACTOME,Pyroptosis,https://reactome.org/PathwayBrowser/#/R-MMU-425410
REACTOME,Caspase-mediated cleavage of cytoskeletal proteins,https://reactome.org/PathwayBrowser/#/R-MMU-6799990
REACTOME,Breakdown of the nuclear lamina,https://reactome.org/PathwayBrowser/#/R-MMU-5689901
REACTOME,Purine salvage,https://reactome.org/PathwayBrowser/#/R-MMU-5661231
REACTOME,Nucleotide salvage,https://reactome.org/PathwayBrowser/#/R-MMU-1237112
REACTOME,Formation of the Early Elongation Complex,https://reactome.org/PathwayBrowser/#/R-MMU-156581
REACTOME,TP53 Regulates Transcription of DNA Repair Genes,https://reactome.org/PathwayBrowser/#/R-MMU-203927
REACTOME,FGFR2 alternative splicing,https://reactome.org/PathwayBrowser/#/R-MMU-190840
REACTOME,mRNA Capping,https://reactome.org/PathwayBrowser/#/R-MMU-193993
REACTOME,RNA Pol II CTD phosphorylation and interaction with CE,https://reactome.org/PathwayBrowser/#/R-MMU-9715370
REACTOME,Intrinsic Pathway of Fibrin Clot Formation,https://reactome.org/PathwayBrowser/#/R-MMU-211958
REACTOME,GP1b-IX-V activation signalling,https://reactome.org/PathwayBrowser/#/R-MMU-5223345
REACTOME,Platelet Adhesion to exposed collagen,https://reactome.org/PathwayBrowser/#/R-MMU-5358508
REACTOME,Regulation of pyruvate dehydrogenase (PDH) complex,https://reactome.org/PathwayBrowser/#/R-MMU-5358606
REACTOME,Glycine degradation,https://reactome.org/PathwayBrowser/#/R-MMU-5358565
REACTOME,Pyruvate metabolism,https://reactome.org/PathwayBrowser/#/R-MMU-1369007
REACTOME,Branched-chain amino acid catabolism,https://reactome.org/PathwayBrowser/#/R-MMU-77289
REACTOME,Lysine catabolism,https://reactome.org/PathwayBrowser/#/R-MMU-166187
REACTOME,Citric acid cycle (TCA cycle),https://reactome.org/PathwayBrowser/#/R-MMU-1592230
REACTOME,Pyruvate metabolism and Citric Acid (TCA) cycle,https://reactome.org/PathwayBrowser/#/R-MMU-8949215
REACTOME,Cleavage of the damaged pyrimidine,https://reactome.org/PathwayBrowser/#/R-MMU-1362409
REACTOME,Cleavage of the damaged purine,https://reactome.org/PathwayBrowser/#/R-MMU-1268020
REACTOME,Displacement of DNA glycosylase by APEX1,https://reactome.org/PathwayBrowser/#/R-MMU-163282
REACTOME,APEX1-Independent Resolution of AP Sites via the Single Nucleotide Replacement Pathway,https://reactome.org/PathwayBrowser/#/R-MMU-5368287
REACTOME,Base Excision Repair,https://reactome.org/PathwayBrowser/#/R-MMU-5389840
REACTOME,Depurination,https://reactome.org/PathwayBrowser/#/R-MMU-5419276
REACTOME,Depyrimidination,https://reactome.org/PathwayBrowser/#/R-MMU-5205647
REACTOME,"Base-Excision Repair, AP Site Formation",https://reactome.org/PathwayBrowser/#/R-MMU-68882
REACTOME,Resolution of Abasic Sites (AP sites),https://reactome.org/PathwayBrowser/#/R-MMU-453279
REACTOME,MTOR signalling,https://reactome.org/PathwayBrowser/#/R-MMU-453274
REACTOME,mTORC1-mediated signalling,https://reactome.org/PathwayBrowser/#/R-MMU-2555396
REACTOME,Dissolution of Fibrin Clot,https://reactome.org/PathwayBrowser/#/R-MMU-68881
REACTOME,RNA Polymerase I Transcription Termination,https://reactome.org/PathwayBrowser/#/R-MMU-68877
REACTOME,RIPK1-mediated regulated necrosis,https://reactome.org/PathwayBrowser/#/R-MMU-68875
REACTOME,Regulation of necroptotic cell death,https://reactome.org/PathwayBrowser/#/R-MMU-69618
REACTOME,TNF receptor superfamily (TNFSF) members mediating non-canonical NF-kB pathway,https://reactome.org/PathwayBrowser/#/R-MMU-68884
REACTOME,IKK complex recruitment mediated by RIP1,https://reactome.org/PathwayBrowser/#/R-MMU-2129379
REACTOME,PI3K Cascade,https://reactome.org/PathwayBrowser/#/R-MMU-947581
REACTOME,IRS-mediated signalling,https://reactome.org/content/query?q=IRS-mediated%20signalling&types=Pathway
REACTOME,Interleukin-7 signaling,https://reactome.org/PathwayBrowser/#/R-MMU-390648
REACTOME,PI3K/AKT activation,https://reactome.org/PathwayBrowser/#/R-MMU-397014
REACTOME,Signaling by Type 1 Insulin-like Growth Factor 1 Receptor (IGF1R),https://reactome.org/PathwayBrowser/#/R-MMU-975871
REACTOME,DAP12 signaling,https://reactome.org/PathwayBrowser/#/R-MMU-975155
REACTOME,IGF1R signaling cascade,https://reactome.org/PathwayBrowser/#/R-MMU-166166
REACTOME,IRS-related events triggered by IGF1R,https://reactome.org/PathwayBrowser/#/R-MMU-166058
REACTOME,CD28 co-stimulation,https://reactome.org/PathwayBrowser/#/R-MMU-525793
REACTOME,CD28 dependent PI3K/Akt signaling,https://reactome.org/PathwayBrowser/#/R-MMU-975577
REACTOME,Interleukin-2 family signaling,https://reactome.org/PathwayBrowser/#/R-MMU-975576
REACTOME,"Interleukin-3, Interleukin-5 and GM-CSF signaling",https://reactome.org/PathwayBrowser/#/R-MMU-964739
REACTOME,Insulin receptor signalling cascade,https://reactome.org/PathwayBrowser/#/R-MMU-532668
REACTOME,RHOJ GTPase cycle,https://reactome.org/PathwayBrowser/#/R-MMU-205025
REACTOME,Interleukin receptor SHC signaling,https://reactome.org/PathwayBrowser/#/R-MMU-375165
REACTOME,Regulation of signaling by CBL,https://reactome.org/PathwayBrowser/#/R-MMU-419037
REACTOME,Netrin-1 signaling,https://reactome.org/PathwayBrowser/#/R-MMU-209560
REACTOME,DSCAM interactions,https://reactome.org/PathwayBrowser/#/R-MMU-9818027
REACTOME,Myogenesis,https://reactome.org/PathwayBrowser/#/R-MMU-205017
REACTOME,Aryl hydrocarbon receptor signalling,https://reactome.org/PathwayBrowser/#/R-MMU-167060
REACTOME,Abacavir transmembrane transport,https://reactome.org/PathwayBrowser/#/R-MMU-9031628
REACTOME,Abacavir ADME,https://reactome.org/PathwayBrowser/#/R-MMU-5676590
REACTOME,Na+/Cl- dependent neurotransmitter transporters,https://reactome.org/PathwayBrowser/#/R-MMU-168638
REACTOME,Organic cation transport,https://reactome.org/PathwayBrowser/#/R-MMU-203754
REACTOME,Organic cation/anion/zwitterion transport,https://reactome.org/PathwayBrowser/#/R-MMU-203641
REACTOME,Ciprofloxacin ADME,https://reactome.org/PathwayBrowser/#/R-MMU-2122947
REACTOME,RAF activation,https://reactome.org/PathwayBrowser/#/R-MMU-9013507
REACTOME,Neurofascin interactions,https://reactome.org/PathwayBrowser/#/R-MMU-9013700
REACTOME,Ion influx/efflux at host-pathogen interface,https://reactome.org/PathwayBrowser/#/R-MMU-9768919
REACTOME,Pexophagy,https://reactome.org/PathwayBrowser/#/R-MMU-9623433
REACTOME,Interleukin-4 and Interleukin-13 signaling,https://reactome.org/PathwayBrowser/#/R-MMU-9024446
REACTOME,Regulation of KIT signaling,https://reactome.org/PathwayBrowser/#/R-MMU-9029569
REACTOME,FLT3 Signaling,https://reactome.org/PathwayBrowser/#/R-MMU-193648
REACTOME,Negative regulation of FLT3,https://reactome.org/PathwayBrowser/#/R-MMU-205043
REACTOME,Phenylalanine and tyrosine metabolism,https://reactome.org/PathwayBrowser/#/R-MMU-9034013
REACTOME,Phenylalanine metabolism,https://reactome.org/PathwayBrowser/#/R-MMU-9032759
REACTOME,Telomere Maintenance,https://reactome.org/content/query?q=Telomere%20Maintenance&types=Pathway
REACTOME,Processive synthesis on the C-strand of the telomere,https://reactome.org/content/query?q=Processive%20synthesis%20on%20the%20C-strand%20of%20the%20telomere&types=Pathway
REACTOME,Telomere C-strand (Lagging Strand) Synthesis,https://reactome.org/PathwayBrowser/#/R-MMU-8951664
REACTOME,Removal of the Flap Intermediate from the C-strand,https://reactome.org/PathwayBrowser/#/R-MMU-5674499
REACTOME,Extension of Telomeres,https://reactome.org/PathwayBrowser/#/R-MMU-5654726
REACTOME,HDR through Single Strand Annealing (SSA),https://reactome.org/PathwayBrowser/#/R-MMU-5654727
REACTOME,HDR through Homologous Recombination (HRR),https://reactome.org/PathwayBrowser/#/R-MMU-5654732
REACTOME,Resolution of D-Loop Structures,https://reactome.org/PathwayBrowser/#/R-MMU-5654733
REACTOME,Homology Directed Repair,https://reactome.org/PathwayBrowser/#/R-MMU-9706369
REACTOME,HDR through Homologous Recombination (HRR) or Single Strand Annealing (SSA),https://reactome.org/PathwayBrowser/#/R-MMU-5675221
REACTOME,Resolution of D-loop Structures through Holliday Junction Intermediates,https://reactome.org/PathwayBrowser/#/R-MMU-6807004
REACTOME,Homologous DNA Pairing and Strand Exchange,https://reactome.org/PathwayBrowser/#/R-MMU-9604323
REACTOME,Processing of DNA double-strand break ends,https://reactome.org/PathwayBrowser/#/R-MMU-3772470
REACTOME,Presynaptic phase of homologous DNA pairing and strand exchange,https://reactome.org/PathwayBrowser/#/R-MMU-8866904
REACTOME,G2/M DNA damage checkpoint,https://reactome.org/PathwayBrowser/#/R-MMU-199418
REACTOME,G2/M Checkpoints,https://reactome.org/PathwayBrowser/#/R-MMU-936440
REACTOME,Downstream signaling events of B Cell Receptor (BCR),https://reactome.org/PathwayBrowser/#/R-MMU-373753
REACTOME,Activation of NF-kappaB in B cells,https://reactome.org/PathwayBrowser/#/R-MMU-9675108
REACTOME,Oxygen-dependent proline hydroxylation of Hypoxia-inducible Factor Alpha,https://reactome.org/PathwayBrowser/#/R-MMU-373752
REACTOME,Cross-presentation of soluble exogenous antigens (endosomes),https://reactome.org/PathwayBrowser/#/R-MMU-6794361
REACTOME,SCF(Skp2)-mediated degradation of p27/p21,https://reactome.org/PathwayBrowser/#/R-MMU-447043
REACTOME,Degradation of beta-catenin by the destruction complex,https://reactome.org/PathwayBrowser/#/R-MMU-112316
REACTOME,Autodegradation of the E3 ubiquitin ligase COP1,https://reactome.org/PathwayBrowser/#/R-MMU-194306
REACTOME,AUF1 (hnRNP D0) binds and destabilizes mRNA,https://reactome.org/PathwayBrowser/#/R-MMU-112311
REACTOME,Regulation of mRNA stability by proteins that bind AU-rich elements,https://reactome.org/PathwayBrowser/#/R-MMU-112314
REACTOME,Mitotic G1 phase and G1/S transition,https://reactome.org/PathwayBrowser/#/R-MMU-112310
REACTOME,Degradation of DVL,https://reactome.org/PathwayBrowser/#/R-MMU-112313
REACTOME,Hedgehog ligand biogenesis,https://reactome.org/PathwayBrowser/#/R-MMU-6798695
REACTOME,Dectin-1 mediated noncanonical NF-kB signaling,https://reactome.org/content/query?q=Dectin-1%20mediated%20noncanonical%20NF-kB%20signaling&types=Pathway
REACTOME,Degradation of GLI1 by the proteasome,https://reactome.org/PathwayBrowser/#/R-MMU-196807
REACTOME,GLI3 is processed to GLI3R by the proteasome,https://reactome.org/PathwayBrowser/#/R-MMU-392154
REACTOME,NIK-->noncanonical NF-kB signaling,https://reactome.org/PathwayBrowser/#/R-MMU-3000171
REACTOME,Orc1 removal from chromatin,https://reactome.org/PathwayBrowser/#/R-MMU-9017802
REACTOME,Cyclin E associated events during G1/S transition,https://reactome.org/PathwayBrowser/#/R-MMU-5693571
REACTOME,G1/S Transition,https://reactome.org/PathwayBrowser/#/R-MMU-975957
REACTOME,Stabilization of p53,https://reactome.org/PathwayBrowser/#/R-MMU-975956
REACTOME,p53-Dependent G1 DNA Damage Response,https://reactome.org/PathwayBrowser/#/R-MMU-927802
REACTOME,p53-Dependent G1/S DNA damage checkpoint,https://reactome.org/PathwayBrowser/#/R-MMU-181430
REACTOME,Ubiquitin Mediated Degradation of Phosphorylated Cdc25A,https://reactome.org/PathwayBrowser/#/R-MMU-350054
REACTOME,p53-Independent DNA Damage Response,https://reactome.org/PathwayBrowser/#/R-MMU-2995410
REACTOME,p53-Independent G1/S DNA damage checkpoint,https://reactome.org/PathwayBrowser/#/R-MMU-2980766
REACTOME,G1/S DNA Damage Checkpoints,https://reactome.org/PathwayBrowser/#/R-MMU-198725
REACTOME,Cyclin A:Cdk2-associated events at S phase entry,https://reactome.org/PathwayBrowser/#/R-MMU-3301854
REACTOME,Ubiquitin-dependent degradation of Cyclin D,https://reactome.org/PathwayBrowser/#/R-MMU-383280
REACTOME,Transcriptional regulation by RUNX2,https://reactome.org/PathwayBrowser/#/R-MMU-9759194
REACTOME,RUNX1 regulates transcription of genes involved in differentiation of HSCs,https://reactome.org/PathwayBrowser/#/R-MMU-1251985
REACTOME,Regulation of RUNX2 expression and activity,https://reactome.org/PathwayBrowser/#/R-MMU-774815
REACTOME,GSK3B and BTRC:CUL1-mediated-degradation of NFE2L2,https://reactome.org/PathwayBrowser/#/R-MMU-5696398
REACTOME,G0 and Early G1,https://reactome.org/PathwayBrowser/#/R-MMU-8956320
REACTOME,Deactivation of the beta-catenin transactivating complex,https://reactome.org/PathwayBrowser/#/R-MMU-8956319
REACTOME,Transcriptional Regulation by MECP2,https://reactome.org/PathwayBrowser/#/R-MMU-8956321
REACTOME,Regulation of MECP2 expression and activity,https://reactome.org/PathwayBrowser/#/R-MMU-168643
REACTOME,Relaxin receptors,https://reactome.org/PathwayBrowser/#/R-MMU-418038
REACTOME,Hormone ligand-binding receptors,https://reactome.org/PathwayBrowser/#/R-MMU-5173214
REACTOME,TFAP2 (AP-2) family regulates transcription of growth factors and their receptors,https://reactome.org/PathwayBrowser/#/R-MMU-5173105
REACTOME,N-glycan antennae elongation in the medial/trans-Golgi,https://reactome.org/PathwayBrowser/#/R-MMU-913709
REACTOME,Reactions specific to the complex N-glycan synthesis pathway,https://reactome.org/PathwayBrowser/#/R-MMU-1480926
REACTOME,Oxidative Stress Induced Senescence,https://reactome.org/PathwayBrowser/#/R-MMU-8983711
REACTOME,Interleukin-17 signaling,https://reactome.org/PathwayBrowser/#/R-MMU-381753
REACTOME,MAP kinase activation,https://reactome.org/PathwayBrowser/#/R-MMU-2559585
REACTOME,activated TAK1 mediates p38 MAPK activation,https://reactome.org/PathwayBrowser/#/R-MMU-111885
REACTOME,RAF-independent MAPK1/3 activation,https://reactome.org/PathwayBrowser/#/R-MMU-419771
REACTOME,Synthesis of Prostaglandins (PG) and Thromboxanes (TX),https://reactome.org/PathwayBrowser/#/R-MMU-68949
REACTOME,Sema4D in semaphorin signaling,https://reactome.org/PathwayBrowser/#/R-MMU-389397
REACTOME,Sema4D mediated inhibition of cell attachment and migration,https://reactome.org/PathwayBrowser/#/R-MMU-1852241
REACTOME,Sema4D induced cell migration and growth-cone collapse,https://reactome.org/content/query?q=Sema4D%20induced%20cell%20migration%20and%20growth-cone%20collapse&types=Pathway
REACTOME,Other semaphorin interactions,https://reactome.org/content/query?q=Other%20semaphorin%20interactions&types=Pathway
REACTOME,Vitamin C (ascorbate) metabolism,https://reactome.org/content/query?q=Vitamin%20C%20%28ascorbate%29%20metabolism&types=Pathway
REACTOME,Lysosomal oligosaccharide catabolism,https://reactome.org/content/query?q=Lysosomal%20oligosaccharide%20catabolism&types=Pathway
REACTOME,Blood group systems biosynthesis,https://reactome.org/PathwayBrowser/#/R-MMU-449836
REACTOME,ABO blood group biosynthesis,https://reactome.org/PathwayBrowser/#/R-MMU-416700
REACTOME,Glutathione synthesis and recycling,https://reactome.org/PathwayBrowser/#/R-MMU-5689896
REACTOME,Tyrosine catabolism,https://reactome.org/PathwayBrowser/#/R-MMU-2559580
REACTOME,Synthesis of bile acids and bile salts via 7alpha-hydroxycholesterol,https://reactome.org/PathwayBrowser/#/R-MMU-1234176
REACTOME,Synthesis of bile acids and bile salts via 24-hydroxycholesterol,https://reactome.org/PathwayBrowser/#/R-MMU-417957
REACTOME,Beta-oxidation of pristanoyl-CoA,https://reactome.org/PathwayBrowser/#/R-MMU-141334
REACTOME,Synthesis of bile acids and bile salts via 27-hydroxycholesterol,https://reactome.org/PathwayBrowser/#/R-MMU-5651801
REACTOME,Endogenous sterols,https://reactome.org/PathwayBrowser/#/R-MMU-4086400
REACTOME,Sterols are 12-hydroxylated by CYP8B1,https://reactome.org/content/query?q=Sterols%20are%2012-hydroxylated%20by%20CYP8B1&types=Pathway
REACTOME,FGFR1 ligand binding and activation,https://reactome.org/PathwayBrowser/#/R-MMU-210990
REACTOME,FGFR1c and Klotho ligand binding and activation,https://reactome.org/PathwayBrowser/#/R-MMU-381042
REACTOME,Phospholipase C-mediated cascade: FGFR1,https://reactome.org/PathwayBrowser/#/R-MMU-1483255
REACTOME,Downstream signaling of activated FGFR1,https://reactome.org/PathwayBrowser/#/R-MMU-5654689
REACTOME,SHC-mediated cascade:FGFR1,https://reactome.org/PathwayBrowser/#/R-MMU-5654695
REACTOME,PI-3K cascade:FGFR1,https://reactome.org/PathwayBrowser/#/R-MMU-5654710
REACTOME,FRS-mediated FGFR1 signaling,https://reactome.org/PathwayBrowser/#/R-MMU-5654720
REACTOME,Vitamin D (calciferol) metabolism,https://reactome.org/PathwayBrowser/#/R-MMU-109704
REACTOME,Keratan sulfate/keratin metabolism,https://reactome.org/PathwayBrowser/#/R-MMU-1963642
REACTOME,Keratan sulfate biosynthesis,https://reactome.org/PathwayBrowser/#/R-MMU-1250342
REACTOME,Keratan sulfate degradation,https://reactome.org/PathwayBrowser/#/R-MMU-198203
REACTOME,TWIK-releated acid-sensitive K+ channel (TASK),https://reactome.org/PathwayBrowser/#/R-MMU-6811555
REACTOME,Mitochondrial calcium ion transport,https://reactome.org/PathwayBrowser/#/R-MMU-6811558
REACTOME,Processing of SMDT1,https://reactome.org/PathwayBrowser/#/R-MMU-5205685
REACTOME,Telomere Extension By Telomerase,https://reactome.org/PathwayBrowser/#/R-MMU-1257604
REACTOME,Polymerase switching on the C-strand of the telomere,https://reactome.org/PathwayBrowser/#/R-MMU-163615
REACTOME,Telomere C-strand synthesis initiation,https://reactome.org/PathwayBrowser/#/R-MMU-164378
REACTOME,Opsins,https://reactome.org/PathwayBrowser/#/R-MMU-111931
REACTOME,Phase 3 - rapid repolarisation,https://reactome.org/PathwayBrowser/#/R-MMU-3214841
REACTOME,Interleukin-12 family signaling,https://reactome.org/PathwayBrowser/#/R-MMU-112043
REACTOME,Interleukin-35 Signalling,https://reactome.org/PathwayBrowser/#/R-MMU-110362
REACTOME,Interleukin-27 signaling,https://reactome.org/PathwayBrowser/#/R-MMU-212300
REACTOME,TNFR1-mediated ceramide production,https://reactome.org/PathwayBrowser/#/R-MMU-6807070
REACTOME,Insulin processing,https://reactome.org/PathwayBrowser/#/R-MMU-8849474
REACTOME,SMAD2/SMAD3:SMAD4 heterotrimer regulates transcription,https://reactome.org/PathwayBrowser/#/R-MMU-8849472
REACTOME,G2 Phase,https://reactome.org/PathwayBrowser/#/R-MMU-8849470
REACTOME,Cyclin D associated events in G1,https://reactome.org/PathwayBrowser/#/R-MMU-8849468
REACTOME,G1 Phase,https://reactome.org/PathwayBrowser/#/R-MMU-8849471
REACTOME,Activation of ATR in response to replication stress,https://reactome.org/PathwayBrowser/#/R-MMU-8849469
REACTOME,Amino acid transport across the plasma membrane,https://reactome.org/PathwayBrowser/#/R-MMU-8857538
REACTOME,Assembly of the ORC complex at the origin of replication,https://reactome.org/PathwayBrowser/#/R-MMU-9753281
REACTOME,Neurophilin interactions with VEGF and VEGFR,https://reactome.org/PathwayBrowser/#/R-MMU-432047
REACTOME,HuR (ELAVL1) binds and stabilizes mRNA,https://reactome.org/PathwayBrowser/#/R-MMU-71336
REACTOME,Alpha-oxidation of phytanate,https://reactome.org/PathwayBrowser/#/R-MMU-209952
REACTOME,Cytosolic sulfonation of small molecules,https://reactome.org/PathwayBrowser/#/R-MMU-2980736
REACTOME,G-protein activation,https://reactome.org/PathwayBrowser/#/R-MMU-375276
REACTOME,Signaling by MET,https://reactome.org/PathwayBrowser/#/R-MMU-390918
REACTOME,MET Receptor Activation,https://reactome.org/PathwayBrowser/#/R-MMU-9033241
REACTOME,Signaling by MST1,https://reactome.org/PathwayBrowser/#/R-MMU-9664873
REACTOME,WNT ligand biogenesis and trafficking,https://reactome.org/PathwayBrowser/#/R-MMU-5576892
REACTOME,Choline catabolism,https://reactome.org/PathwayBrowser/#/R-MMU-5576894
REACTOME,LGI-ADAM interactions,https://reactome.org/PathwayBrowser/#/R-MMU-5576893
REACTOME,FGFR2 ligand binding and activation,https://reactome.org/PathwayBrowser/#/R-MMU-5576890
REACTOME,FGFR1b ligand binding and activation,https://reactome.org/PathwayBrowser/#/R-MMU-5576886
REACTOME,FGFR2b ligand binding and activation,https://reactome.org/PathwayBrowser/#/R-MMU-211945
REACTOME,Phospholipase C-mediated cascade; FGFR2,https://reactome.org/PathwayBrowser/#/R-MMU-156580
REACTOME,PI-3K cascade:FGFR2,https://reactome.org/PathwayBrowser/#/R-MMU-8963691
REACTOME,Downstream signaling of activated FGFR2,https://reactome.org/PathwayBrowser/#/R-MMU-8964208
REACTOME,SHC-mediated cascade:FGFR2,https://reactome.org/PathwayBrowser/#/R-MMU-8850843
REACTOME,FRS-mediated FGFR2 signaling,https://reactome.org/PathwayBrowser/#/R-MMU-2393930
REACTOME,FGFRL1 modulation of FGFR1 signaling,https://reactome.org/PathwayBrowser/#/R-MMU-5654219
REACTOME,Signaling by NOTCH3,https://reactome.org/PathwayBrowser/#/R-MMU-5654221
REACTOME,NOTCH3 Activation and Transmission of Signal to the Nucleus,https://reactome.org/PathwayBrowser/#/R-MMU-5654227
REACTOME,The retinoid cycle in cones (daylight vision),https://reactome.org/PathwayBrowser/#/R-MMU-5654228
REACTOME,The canonical retinoid cycle in rods (twilight vision),https://reactome.org/PathwayBrowser/#/R-MMU-1483257
REACTOME,Regulation of TP53 Degradation,https://reactome.org/PathwayBrowser/#/R-MMU-202427
REACTOME,Regulation of TP53 Expression and Degradation,https://reactome.org/PathwayBrowser/#/R-MMU-176417
REACTOME,Inhibition of DNA recombination at telomere,https://reactome.org/PathwayBrowser/#/R-MMU-69200
REACTOME,Oncogene Induced Senescence,https://reactome.org/PathwayBrowser/#/R-MMU-176412
REACTOME,Synthesis of GDP-mannose,https://reactome.org/PathwayBrowser/#/R-MMU-5578768
REACTOME,betaKlotho-mediated ligand binding,https://reactome.org/PathwayBrowser/#/R-MMU-8963898
REACTOME,FGFR4 ligand binding and activation,https://reactome.org/PathwayBrowser/#/R-MMU-174824
REACTOME,Phospholipase C-mediated cascade; FGFR4,https://reactome.org/PathwayBrowser/#/R-MMU-8964043
REACTOME,FRS-mediated FGFR4 signaling,https://reactome.org/PathwayBrowser/#/R-MMU-8963899
REACTOME,Downstream signaling of activated FGFR4,https://reactome.org/PathwayBrowser/#/R-MMU-75896
REACTOME,SHC-mediated cascade:FGFR4,https://reactome.org/PathwayBrowser/#/R-MMU-75892
REACTOME,PI-3K cascade:FGFR4,https://reactome.org/PathwayBrowser/#/R-MMU-76009
REACTOME,Beta-catenin phosphorylation cascade,https://reactome.org/PathwayBrowser/#/R-MMU-76002
REACTOME,Disassembly of the destruction complex and recruitment of AXIN to the membrane,https://reactome.org/PathwayBrowser/#/R-MMU-418360
REACTOME,Hyaluronan uptake and degradation,https://reactome.org/PathwayBrowser/#/R-MMU-114608
REACTOME,Establishment of Sister Chromatid Cohesion,https://reactome.org/PathwayBrowser/#/R-MMU-418346
REACTOME,Cohesin Loading onto Chromatin,https://reactome.org/PathwayBrowser/#/R-MMU-432142
REACTOME,Resolution of AP sites via the multiple-nucleotide patch replacement pathway,https://reactome.org/PathwayBrowser/#/R-MMU-156711
REACTOME,Mismatch Repair,https://reactome.org/PathwayBrowser/#/R-MMU-69091
REACTOME,Mismatch repair (MMR) directed by MSH2:MSH6 (MutSalpha),https://reactome.org/PathwayBrowser/#/R-MMU-174411
REACTOME,Mismatch repair (MMR) directed by MSH2:MSH3 (MutSbeta),https://reactome.org/PathwayBrowser/#/R-MMU-5250913
REACTOME,PCNA-Dependent Long Patch Base Excision Repair,https://reactome.org/PathwayBrowser/#/R-MMU-438064
REACTOME,Termination of translesion DNA synthesis,https://reactome.org/PathwayBrowser/#/R-MMU-426496
REACTOME,Gap-filling DNA repair synthesis and ligation in GG-NER,https://reactome.org/PathwayBrowser/#/R-MMU-163125
REACTOME,Polymerase switching,https://reactome.org/PathwayBrowser/#/R-MMU-597592
REACTOME,Leading Strand Synthesis,https://reactome.org/PathwayBrowser/#/R-MMU-8957275
REACTOME,Removal of the Flap Intermediate,https://reactome.org/PathwayBrowser/#/R-MMU-9615933
REACTOME,Processive synthesis on the lagging strand,https://reactome.org/PathwayBrowser/#/R-MMU-622327
REACTOME,Lagging Strand Synthesis,https://reactome.org/PathwayBrowser/#/R-MMU-1296071
REACTOME,DNA strand elongation,https://reactome.org/PathwayBrowser/#/R-MMU-1296067
REACTOME,Glycosphingolipid metabolism,https://reactome.org/PathwayBrowser/#/R-MMU-1912422
REACTOME,Sialic acid metabolism,https://reactome.org/PathwayBrowser/#/R-MMU-1912420
REACTOME,Class B/2 (Secretin family receptors),https://reactome.org/PathwayBrowser/#/R-MMU-1912408
REACTOME,Glucagon-type ligand receptors,https://reactome.org/PathwayBrowser/#/R-MMU-9757110
REACTOME,Invadopodia formation,https://reactome.org/PathwayBrowser/#/R-MMU-196108
REACTOME,Arachidonate production from DAG,https://reactome.org/PathwayBrowser/#/R-MMU-112308
REACTOME,Mitochondrial translation,https://reactome.org/PathwayBrowser/#/R-MMU-500657
REACTOME,Mitochondrial translation elongation,https://reactome.org/PathwayBrowser/#/R-MMU-622323
REACTOME,Mitochondrial translation termination,https://reactome.org/PathwayBrowser/#/R-MMU-5693616
REACTOME,N-Glycan antennae elongation,https://reactome.org/PathwayBrowser/#/R-MMU-3215018
REACTOME,Interferon gamma signaling,https://reactome.org/PathwayBrowser/#/R-MMU-72203
REACTOME,Regulation of IFNG signaling,https://reactome.org/PathwayBrowser/#/R-MMU-75067
REACTOME,Signaling by CSF3 (G-CSF),https://reactome.org/PathwayBrowser/#/R-MMU-5693607
REACTOME,Inactivation of CSF3 (G-CSF) signaling,https://reactome.org/PathwayBrowser/#/R-MMU-77595
REACTOME,Interleukin-6 signaling,https://reactome.org/PathwayBrowser/#/R-MMU-8949664
REACTOME,Interleukin-6 family signaling,https://reactome.org/PathwayBrowser/#/R-MMU-174414
REACTOME,PTK6 Activates STAT3,https://reactome.org/PathwayBrowser/#/R-MMU-69183
REACTOME,Caspase activation via Death Receptors in the presence of ligand,https://reactome.org/PathwayBrowser/#/R-MMU-5357801
REACTOME,Regulation by c-FLIP,https://reactome.org/PathwayBrowser/#/R-MMU-964827
REACTOME,CASP8 activity is inhibited,https://reactome.org/PathwayBrowser/#/R-MMU-1170546
REACTOME,Caspase activation via extrinsic apoptotic signalling pathway,https://reactome.org/PathwayBrowser/#/R-MMU-70688
REACTOME,Dimerization of procaspase-8,https://reactome.org/PathwayBrowser/#/R-MMU-169893
REACTOME,TRAIL signaling,https://reactome.org/PathwayBrowser/#/R-MMU-71032
REACTOME,mRNA decay by 5' to 3' exoribonuclease,https://reactome.org/PathwayBrowser/#/R-MMU-392851
REACTOME,Signaling by Erythropoietin,https://reactome.org/PathwayBrowser/#/R-MMU-391908
REACTOME,Erythropoietin activates Phosphoinositide-3-kinase (PI3K),https://reactome.org/PathwayBrowser/#/R-MMU-391251
REACTOME,Synthesis of 15-eicosatetraenoic acid derivatives,https://reactome.org/PathwayBrowser/#/R-MMU-9609507
REACTOME,Mitochondrial protein import,https://reactome.org/PathwayBrowser/#/R-MMU-8876725
REACTOME,alpha-linolenic (omega3) and linoleic (omega6) acid metabolism,https://reactome.org/PathwayBrowser/#/R-MMU-5676934
REACTOME,Linoleic acid (LA) metabolism,https://reactome.org/PathwayBrowser/#/R-MMU-8852135
REACTOME,alpha-linolenic acid (ALA) metabolism,https://reactome.org/PathwayBrowser/#/R-MMU-6794362
REACTOME,Synthesis of PI,https://reactome.org/PathwayBrowser/#/R-MMU-433692
REACTOME,RAB geranylgeranylation,https://reactome.org/PathwayBrowser/#/R-MMU-428559
REACTOME,Creatine metabolism,https://reactome.org/PathwayBrowser/#/R-MMU-427975
REACTOME,Beta defensins,https://reactome.org/PathwayBrowser/#/R-MMU-74259
REACTOME,SUMOylation of transcription factors,https://reactome.org/PathwayBrowser/#/R-MMU-73817
REACTOME,SUMOylation of intracellular receptors,https://reactome.org/PathwayBrowser/#/R-MMU-74217
REACTOME,SUMOylation of immune response proteins,https://reactome.org/PathwayBrowser/#/R-MMU-500753
REACTOME,Activation of Matrix Metalloproteinases,https://reactome.org/PathwayBrowser/#/R-MMU-73621
REACTOME,Synthesis of epoxy (EET) and dihydroxyeicosatrienoic acids (DHET),https://reactome.org/PathwayBrowser/#/R-MMU-73614
REACTOME,Vitamins B6 activation to pyridoxal phosphate,https://reactome.org/PathwayBrowser/#/R-MMU-71737
REACTOME,Apoptosis induced DNA fragmentation,https://reactome.org/PathwayBrowser/#/R-MMU-5620971
REACTOME,Transport of glycerol from adipocytes to the liver by Aquaporins,https://reactome.org/PathwayBrowser/#/R-MMU-70268
REACTOME,Passive transport by Aquaporins,https://reactome.org/content/query?q=Passive%20transport%20by%20Aquaporins&types=Pathway
REACTOME,Elevation of cytosolic Ca2+ levels,https://reactome.org/PathwayBrowser/#/R-MMU-5365859
REACTOME,Synthesis of PC,https://reactome.org/PathwayBrowser/#/R-MMU-8876198
REACTOME,Extrinsic Pathway of Fibrin Clot Formation,https://reactome.org/PathwayBrowser/#/R-MMU-8873719
REACTOME,Chaperonin-mediated protein folding,https://reactome.org/PathwayBrowser/#/R-MMU-9013149
REACTOME,Protein folding,https://reactome.org/PathwayBrowser/#/R-MMU-9013404
REACTOME,Cooperation of PDCL (PhLP1) and TRiC/CCT in G-protein beta folding,https://reactome.org/PathwayBrowser/#/R-MMU-9013423
REACTOME,WNT mediated activation of DVL,https://reactome.org/PathwayBrowser/#/R-MMU-5673000
REACTOME,Receptor Mediated Mitophagy,https://reactome.org/PathwayBrowser/#/R-MMU-112409
REACTOME,Electric Transmission Across Gap Junctions,https://reactome.org/PathwayBrowser/#/R-MMU-5673001
REACTOME,Transmission across Electrical Synapses,https://reactome.org/PathwayBrowser/#/R-MMU-9648002
REACTOME,PECAM1 interactions,https://reactome.org/PathwayBrowser/#/R-MMU-8853659
REACTOME,Lewis blood group biosynthesis,https://reactome.org/PathwayBrowser/#/R-MMU-195258
REACTOME,Negative regulation of TCF-dependent signaling by WNT ligand antagonists,https://reactome.org/PathwayBrowser/#/R-MMU-9012999
REACTOME,Activation of BIM and translocation to mitochondria,https://reactome.org/PathwayBrowser/#/R-MMU-5663220
REACTOME,BH3-only proteins associate with and inactivate anti-apoptotic BCL-2 members,https://reactome.org/PathwayBrowser/#/R-MMU-5668599
REACTOME,Activation of BH3-only proteins,https://reactome.org/PathwayBrowser/#/R-MMU-5627117
REACTOME,Energy dependent regulation of mTOR by LKB1-AMPK,https://reactome.org/PathwayBrowser/#/R-MMU-5666185
REACTOME,DNA replication initiation,https://reactome.org/PathwayBrowser/#/R-MMU-5663213
REACTOME,Activation of the pre-replicative complex,https://reactome.org/PathwayBrowser/#/R-MMU-5625900
REACTOME,Presynaptic depolarization and calcium channel opening,https://reactome.org/PathwayBrowser/#/R-MMU-5626467
REACTOME,"Synthesis of IP2, IP, and Ins in the cytosol",https://reactome.org/PathwayBrowser/#/R-MMU-5625970
REACTOME,Phosphate bond hydrolysis by NTPDase proteins,https://reactome.org/PathwayBrowser/#/R-MMU-5627123
REACTOME,Nephrin family interactions,https://reactome.org/PathwayBrowser/#/R-MMU-5625740
REACTOME,ARL13B-mediated ciliary trafficking of INPP5E,https://reactome.org/PathwayBrowser/#/R-MMU-5627083
REACTOME,Mitochondrial Fatty Acid Beta-Oxidation,https://reactome.org/PathwayBrowser/#/R-MMU-8980692
REACTOME,Localization of the PINCH-ILK-PARVIN complex to focal adhesions,https://reactome.org/PathwayBrowser/#/R-MMU-9013026
REACTOME,Cell-extracellular matrix interactions,https://reactome.org/PathwayBrowser/#/R-MMU-9706574
REACTOME,ZBP1(DAI) mediated induction of type I IFNs,https://reactome.org/PathwayBrowser/#/R-MMU-9013422
REACTOME,RIP-mediated NFkB activation via ZBP1,https://reactome.org/PathwayBrowser/#/R-MMU-9013418
REACTOME,DEx/H-box helicases activate type I IFN and inflammatory cytokines production,https://reactome.org/PathwayBrowser/#/R-MMU-9706019
REACTOME,ROS and RNS production in phagocytes,https://reactome.org/PathwayBrowser/#/R-MMU-9013106
REACTOME,Cross-presentation of particulate exogenous antigens (phagosomes),https://reactome.org/PathwayBrowser/#/R-MMU-9013405
REACTOME,RHO GTPases Activate NADPH Oxidases,https://reactome.org/PathwayBrowser/#/R-MMU-9035034
REACTOME,Regulation of cytoskeletal remodeling and cell spreading by IPP complex components,https://reactome.org/PathwayBrowser/#/R-MMU-9013408
REACTOME,Synthesis of dolichyl-phosphate mannose,https://reactome.org/PathwayBrowser/#/R-MMU-9013407
REACTOME,Lectin pathway of complement activation,https://reactome.org/PathwayBrowser/#/R-MMU-9013409
REACTOME,Ficolins bind to repetitive carbohydrate structures on the target cell surface,https://reactome.org/PathwayBrowser/#/R-MMU-9013406
REACTOME,Synthesis of PIPs in the nucleus,https://reactome.org/PathwayBrowser/#/R-MMU-9013425
REACTOME,Presynaptic nicotinic acetylcholine receptors,https://reactome.org/PathwayBrowser/#/R-MMU-9013419
REACTOME,Highly sodium permeable postsynaptic acetylcholine nicotinic receptors,https://reactome.org/PathwayBrowser/#/R-MMU-9013420
REACTOME,Highly calcium permeable nicotinic acetylcholine receptors,https://reactome.org/PathwayBrowser/#/R-MMU-9013424
REACTOME,Translation initiation complex formation,https://reactome.org/PathwayBrowser/#/R-MMU-1810476
REACTOME,"Activation of the mRNA upon binding of the cap-binding complex and eIFs, and subsequent binding to 43S",https://reactome.org/PathwayBrowser/#/R-MMU-5213460
REACTOME,"Formation of the ternary complex, and subsequently, the 43S complex",https://reactome.org/PathwayBrowser/#/R-MMU-3214858
REACTOME,Ribosomal scanning and start codon recognition,https://reactome.org/PathwayBrowser/#/R-MMU-77075
REACTOME,Eukaryotic Translation Elongation,https://reactome.org/PathwayBrowser/#/R-MMU-73854
REACTOME,"Gamma carboxylation, hypusine formation and arylsulfatase activation",https://reactome.org/PathwayBrowser/#/R-MMU-73772
REACTOME,Lipid particle organization,https://reactome.org/PathwayBrowser/#/R-MMU-73728
REACTOME,"Activation, myristolyation of BID and translocation to mitochondria",https://reactome.org/PathwayBrowser/#/R-MMU-73864
REACTOME,Transport of organic anions,https://reactome.org/PathwayBrowser/#/R-MMU-73762
REACTOME,Synthesis of 12-eicosatetraenoic acid derivatives,https://reactome.org/PathwayBrowser/#/R-MMU-73863
REACTOME,Biosynthesis of D-series resolvins,https://reactome.org/PathwayBrowser/#/R-MMU-674695
REACTOME,Biosynthesis of DHA-derived SPMs,https://reactome.org/PathwayBrowser/#/R-MMU-73776
REACTOME,Biosynthesis of specialized proresolving mediators (SPMs),https://reactome.org/PathwayBrowser/#/R-MMU-73857
REACTOME,Biosynthesis of EPA-derived SPMs,https://reactome.org/PathwayBrowser/#/R-MMU-75955
REACTOME,Biosynthesis of E-series 18(S)-resolvins,https://reactome.org/PathwayBrowser/#/R-MMU-75953
REACTOME,Biosynthesis of aspirin-triggered D-series resolvins,https://reactome.org/PathwayBrowser/#/R-MMU-76042
REACTOME,Biosynthesis of E-series 18(R)-resolvins,https://reactome.org/PathwayBrowser/#/R-MMU-73779
REACTOME,Trafficking and processing of endosomal TLR,https://reactome.org/PathwayBrowser/#/R-MMU-73856
REACTOME,G alpha (z) signalling events,https://reactome.org/PathwayBrowser/#/R-MMU-74158
REACTOME,Nonhomologous End-Joining (NHEJ),https://reactome.org/PathwayBrowser/#/R-MMU-76046
REACTOME,Proton-coupled monocarboxylate transport,https://reactome.org/PathwayBrowser/#/R-MMU-76061
REACTOME,Activation of BAD and translocation to mitochondria,https://reactome.org/PathwayBrowser/#/R-MMU-76066
REACTOME,RHO GTPases activate PKNs,https://reactome.org/PathwayBrowser/#/R-MMU-76071
REACTOME,TP53 Regulates Transcription of Cell Cycle Genes,https://reactome.org/PathwayBrowser/#/R-MMU-6807505
REACTOME,TP53 Regulates Transcription of Genes Involved in G2 Cell Cycle Arrest,https://reactome.org/PathwayBrowser/#/R-MMU-9696273
REACTOME,Chk1/Chk2(Cds1) mediated inactivation of Cyclin B:Cdk1 complex,https://reactome.org/PathwayBrowser/#/R-MMU-9696270
REACTOME,Regulation of localization of FOXO transcription factors,https://reactome.org/PathwayBrowser/#/R-MMU-9696264
REACTOME,IL-6-type cytokine receptor ligand interactions,https://reactome.org/PathwayBrowser/#/R-MMU-1222556
REACTOME,HCN channels,https://reactome.org/PathwayBrowser/#/R-MMU-444257
REACTOME,HDMs demethylate histones,https://reactome.org/PathwayBrowser/#/R-MMU-8877330
REACTOME,Class I peroxisomal membrane protein import,https://reactome.org/PathwayBrowser/#/R-MMU-8939243
REACTOME,Nitric oxide stimulates guanylate cyclase,https://reactome.org/PathwayBrowser/#/R-MMU-8931987
REACTOME,cGMP effects,https://reactome.org/PathwayBrowser/#/R-MMU-8936459
REACTOME,MET activates PTK2 signaling,https://reactome.org/PathwayBrowser/#/R-MMU-8939245
REACTOME,MET promotes cell motility,https://reactome.org/PathwayBrowser/#/R-MMU-8939236
REACTOME,Potassium transport channels,https://reactome.org/PathwayBrowser/#/R-MMU-8939242
REACTOME,p75NTR signals via NF-kB,https://reactome.org/PathwayBrowser/#/R-MMU-8939246
REACTOME,p75NTR recruits signalling complexes,https://reactome.org/PathwayBrowser/#/R-MMU-8939247
REACTOME,NF-kB is activated and signals survival,https://reactome.org/PathwayBrowser/#/R-MMU-8941326
REACTOME,MAP3K8 (TPL2)-dependent MAPK1/3 activation,https://reactome.org/PathwayBrowser/#/R-MMU-8940973
REACTOME,TRAF6 mediated NF-kB activation,https://reactome.org/PathwayBrowser/#/R-MMU-8941855
REACTOME,IRAK1 recruits IKK complex,https://reactome.org/PathwayBrowser/#/R-MMU-8941856
REACTOME,IRAK1 recruits IKK complex upon TLR7/8 or 9 stimulation,https://reactome.org/PathwayBrowser/#/R-MMU-8951430
REACTOME,Transport and synthesis of PAPS,https://reactome.org/PathwayBrowser/#/R-MMU-8951671
REACTOME,PKA-mediated phosphorylation of CREB,https://reactome.org/PathwayBrowser/#/R-MMU-8951936
REACTOME,Calmodulin induced events,https://reactome.org/PathwayBrowser/#/R-MMU-9007101
REACTOME,Ca-dependent events,https://reactome.org/PathwayBrowser/#/R-MMU-392517
REACTOME,CaM pathway,https://reactome.org/PathwayBrowser/#/R-MMU-975578
REACTOME,DAG and IP3 signaling,https://reactome.org/PathwayBrowser/#/R-MMU-8934903
REACTOME,PKA activation,https://reactome.org/PathwayBrowser/#/R-MMU-388844
REACTOME,Adenylate cyclase activating pathway,https://reactome.org/PathwayBrowser/#/R-MMU-110314
REACTOME,RHO GTPases activate KTN1,https://reactome.org/PathwayBrowser/#/R-MMU-5693565
REACTOME,TWIK related potassium channel (TREK),https://reactome.org/PathwayBrowser/#/R-MMU-380320
REACTOME,Cholesterol biosynthesis,https://reactome.org/PathwayBrowser/#/R-MMU-380270
REACTOME,Cholesterol biosynthesis via desmosterol,https://reactome.org/PathwayBrowser/#/R-MMU-159418
REACTOME,Cholesterol biosynthesis via lathosterol,https://reactome.org/PathwayBrowser/#/R-MMU-72731
REACTOME,SUMOylation of DNA methylation proteins,https://reactome.org/PathwayBrowser/#/R-MMU-437239
REACTOME,JNK (c-Jun kinases) phosphorylation and activation mediated by activated human TAK1,https://reactome.org/PathwayBrowser/#/R-MMU-418359
REACTOME,Catecholamine biosynthesis,https://reactome.org/PathwayBrowser/#/R-MMU-8866376
REACTOME,Formyl peptide receptors bind formyl peptides and many other ligands,https://reactome.org/PathwayBrowser/#/R-MMU-5218859
REACTOME,RHOBTB1 GTPase cycle,https://reactome.org/PathwayBrowser/#/R-MMU-193692
REACTOME,RHOBTB GTPase Cycle,https://reactome.org/PathwayBrowser/#/R-MMU-3371378
REACTOME,POLB-Dependent Long Patch Base Excision Repair,https://reactome.org/PathwayBrowser/#/R-MMU-176408
REACTOME,HDR through MMEJ (alt-NHEJ),https://reactome.org/PathwayBrowser/#/R-MMU-169911
REACTOME,Enzymatic degradation of Dopamine by monoamine oxidase,https://reactome.org/PathwayBrowser/#/R-MMU-9708530
REACTOME,Ribavirin ADME,https://reactome.org/PathwayBrowser/#/R-MMU-977606
REACTOME,CD28 dependent Vav1 pathway,https://reactome.org/PathwayBrowser/#/R-MMU-9617629
REACTOME,VEGFR2 mediated vascular permeability,https://reactome.org/PathwayBrowser/#/R-MMU-4641263
REACTOME,G beta:gamma signalling through CDC42,https://reactome.org/PathwayBrowser/#/R-MMU-170822
REACTOME,CDC6 association with the ORC:origin complex,https://reactome.org/PathwayBrowser/#/R-MMU-9707587
REACTOME,Repression of WNT target genes,https://reactome.org/PathwayBrowser/#/R-MMU-3371453
REACTOME,Vasopressin-like receptors,https://reactome.org/PathwayBrowser/#/R-MMU-912694
REACTOME,TGF-beta receptor signaling in EMT (epithelial to mesenchymal transition),https://reactome.org/PathwayBrowser/#/R-MMU-877312
REACTOME,Tight junction interactions,https://reactome.org/PathwayBrowser/#/R-MMU-381426
REACTOME,Negative regulation of MET activity,https://reactome.org/PathwayBrowser/#/R-MMU-1433559
REACTOME,Endosomal Sorting Complex Required For Transport (ESCRT),https://reactome.org/PathwayBrowser/#/R-MMU-9022692
REACTOME,TP53 Regulates Transcription of Cell Death Genes,https://reactome.org/PathwayBrowser/#/R-MMU-9758274
REACTOME,TP53 Regulates Transcription of Caspase Activators and Caspases,https://reactome.org/PathwayBrowser/#/R-MMU-2565942
REACTOME,Metabolism of cofactors,https://reactome.org/PathwayBrowser/#/R-MMU-8943724
REACTOME,BBSome-mediated cargo-targeting to cilium,https://reactome.org/PathwayBrowser/#/R-MMU-8948747
REACTOME,Eicosanoid ligand-binding receptors,https://reactome.org/PathwayBrowser/#/R-MMU-8948751
REACTOME,Leukotriene receptors,https://reactome.org/PathwayBrowser/#/R-MMU-5658442
REACTOME,Formation of apoptosome,https://reactome.org/PathwayBrowser/#/R-MMU-8934593
REACTOME,Activation of caspases through apoptosome-mediated cleavage,https://reactome.org/PathwayBrowser/#/R-MMU-8939902
REACTOME,Cytochrome c-mediated apoptotic response,https://reactome.org/PathwayBrowser/#/R-MMU-8941858
REACTOME,Regulation of the apoptosome activity,https://reactome.org/PathwayBrowser/#/R-MMU-5686938
REACTOME,Transcriptional regulation of white adipocyte differentiation,https://reactome.org/PathwayBrowser/#/R-MMU-5357905
REACTOME,Regulation of TP53 Activity through Association with Co-factors,https://reactome.org/PathwayBrowser/#/R-MMU-5633007
REACTOME,Organic anion transport,https://reactome.org/PathwayBrowser/#/R-MMU-6804758
REACTOME,Activation of G protein gated Potassium channels,https://reactome.org/PathwayBrowser/#/R-MMU-6804759
REACTOME,G protein gated Potassium channels,https://reactome.org/PathwayBrowser/#/R-MMU-6804760
REACTOME,Inhibition of voltage gated Ca2+ channels via Gbeta/gamma subunits,https://reactome.org/PathwayBrowser/#/R-MMU-6804756
REACTOME,Calcineurin activates NFAT,https://reactome.org/PathwayBrowser/#/R-MMU-6804757
REACTOME,CLEC7A (Dectin-1) induces NFAT activation,https://reactome.org/PathwayBrowser/#/R-MMU-6806003
REACTOME,Gamma-carboxylation of protein precursors,https://reactome.org/PathwayBrowser/#/R-MMU-2029482
REACTOME,Transport of gamma-carboxylated protein precursors from the endoplasmic reticulum to the Golgi apparatus,https://reactome.org/PathwayBrowser/#/R-MMU-186712
REACTOME,Removal of aminoterminal propeptides from gamma-carboxylated proteins,https://reactome.org/PathwayBrowser/#/R-MMU-1655829
REACTOME,"Gamma-carboxylation, transport, and amino-terminal cleavage of proteins",https://reactome.org/PathwayBrowser/#/R-MMU-446388
REACTOME,RHO GTPases Activate Rhotekin and Rhophilins,https://reactome.org/PathwayBrowser/#/R-MMU-9010553
REACTOME,Uptake of dietary cobalamins into enterocytes,https://reactome.org/PathwayBrowser/#/R-MMU-191650
REACTOME,Signaling by ROBO receptors,https://reactome.org/PathwayBrowser/#/R-MMU-1234158
REACTOME,Role of ABL in ROBO-SLIT signaling,https://reactome.org/PathwayBrowser/#/R-MMU-210745
REACTOME,SLIT2:ROBO1 increases RHOA activity,https://reactome.org/PathwayBrowser/#/R-MMU-9634600
REACTOME,Regulation of expression of SLITs and ROBOs,https://reactome.org/PathwayBrowser/#/R-MMU-3134975
REACTOME,FGFR3 ligand binding and activation,https://reactome.org/PathwayBrowser/#/R-MMU-422356
REACTOME,FGFR3b ligand binding and activation,https://reactome.org/PathwayBrowser/#/R-MMU-400206
REACTOME,FGFR3c ligand binding and activation,https://reactome.org/PathwayBrowser/#/R-MMU-9614399
REACTOME,FGFR2c ligand binding and activation,https://reactome.org/PathwayBrowser/#/R-MMU-450531
REACTOME,Phospholipase C-mediated cascade; FGFR3,https://reactome.org/PathwayBrowser/#/R-MMU-453276
REACTOME,SHC-mediated cascade:FGFR3,https://reactome.org/PathwayBrowser/#/R-MMU-5675482
REACTOME,FRS-mediated FGFR3 signaling,https://reactome.org/PathwayBrowser/#/R-MMU-350562
REACTOME,Downstream signaling of activated FGFR3,https://reactome.org/PathwayBrowser/#/R-MMU-204174
REACTOME,PI-3K cascade:FGFR3,https://reactome.org/PathwayBrowser/#/R-MMU-912631
REACTOME,TRIF-mediated programmed cell death,https://reactome.org/PathwayBrowser/#/R-MMU-9627069
REACTOME,CLEC7A/inflammasome pathway,https://reactome.org/PathwayBrowser/#/R-MMU-350864
REACTOME,FasL/ CD95L signaling,https://reactome.org/PathwayBrowser/#/R-MMU-444821
REACTOME,Biosynthesis of protectins,https://reactome.org/PathwayBrowser/#/R-MMU-5362798
REACTOME,Biosynthesis of maresins,https://reactome.org/PathwayBrowser/#/R-MMU-111457
REACTOME,Biosynthesis of maresin-like SPMs,https://reactome.org/PathwayBrowser/#/R-MMU-159782
REACTOME,Abacavir metabolism,https://reactome.org/PathwayBrowser/#/R-MMU-69166
REACTOME,Ethanol oxidation,https://reactome.org/PathwayBrowser/#/R-MMU-174437
REACTOME,RHO GTPases Activate WASPs and WAVEs,https://reactome.org/PathwayBrowser/#/R-MMU-4641265
REACTOME,Mitochondrial biogenesis,https://reactome.org/PathwayBrowser/#/R-MMU-1474165
REACTOME,Formation of ATP by chemiosmotic coupling,https://reactome.org/PathwayBrowser/#/R-MMU-110373
REACTOME,Cristae formation,https://reactome.org/PathwayBrowser/#/R-MMU-110381
REACTOME,Reversible hydration of carbon dioxide,https://reactome.org/PathwayBrowser/#/R-MMU-73933
REACTOME,Activation of C3 and C5,https://reactome.org/PathwayBrowser/#/R-MMU-5693537
REACTOME,MAPK targets/ Nuclear events mediated by MAP kinases,https://reactome.org/PathwayBrowser/#/R-MMU-5693568
REACTOME,Activation of the AP-1 family of transcription factors,https://reactome.org/PathwayBrowser/#/R-MMU-2500257
REACTOME,TFAP2 (AP-2) family regulates transcription of cell cycle factors,https://reactome.org/PathwayBrowser/#/R-MMU-611105
REACTOME,GRB2 events in EGFR signaling,https://reactome.org/content/query?q=GRB2%20events%20in%20EGFR%20signaling&types=Pathway
REACTOME,GAB1 signalosome,https://reactome.org/PathwayBrowser/#/R-MMU-76005
REACTOME,SHC1 events in EGFR signaling,https://reactome.org/PathwayBrowser/#/R-MMU-5660526
REACTOME,EGFR interacts with phospholipase C-gamma,https://reactome.org/PathwayBrowser/#/R-MMU-975634
REACTOME,Frs2-mediated activation,https://reactome.org/PathwayBrowser/#/R-MMU-177504
REACTOME,Activation of TRKA receptors,https://reactome.org/PathwayBrowser/#/R-MMU-6811440
REACTOME,TRKA activation by NGF,https://reactome.org/PathwayBrowser/#/R-MMU-888593
REACTOME,p75NTR regulates axonogenesis,https://reactome.org/PathwayBrowser/#/R-MMU-73943
REACTOME,NFG and proNGF binds to p75NTR,https://reactome.org/PathwayBrowser/#/R-MMU-1475029
REACTOME,NADE modulates death signalling,https://reactome.org/content/query?q=NADE%20modulates%20death%20signalling&types=Pathway
REACTOME,NRIF signals cell death from the nucleus,https://reactome.org/PathwayBrowser/#/R-MMU-9755088
REACTOME,Axonal growth stimulation,https://reactome.org/PathwayBrowser/#/R-MMU-72702
REACTOME,"Synthesis, secretion, and deacylation of Ghrelin",https://reactome.org/PathwayBrowser/#/R-MMU-428890
REACTOME,IRS activation,https://reactome.org/PathwayBrowser/#/R-MMU-2730905
REACTOME,Signal attenuation,https://reactome.org/PathwayBrowser/#/R-MMU-2029485
REACTOME,Interleukin-1 processing,https://reactome.org/PathwayBrowser/#/R-MMU-69242
REACTOME,Interleukin-2 signaling,https://reactome.org/PathwayBrowser/#/R-MMU-187577
REACTOME,Transcriptional activation of p53 responsive genes,https://reactome.org/PathwayBrowser/#/R-MMU-174113
REACTOME,Transcriptional activation of cell cycle inhibitor p21,https://reactome.org/PathwayBrowser/#/R-MMU-373756
REACTOME,RUNX3 regulates CDKN1A transcription,https://reactome.org/PathwayBrowser/#/R-MMU-399955
REACTOME,Response to metal ions,https://reactome.org/PathwayBrowser/#/R-MMU-5654688
REACTOME,Metallothioneins bind metals,https://reactome.org/PathwayBrowser/#/R-MMU-5654699
REACTOME,Miscellaneous transport and binding events,https://reactome.org/PathwayBrowser/#/R-MMU-5654704
REACTOME,Pyrimidine salvage,https://reactome.org/PathwayBrowser/#/R-MMU-5654719
REACTOME,Intracellular oxygen transport,https://reactome.org/PathwayBrowser/#/R-MMU-2428933
REACTOME,SHC-related events triggered by IGF1R,https://reactome.org/PathwayBrowser/#/R-MMU-180336
REACTOME,Physiological factors,https://reactome.org/PathwayBrowser/#/R-MMU-1250196
REACTOME,Glucagon signaling in metabolic regulation,https://reactome.org/PathwayBrowser/#/R-MMU-1250347
REACTOME,PKA activation in glucagon signalling,https://reactome.org/PathwayBrowser/#/R-MMU-77588
REACTOME,Post NMDA receptor activation events,https://reactome.org/PathwayBrowser/#/R-MMU-111367
REACTOME,CREB1 phosphorylation through the activation of Adenylate Cyclase,https://reactome.org/PathwayBrowser/#/R-MMU-425407
REACTOME,HDL assembly,https://reactome.org/PathwayBrowser/#/R-MMU-8985586
REACTOME,GPER1 signaling,https://reactome.org/PathwayBrowser/#/R-MMU-111463
REACTOME,Nuclear signaling by ERBB4,https://reactome.org/PathwayBrowser/#/R-MMU-111464
REACTOME,Downregulation of ERBB4 signaling,https://reactome.org/PathwayBrowser/#/R-MMU-111469
REACTOME,Regulation of gap junction activity,https://reactome.org/PathwayBrowser/#/R-MMU-2173796
REACTOME,CTLA4 inhibitory signaling,https://reactome.org/PathwayBrowser/#/R-MMU-112412
REACTOME,ADP signalling through P2Y purinoceptor 1,https://reactome.org/PathwayBrowser/#/R-MMU-1799339
REACTOME,DCC mediated attractive signaling,https://reactome.org/PathwayBrowser/#/R-MMU-9701898
REACTOME,Signaling by NTRK3 (TRKC),https://reactome.org/PathwayBrowser/#/R-MMU-3249367
REACTOME,Activated NTRK3 signals through PI3K,https://reactome.org/PathwayBrowser/#/R-MMU-1834941
REACTOME,FLT3 signaling through SRC family kinases,https://reactome.org/PathwayBrowser/#/R-MMU-3108232
REACTOME,RUNX1 regulates transcription of genes involved in differentiation of keratinocytes,https://reactome.org/PathwayBrowser/#/R-MMU-3065676
REACTOME,Vitamin B2 (riboflavin) metabolism,https://reactome.org/PathwayBrowser/#/R-MMU-3065679
REACTOME,Prolactin receptor signaling,https://reactome.org/PathwayBrowser/#/R-MMU-3065678
REACTOME,Growth hormone receptor signaling,https://reactome.org/PathwayBrowser/#/R-MMU-2990846
REACTOME,Melanin biosynthesis,https://reactome.org/PathwayBrowser/#/R-MMU-3108214
REACTOME,Erythropoietin activates RAS,https://reactome.org/PathwayBrowser/#/R-MMU-4655427
REACTOME,HDL remodeling,https://reactome.org/PathwayBrowser/#/R-MMU-4615885
REACTOME,"Tetrahydrobiopterin (BH4) synthesis, recycling, salvage and regulation",https://reactome.org/PathwayBrowser/#/R-MMU-4570464
REACTOME,Metabolism of nitric oxide: NOS3 activation and regulation,https://reactome.org/PathwayBrowser/#/R-MMU-4085377
REACTOME,eNOS activation,https://reactome.org/PathwayBrowser/#/R-MMU-4551638
REACTOME,HSF1 activation,https://reactome.org/PathwayBrowser/#/R-MMU-4755510
REACTOME,RHOBTB2 GTPase cycle,https://reactome.org/PathwayBrowser/#/R-MMU-4090294
REACTOME,Drug-mediated inhibition of ERBB2 signaling,https://reactome.org/PathwayBrowser/#/R-MMU-9793242
REACTOME,Metal sequestration by antimicrobial proteins,https://reactome.org/PathwayBrowser/#/R-MMU-3899300
REACTOME,Nuclear Events (kinase and transcription factor activation),https://reactome.org/PathwayBrowser/#/R-MMU-3232118
REACTOME,NGF-stimulated transcription,https://reactome.org/PathwayBrowser/#/R-MMU-3232142
REACTOME,CaMK IV-mediated phosphorylation of CREB,https://reactome.org/PathwayBrowser/#/R-MMU-3000480
REACTOME,CREB1 phosphorylation through the activation of CaMKII/CaMKK/CaMKIV cascasde,https://reactome.org/PathwayBrowser/#/R-MMU-3000471
REACTOME,MAPK3 (ERK1) activation,https://reactome.org/PathwayBrowser/#/R-MMU-3000497
REACTOME,MAPK1 (ERK2) activation,https://reactome.org/PathwayBrowser/#/R-MMU-2168880
REACTOME,"Unblocking of NMDA receptors, glutamate binding and activation",https://reactome.org/PathwayBrowser/#/R-MMU-9668328
REACTOME,Activation of RAS in B cells,https://reactome.org/PathwayBrowser/#/R-MMU-9663891
REACTOME,Signalling to RAS,https://reactome.org/PathwayBrowser/#/R-MMU-2408522
REACTOME,p38MAPK events,https://reactome.org/PathwayBrowser/#/R-MMU-399954
REACTOME,EGFR Transactivation by Gastrin,https://reactome.org/PathwayBrowser/#/R-MMU-400685
REACTOME,Gastrin-CREB signalling pathway via PKC and MAPK,https://reactome.org/PathwayBrowser/#/R-MMU-416572
REACTOME,MET activates RAS signaling,https://reactome.org/PathwayBrowser/#/R-MMU-416550
REACTOME,Estrogen-stimulated signaling through PRKCZ,https://reactome.org/PathwayBrowser/#/R-MMU-373755
REACTOME,Fibronectin matrix formation,https://reactome.org/PathwayBrowser/#/R-MMU-2559582
REACTOME,MET interacts with TNS proteins,https://reactome.org/PathwayBrowser/#/R-MMU-5693548
REACTOME,Transcriptional activation of mitochondrial biogenesis,https://reactome.org/PathwayBrowser/#/R-MMU-9709957
REACTOME,Acyl chain remodelling of PC,https://reactome.org/PathwayBrowser/#/R-MMU-9730628
REACTOME,Acyl chain remodelling of PE,https://reactome.org/PathwayBrowser/#/R-MMU-9717207
REACTOME,Acyl chain remodelling of PG,https://reactome.org/PathwayBrowser/#/R-MMU-9717189
REACTOME,Hydrolysis of LPC,https://reactome.org/PathwayBrowser/#/R-MMU-2467813
REACTOME,Translesion synthesis by REV1,https://reactome.org/content/query?q=Translesion%20synthesis%20by%20REV1&types=Pathway
REACTOME,SCF-beta-TrCP mediated degradation of Emi1,https://reactome.org/PathwayBrowser/#/R-MMU-181429
REACTOME,Activated NOTCH1 Transmits Signal to the Nucleus,https://reactome.org/PathwayBrowser/#/R-MMU-209931
REACTOME,Regulation of innate immune responses to cytosolic DNA,https://reactome.org/PathwayBrowser/#/R-MMU-380615
REACTOME,N-glycan trimming in the ER and Calnexin/Calreticulin cycle,https://reactome.org/PathwayBrowser/#/R-MMU-390666
REACTOME,Translesion synthesis by POLK,https://reactome.org/PathwayBrowser/#/R-MMU-4085001
REACTOME,Translesion synthesis by POLI,https://reactome.org/PathwayBrowser/#/R-MMU-162582
REACTOME,Josephin domain DUBs,https://reactome.org/PathwayBrowser/#/R-MMU-392518
REACTOME,PTK6 Regulates RTKs and Their Effectors AKT1 and DOK1,https://reactome.org/PathwayBrowser/#/R-MMU-74749
REACTOME,Synthesis of active ubiquitin: roles of E1 and E2 enzymes,https://reactome.org/PathwayBrowser/#/R-MMU-391160
REACTOME,ER Quality Control Compartment (ERQC),https://reactome.org/PathwayBrowser/#/R-MMU-445144
REACTOME,Calnexin/calreticulin cycle,https://reactome.org/PathwayBrowser/#/R-MMU-201556
REACTOME,Negative regulators of DDX58/IFIH1 signaling,https://reactome.org/PathwayBrowser/#/R-MMU-1502540
REACTOME,"Activation of IRF3, IRF7 mediated by TBK1, IKBKE",https://reactome.org/PathwayBrowser/#/R-MMU-201451
REACTOME,IRAK2 mediated activation of TAK1 complex,https://reactome.org/PathwayBrowser/#/R-MMU-9674555
REACTOME,TRAF6-mediated induction of TAK1 complex within TLR4 complex,https://reactome.org/PathwayBrowser/#/R-MMU-177929
REACTOME,Alpha-protein kinase 1 signaling pathway,https://reactome.org/PathwayBrowser/#/R-MMU-1227986
REACTOME,Regulation of BACH1 activity,https://reactome.org/PathwayBrowser/#/R-MMU-1236394
REACTOME,IRAK2 mediated activation of TAK1 complex upon TLR7/8 or 9 stimulation,https://reactome.org/PathwayBrowser/#/R-MMU-9006335
REACTOME,Cam-PDE 1 activation,https://reactome.org/PathwayBrowser/#/R-MMU-190236
REACTOME,Sodium/Calcium exchangers,https://reactome.org/PathwayBrowser/#/R-MMU-5654736
REACTOME,Protein methylation,https://reactome.org/PathwayBrowser/#/R-MMU-5654738
REACTOME,Activation of RAC1 downstream of NMDARs,https://reactome.org/PathwayBrowser/#/R-MMU-5654741
REACTOME,Inflammasomes,https://reactome.org/PathwayBrowser/#/R-MMU-5654743
REACTOME,The NLRP1 inflammasome,https://reactome.org/PathwayBrowser/#/R-MMU-372790
REACTOME,ISG15 antiviral mechanism,https://reactome.org/PathwayBrowser/#/R-MMU-5358351
REACTOME,Antiviral mechanism by IFN-stimulated genes,https://reactome.org/PathwayBrowser/#/R-MMU-2028269
REACTOME,Protein repair,https://reactome.org/PathwayBrowser/#/R-MMU-74752
REACTOME,The NLRP3 inflammasome,https://reactome.org/PathwayBrowser/#/R-MMU-449147
REACTOME,Interaction With Cumulus Cells And The Zona Pellucida,https://reactome.org/PathwayBrowser/#/R-MMU-6806834
REACTOME,Transfer of LPS from LBP carrier to CD14,https://reactome.org/PathwayBrowser/#/R-MMU-8852405
REACTOME,Tryptophan catabolism,https://reactome.org/PathwayBrowser/#/R-MMU-1181150
REACTOME,Events associated with phagocytolytic activity of PMN cells,https://reactome.org/PathwayBrowser/#/R-MMU-157118
REACTOME,FGFR1c ligand binding and activation,https://reactome.org/PathwayBrowser/#/R-MMU-1980143
REACTOME,Transcriptional regulation of granulopoiesis,https://reactome.org/PathwayBrowser/#/R-MMU-9012852
REACTOME,Phosphorylation of Emi1,https://reactome.org/PathwayBrowser/#/R-MMU-9013694
REACTOME,"Activation of NIMA Kinases NEK9, NEK6, NEK7",https://reactome.org/PathwayBrowser/#/R-MMU-187037
REACTOME,G2/M DNA replication checkpoint,https://reactome.org/PathwayBrowser/#/R-MMU-9006115
REACTOME,Association of TriC/CCT with target proteins during biosynthesis,https://reactome.org/PathwayBrowser/#/R-MMU-9034015
REACTOME,Advanced glycosylation endproduct receptor signaling,https://reactome.org/PathwayBrowser/#/R-MMU-166520
REACTOME,Mitochondrial Uncoupling,https://reactome.org/PathwayBrowser/#/R-MMU-9006927
REACTOME,The fatty acid cycling model,https://reactome.org/PathwayBrowser/#/R-MMU-9006931
REACTOME,The proton buffering model,https://reactome.org/PathwayBrowser/#/R-MMU-186797
REACTOME,Amine ligand-binding receptors,https://reactome.org/PathwayBrowser/#/R-MMU-8848021
REACTOME,Muscarinic acetylcholine receptors,https://reactome.org/PathwayBrowser/#/R-MMU-376176
REACTOME,CYP2E1 reactions,https://reactome.org/PathwayBrowser/#/R-MMU-9006934
REACTOME,AKT phosphorylates targets in the nucleus,https://reactome.org/PathwayBrowser/#/R-MMU-5362517
REACTOME,Calcitonin-like ligand receptors,https://reactome.org/PathwayBrowser/#/R-MMU-194315
REACTOME,Inhibition of replication initiation of damaged DNA by RB1/E2F1,https://reactome.org/PathwayBrowser/#/R-MMU-9716542
REACTOME,E2F mediated regulation of DNA replication,https://reactome.org/PathwayBrowser/#/R-MMU-1433557
REACTOME,Phosphorylation of proteins involved in G1/S transition by active Cyclin E:Cdk2 complexes,https://reactome.org/PathwayBrowser/#/R-MMU-170834
REACTOME,Intestinal absorption,https://reactome.org/PathwayBrowser/#/R-MMU-9006936
REACTOME,Intestinal hexose absorption,https://reactome.org/PathwayBrowser/#/R-MMU-2404192
REACTOME,Interleukin-33 signaling,https://reactome.org/PathwayBrowser/#/R-MMU-194138
REACTOME,Regulation of HMOX1 expression and activity,https://reactome.org/PathwayBrowser/#/R-MMU-195721
REACTOME,Neurotransmitter uptake and metabolism In glial cells,https://reactome.org/PathwayBrowser/#/R-MMU-983705
REACTOME,Astrocytic Glutamate-Glutamine Uptake And Metabolism,https://reactome.org/PathwayBrowser/#/R-MMU-187687
REACTOME,Signaling by NTRK2 (TRKB),https://reactome.org/PathwayBrowser/#/R-MMU-167044
REACTOME,Activated NTRK2 signals through PLCG1,https://reactome.org/PathwayBrowser/#/R-MMU-426486
REACTOME,Activated NTRK2 signals through FRS2 and FRS3,https://reactome.org/PathwayBrowser/#/R-MMU-445355
REACTOME,Activated NTRK2 signals through FYN,https://reactome.org/PathwayBrowser/#/R-MMU-427652
REACTOME,NTRK2 activates RAC1,https://reactome.org/PathwayBrowser/#/R-MMU-433137
REACTOME,Interleukin-9 signaling,https://reactome.org/PathwayBrowser/#/R-MMU-425561
REACTOME,Lactose synthesis,https://reactome.org/PathwayBrowser/#/R-MMU-425986
REACTOME,Transferrin endocytosis and recycling,https://reactome.org/PathwayBrowser/#/R-MMU-1300642
REACTOME,MET activates PI3K/AKT signaling,https://reactome.org/PathwayBrowser/#/R-MMU-1660661
REACTOME,MET activates PTPN11,https://reactome.org/PathwayBrowser/#/R-MMU-428157
REACTOME,MET activates RAP1 and RAC1,https://reactome.org/PathwayBrowser/#/R-MMU-1295596
REACTOME,MET receptor recycling,https://reactome.org/PathwayBrowser/#/R-MMU-69541
REACTOME,MET activates STAT3,https://reactome.org/PathwayBrowser/#/R-MMU-211994
REACTOME,Drug-mediated inhibition of MET activation,https://reactome.org/PathwayBrowser/#/R-MMU-2672351
REACTOME,Interleukin-15 signaling,https://reactome.org/PathwayBrowser/#/R-MMU-390522
REACTOME,Propionyl-CoA catabolism,https://reactome.org/PathwayBrowser/#/R-MMU-1614517
REACTOME,Digestion of dietary lipid,https://reactome.org/PathwayBrowser/#/R-MMU-1614635
REACTOME,ERK/MAPK targets,https://reactome.org/PathwayBrowser/#/R-MMU-5683826
REACTOME,CREB phosphorylation,https://reactome.org/PathwayBrowser/#/R-MMU-69052
REACTOME,CREB1 phosphorylation through NMDA receptor-mediated activation of RAS signaling,https://reactome.org/PathwayBrowser/#/R-MMU-8849932
REACTOME,RSK activation,https://reactome.org/PathwayBrowser/#/R-MMU-3000170
REACTOME,Adrenoceptors,https://reactome.org/PathwayBrowser/#/R-MMU-2142816
REACTOME,Activated PKN1 stimulates transcription of AR (androgen receptor) regulated genes KLK2 and KLK3,https://reactome.org/PathwayBrowser/#/R-MMU-2142712
REACTOME,RUNX2 regulates osteoblast differentiation,https://reactome.org/PathwayBrowser/#/R-MMU-2142770
REACTOME,RUNX2 regulates bone development,https://reactome.org/PathwayBrowser/#/R-MMU-2142688
REACTOME,Vitamin B5 (pantothenate) metabolism,https://reactome.org/PathwayBrowser/#/R-MMU-69239
REACTOME,RUNX1 regulates estrogen receptor mediated transcription,https://reactome.org/content/query?q=RUNX1%20regulates%20estrogen%20receptor%20mediated%20transcription&types=Pathway
REACTOME,CS/DS degradation,https://reactome.org/PathwayBrowser/#/R-MMU-446205
REACTOME,NTF3 activates NTRK3 signaling,https://reactome.org/PathwayBrowser/#/R-MMU-1855183
REACTOME,Activated NTRK3 signals through PLCG1,https://reactome.org/PathwayBrowser/#/R-MMU-1855204
REACTOME,Disinhibition of SNARE formation,https://reactome.org/PathwayBrowser/#/R-MMU-1855191
REACTOME,Dectin-2 family,https://reactome.org/PathwayBrowser/#/R-MMU-77111
REACTOME,Axonal growth inhibition (RHOA activation),https://reactome.org/PathwayBrowser/#/R-MMU-2142691
REACTOME,"Tristetraprolin (TTP, ZFP36) binds and destabilizes mRNA",https://reactome.org/content/query?q=Tristetraprolin%20%28TTP%2C%20ZFP36%29%20binds%20and%20destabilizes%20mRNA&types=Pathway
REACTOME,Pre-NOTCH Processing in Golgi,https://reactome.org/PathwayBrowser/#/R-MMU-1483166
REACTOME,Pre-NOTCH Expression and Processing,https://reactome.org/PathwayBrowser/#/R-MMU-1483191
REACTOME,Histidine catabolism,https://reactome.org/PathwayBrowser/#/R-MMU-1483213
REACTOME,AKT phosphorylates targets in the cytosol,https://reactome.org/PathwayBrowser/#/R-MMU-1483226
REACTOME,Activation of AMPA receptors,https://reactome.org/PathwayBrowser/#/R-MMU-1483248
REACTOME,Butyrate Response Factor 1 (BRF1) binds and destabilizes mRNA,https://reactome.org/PathwayBrowser/#/R-MMU-1660514
REACTOME,Purine ribonucleoside monophosphate biosynthesis,https://reactome.org/PathwayBrowser/#/R-MMU-1660516
REACTOME,Fructose metabolism,https://reactome.org/PathwayBrowser/#/R-MMU-1660517
REACTOME,Fructose catabolism,https://reactome.org/PathwayBrowser/#/R-MMU-1660499
REACTOME,PTK6 Regulates Cell Cycle,https://reactome.org/PathwayBrowser/#/R-MMU-8847453
REACTOME,Regulation of RUNX1 Expression and Activity,https://reactome.org/PathwayBrowser/#/R-MMU-1483101
REACTOME,Drug-mediated inhibition of CDK4/CDK6 activity,https://reactome.org/PathwayBrowser/#/R-MMU-2162123
REACTOME,Regulated proteolysis of p75NTR,https://reactome.org/PathwayBrowser/#/R-MMU-446210
REACTOME,RNA Polymerase I Promoter Opening,https://reactome.org/PathwayBrowser/#/R-MMU-8866652
REACTOME,RHO GTPases regulate CFTR trafficking,https://reactome.org/PathwayBrowser/#/R-MMU-192105
REACTOME,Signaling by Activin,https://reactome.org/PathwayBrowser/#/R-MMU-193775
REACTOME,SLBP independent Processing of Histone Pre-mRNAs,https://reactome.org/PathwayBrowser/#/R-MMU-193807
REACTOME,SLBP Dependent Processing of Replication-Dependent Histone Pre-mRNAs,https://reactome.org/PathwayBrowser/#/R-MMU-193368
REACTOME,Transcriptional Regulation by VENTX,https://reactome.org/PathwayBrowser/#/R-MMU-5358493
REACTOME,RUNX3 regulates WNT signaling,https://reactome.org/PathwayBrowser/#/R-MMU-162699
REACTOME,N-glycan trimming and elongation in the cis-Golgi,https://reactome.org/PathwayBrowser/#/R-MMU-480985
REACTOME,Negative feedback regulation of MAPK pathway,https://reactome.org/PathwayBrowser/#/R-MMU-2142670
REACTOME,Serotonin receptors,https://reactome.org/PathwayBrowser/#/R-MMU-162710
REACTOME,Resolution of AP sites via the single-nucleotide replacement pathway,https://reactome.org/PathwayBrowser/#/R-MMU-1855167
REACTOME,Abasic sugar-phosphate removal via the single-nucleotide replacement pathway,https://reactome.org/PathwayBrowser/#/R-MMU-446219
REACTOME,Dermatan sulfate biosynthesis,https://reactome.org/PathwayBrowser/#/R-MMU-75876
REACTOME,"SMAC, XIAP-regulated apoptotic response",https://reactome.org/PathwayBrowser/#/R-MMU-422085
REACTOME,NR1H2 & NR1H3 regulate gene expression to control bile acid homeostasis,https://reactome.org/PathwayBrowser/#/R-MMU-381771
REACTOME,Activation of SMO,https://reactome.org/PathwayBrowser/#/R-MMU-400511
REACTOME,"Synthesis, secretion, and inactivation of Glucagon-like Peptide-1 (GLP-1)",https://reactome.org/PathwayBrowser/#/R-MMU-445989
REACTOME,"Incretin synthesis, secretion, and inactivation",https://reactome.org/PathwayBrowser/#/R-MMU-8854214
REACTOME,"Synthesis, secretion, and inactivation of Glucose-dependent Insulinotropic Polypeptide (GIP)",https://reactome.org/PathwayBrowser/#/R-MMU-201681
REACTOME,G beta:gamma signalling through PI3Kgamma,https://reactome.org/PathwayBrowser/#/R-MMU-202403
REACTOME,Prostacyclin signalling through prostacyclin receptor,https://reactome.org/PathwayBrowser/#/R-MMU-8866911
REACTOME,G beta:gamma signalling through BTK,https://reactome.org/PathwayBrowser/#/R-MMU-8866910
REACTOME,YAP1- and WWTR1 (TAZ)-stimulated gene expression,https://reactome.org/PathwayBrowser/#/R-MMU-8869496
REACTOME,RUNX3 regulates YAP1-mediated transcription,https://reactome.org/PathwayBrowser/#/R-MMU-2173789
REACTOME,Synthesis of 5-eicosatetraenoic acids,https://reactome.org/PathwayBrowser/#/R-MMU-2173791
REACTOME,Synthesis of Lipoxins (LX),https://reactome.org/PathwayBrowser/#/R-MMU-9013973
REACTOME,Adrenaline signalling through Alpha-2 adrenergic receptor,https://reactome.org/PathwayBrowser/#/R-MMU-5676594
REACTOME,Tachykinin receptors bind tachykinins,https://reactome.org/PathwayBrowser/#/R-MMU-75893
REACTOME,Prostanoid ligand receptors,https://reactome.org/PathwayBrowser/#/R-MMU-5357956
REACTOME,Dopamine receptors,https://reactome.org/PathwayBrowser/#/R-MMU-5357786
REACTOME,Acyl chain remodelling of PI,https://reactome.org/PathwayBrowser/#/R-MMU-5626978
REACTOME,Reuptake of GABA,https://reactome.org/PathwayBrowser/#/R-MMU-5668541
REACTOME,Signaling by NOTCH4,https://reactome.org/PathwayBrowser/#/R-MMU-5669034
REACTOME,NOTCH4 Activation and Transmission of Signal to the Nucleus,https://reactome.org/PathwayBrowser/#/R-MMU-5628897
REACTOME,Negative regulation of NOTCH4 signaling,https://reactome.org/PathwayBrowser/#/R-MMU-6803207
REACTOME,Regulation of beta-cell development,https://reactome.org/PathwayBrowser/#/R-MMU-6791312
REACTOME,Regulation of gene expression in beta cells,https://reactome.org/PathwayBrowser/#/R-MMU-5633008
REACTOME,AKT-mediated inactivation of FOXO1A,https://reactome.org/PathwayBrowser/#/R-MMU-6796648
REACTOME,KSRP (KHSRP) binds and destabilizes mRNA,https://reactome.org/PathwayBrowser/#/R-MMU-6803211
REACTOME,Estrogen-dependent nuclear events downstream of ESR-membrane signaling,https://reactome.org/PathwayBrowser/#/R-MMU-6803204
REACTOME,RHOBTB3 ATPase cycle,https://reactome.org/PathwayBrowser/#/R-MMU-6804116
REACTOME,Nectin/Necl trans heterodimerization,https://reactome.org/PathwayBrowser/#/R-MMU-6804114
REACTOME,Negative regulation of activity of TFAP2 (AP-2) family transcription factors,https://reactome.org/PathwayBrowser/#/R-MMU-6804115
REACTOME,TFAP2A acts as a transcriptional repressor during retinoic acid induced cell differentiation,https://reactome.org/PathwayBrowser/#/R-MMU-6803205
REACTOME,Interleukin-21 signaling,https://reactome.org/PathwayBrowser/#/R-MMU-918233
REACTOME,P2Y receptors,https://reactome.org/PathwayBrowser/#/R-MMU-933541
REACTOME,Nucleotide-like (purinergic) receptors,https://reactome.org/PathwayBrowser/#/R-MMU-933542
REACTOME,Attachment of GPI anchor to uPAR,https://reactome.org/PathwayBrowser/#/R-MMU-975138
REACTOME,Classical Kir channels,https://reactome.org/PathwayBrowser/#/R-MMU-937072
REACTOME,SOS-mediated signalling,https://reactome.org/content/query?q=SOS-mediated%20signalling&types=Pathway
REACTOME,NFE2L2 regulating anti-oxidant/detoxification enzymes,https://reactome.org/content/query?q=NFE2L2%20regulating%20anti-oxidant%2Fdetoxification%20enzymes&types=Pathway
REACTOME,PTK6 Down-Regulation,https://reactome.org/PathwayBrowser/#/R-MMU-2562578
REACTOME,VEGF ligand-receptor interactions,https://reactome.org/PathwayBrowser/#/R-MMU-187042
REACTOME,VEGF binds to VEGFR leading to receptor dimerization,https://reactome.org/PathwayBrowser/#/R-MMU-3295583
REACTOME,Ketone body metabolism,https://reactome.org/PathwayBrowser/#/R-MMU-1299503
REACTOME,Synthesis of Ketone Bodies,https://reactome.org/PathwayBrowser/#/R-MMU-1299316
REACTOME,NOSTRIN mediated eNOS trafficking,https://reactome.org/PathwayBrowser/#/R-MMU-380095
REACTOME,Activation of Na-permeable kainate receptors,https://reactome.org/PathwayBrowser/#/R-MMU-1299308
REACTOME,"Progressive trimming of alpha-1,2-linked mannose residues from Man9/8/7GlcNAc2 to produce Man5GlcNAc2",https://reactome.org/PathwayBrowser/#/R-MMU-1296346
REACTOME,Signaling by Hippo,https://reactome.org/PathwayBrowser/#/R-MMU-174417
REACTOME,Biosynthesis of DPA-derived SPMs,https://reactome.org/PathwayBrowser/#/R-MMU-174430
REACTOME,Biosynthesis of DPAn-3 SPMs,https://reactome.org/PathwayBrowser/#/R-MMU-171319
REACTOME,Biosynthesis of DPAn-6 SPMs,https://reactome.org/PathwayBrowser/#/R-MMU-157579
REACTOME,Biosynthesis of DPAn-3-derived protectins and resolvins,https://reactome.org/PathwayBrowser/#/R-MMU-166665
REACTOME,Biosynthesis of DPAn-3-derived maresins,https://reactome.org/PathwayBrowser/#/R-MMU-977068
REACTOME,Reelin signalling pathway,https://reactome.org/PathwayBrowser/#/R-MMU-5656169
REACTOME,TP53 Regulates Transcription of Genes Involved in G1 Cell Cycle Arrest,https://reactome.org/PathwayBrowser/#/R-MMU-1474151
REACTOME,Insulin effects increased synthesis of Xylulose-5-Phosphate,https://reactome.org/PathwayBrowser/#/R-MMU-844455
REACTOME,Pentose phosphate pathway,https://reactome.org/PathwayBrowser/#/R-MMU-844456
REACTOME,Mitochondrial transcription initiation,https://reactome.org/PathwayBrowser/#/R-MMU-1663150
REACTOME,mitochondrial fatty acid beta-oxidation of unsaturated fatty acids,https://reactome.org/PathwayBrowser/#/R-MMU-2453902
REACTOME,Interleukin-10 signaling,https://reactome.org/content/query?q=Interleukin-10%20signaling&types=Pathway
REACTOME,Interleukin-37 signaling,https://reactome.org/PathwayBrowser/#/R-MMU-167826
REACTOME,Interleukin-23 signaling,https://reactome.org/PathwayBrowser/#/R-MMU-2514856
REACTOME,Interleukin-12 signaling,https://reactome.org/content/query?q=Interleukin-12%20signaling&types=Pathway
REACTOME,Pregnenolone biosynthesis,https://reactome.org/PathwayBrowser/#/R-MMU-2187335
REACTOME,Fructose biosynthesis,https://reactome.org/PathwayBrowser/#/R-MMU-8852276
REACTOME,RUNX1 regulates transcription of genes involved in differentiation of myeloid cells,https://reactome.org/PathwayBrowser/#/R-MMU-8849175
REACTOME,mitochondrial fatty acid beta-oxidation of saturated fatty acids,https://reactome.org/PathwayBrowser/#/R-MMU-456926
REACTOME,Beta oxidation of decanoyl-CoA to octanoyl-CoA-CoA,https://reactome.org/PathwayBrowser/#/R-MMU-428930
REACTOME,Beta oxidation of octanoyl-CoA to hexanoyl-CoA,https://reactome.org/PathwayBrowser/#/R-MMU-209968
REACTOME,SUMOylation of nuclear envelope proteins,https://reactome.org/PathwayBrowser/#/R-MMU-210993
REACTOME,Electron transport from NADPH to Ferredoxin,https://reactome.org/PathwayBrowser/#/R-MMU-420029
REACTOME,phospho-PLA2 pathway,https://reactome.org/PathwayBrowser/#/R-MMU-168142
REACTOME,Acyl chain remodeling of CL,https://reactome.org/PathwayBrowser/#/R-MMU-181438
REACTOME,Metabolism of serotonin,https://reactome.org/PathwayBrowser/#/R-MMU-168164
REACTOME,Serotonin clearance from the synaptic cleft,https://reactome.org/PathwayBrowser/#/R-MMU-166016
REACTOME,Class C/3 (Metabotropic glutamate/pheromone receptors),https://reactome.org/PathwayBrowser/#/R-MMU-168176
REACTOME,Synthesis of UDP-N-acetyl-glucosamine,https://reactome.org/PathwayBrowser/#/R-MMU-168181
REACTOME,TP53 Regulates Transcription of Death Receptors and Ligands,https://reactome.org/PathwayBrowser/#/R-MMU-168138
REACTOME,Antagonism of Activin by Follistatin,https://reactome.org/PathwayBrowser/#/R-MMU-168179
REACTOME,Interconversion of polyamines,https://reactome.org/PathwayBrowser/#/R-MMU-168188
REACTOME,GABA synthesis,https://reactome.org/PathwayBrowser/#/R-MMU-168898
REACTOME,Beta-oxidation of very long chain fatty acids,https://reactome.org/PathwayBrowser/#/R-MMU-1679131
REACTOME,TP53 regulates transcription of additional cell cycle genes whose exact role in the p53 pathway remain uncertain,https://reactome.org/PathwayBrowser/#/R-MMU-399719
REACTOME,Biosynthesis of electrophilic omega-3 PUFA oxo-derivatives,https://reactome.org/PathwayBrowser/#/R-MMU-416993
REACTOME,Noncanonical activation of NOTCH3,https://reactome.org/PathwayBrowser/#/R-MMU-5624138
REACTOME,FMO oxidises nucleophiles,https://reactome.org/PathwayBrowser/#/R-MMU-75944
REACTOME,Acetylation,https://reactome.org/PathwayBrowser/#/R-MMU-6781827
REACTOME,The activation of arylsulfatases,https://reactome.org/PathwayBrowser/#/R-MMU-8953750
REACTOME,Carnitine synthesis,https://reactome.org/PathwayBrowser/#/R-MMU-8986944
REACTOME,Beta oxidation of palmitoyl-CoA to myristoyl-CoA,https://reactome.org/PathwayBrowser/#/R-MMU-9634815
REACTOME,Beta oxidation of myristoyl-CoA to lauroyl-CoA,https://reactome.org/PathwayBrowser/#/R-MMU-3700989
REACTOME,Beta oxidation of lauroyl-CoA to decanoyl-CoA-CoA,https://reactome.org/content/query?q=Beta%20oxidation%20of%20lauroyl-CoA%20to%20decanoyl-CoA-CoA&types=Pathway
REACTOME,mRNA Editing: C to U Conversion,https://reactome.org/content/query?q=mRNA%20Editing%3A%20C%20to%20U%20Conversion&types=Pathway
REACTOME,mRNA Editing,https://reactome.org/PathwayBrowser/#/R-MMU-2151201
REACTOME,Formation of the Editosome,https://reactome.org/PathwayBrowser/#/R-MMU-69560
REACTOME,Sensing of DNA Double Strand Breaks,https://reactome.org/PathwayBrowser/#/R-MMU-2173793
REACTOME,STING mediated induction of host immune responses,https://reactome.org/PathwayBrowser/#/R-MMU-8878171
REACTOME,STAT6-mediated induction of chemokines,https://reactome.org/PathwayBrowser/#/R-MMU-8878166
REACTOME,Threonine catabolism,https://reactome.org/PathwayBrowser/#/R-MMU-8878159
REACTOME,Phosphate bond hydrolysis by NUDT proteins,https://reactome.org/PathwayBrowser/#/R-MMU-5578749
REACTOME,TP53 regulates transcription of several additional cell death genes whose specific roles in p53-dependent apoptosis remain uncertain,https://reactome.org/PathwayBrowser/#/R-MMU-8864260
REACTOME,Transcriptional Regulation by NPAS4,https://reactome.org/PathwayBrowser/#/R-MMU-9616222
REACTOME,NPAS4 regulates expression of target genes,https://reactome.org/PathwayBrowser/#/R-MMU-381340
REACTOME,Golgi Cisternae Pericentriolar Stack Reorganization,https://reactome.org/PathwayBrowser/#/R-MMU-166020
REACTOME,Cation-coupled Chloride cotransporters,https://reactome.org/PathwayBrowser/#/R-MMU-917977
REACTOME,MASTL Facilitates Mitotic Progression,https://reactome.org/PathwayBrowser/#/R-MMU-72766
REACTOME,Synthesis of diphthamide-EEF2,https://reactome.org/PathwayBrowser/#/R-MMU-72649
REACTOME,Regulation of Apoptosis,https://reactome.org/PathwayBrowser/#/R-MMU-110320
REACTOME,Histamine receptors,https://reactome.org/PathwayBrowser/#/R-MMU-5656121
REACTOME,Multifunctional anion exchangers,https://reactome.org/PathwayBrowser/#/R-MMU-5655862
REACTOME,SUMO is proteolytically processed,https://reactome.org/PathwayBrowser/#/R-MMU-110312
REACTOME,Processing and activation of SUMO,https://reactome.org/PathwayBrowser/#/R-MMU-110313
REACTOME,Sensory perception of taste,https://reactome.org/PathwayBrowser/#/R-MMU-202430
REACTOME,"Sensory perception of sweet, bitter, and umami (glutamate) taste",https://reactome.org/PathwayBrowser/#/R-MMU-112315
REACTOME,Interleukin-38 signaling,https://reactome.org/PathwayBrowser/#/R-MMU-112307
REACTOME,OAS antiviral response,https://reactome.org/content/query?q=OAS%20antiviral%20response&types=Pathway
REACTOME,Degradation of GABA,https://reactome.org/PathwayBrowser/#/R-MMU-72202
REACTOME,ERKs are inactivated,https://reactome.org/PathwayBrowser/#/R-MMU-159231
REACTOME,RHO GTPases Activate ROCKs,https://reactome.org/PathwayBrowser/#/R-MMU-159236
REACTOME,Regulation of cholesterol biosynthesis by SREBP (SREBF),https://reactome.org/PathwayBrowser/#/R-MMU-159234
REACTOME,Phase 0 - rapid depolarisation,https://reactome.org/PathwayBrowser/#/R-MMU-9758890
REACTOME,Phase 2 - plateau phase,https://reactome.org/content/query?q=Phase%202%20-%20plateau%20phase&types=Pathway
REACTOME,Signaling by NODAL,https://reactome.org/PathwayBrowser/#/R-MMU-190872
REACTOME,SUMO is conjugated to E1 (UBA2:SAE1),https://reactome.org/PathwayBrowser/#/R-MMU-804914
REACTOME,"SUMO is transferred from E1 to E2 (UBE2I, UBC9)",https://reactome.org/PathwayBrowser/#/R-MMU-159763
REACTOME,Hypusine synthesis from eIF5A-lysine,https://reactome.org/PathwayBrowser/#/R-MMU-432030
REACTOME,Caspase activation via Dependence Receptors in the absence of ligand,https://reactome.org/content/query?q=Caspase%20activation%20via%20Dependence%20Receptors%20in%20the%20absence%20of%20ligand&types=Pathway
REACTOME,NOSIP mediated eNOS trafficking,https://reactome.org/PathwayBrowser/#/R-MMU-83936
REACTOME,TICAM1-dependent activation of IRF3/IRF7,https://reactome.org/PathwayBrowser/#/R-MMU-727802
REACTOME,"Activation, translocation and oligomerization of BAX",https://reactome.org/content/query?q=Activation%2C%20translocation%20and%20oligomerization%20of%20BAX&types=Pathway
REACTOME,IRF3-mediated induction of type I IFN,https://reactome.org/PathwayBrowser/#/R-MMU-382551
REACTOME,Selenoamino acid metabolism,https://reactome.org/PathwayBrowser/#/R-MMU-159230
REACTOME,FOXO-mediated transcription of cell cycle genes,https://reactome.org/PathwayBrowser/#/R-MMU-159227
REACTOME,MicroRNA (miRNA) biogenesis,https://reactome.org/PathwayBrowser/#/R-MMU-425397
REACTOME,Small interfering RNA (siRNA) biogenesis,https://reactome.org/PathwayBrowser/#/R-MMU-948021
REACTOME,Interaction between PHLDA1 and AURKA,https://reactome.org/PathwayBrowser/#/R-MMU-75109
REACTOME,Release of Hh-Np from the secreting cell,https://reactome.org/PathwayBrowser/#/R-MMU-163560
REACTOME,Ligand-receptor interactions,https://reactome.org/PathwayBrowser/#/R-MMU-8979227
REACTOME,SMAC (DIABLO) binds to IAPs,https://reactome.org/PathwayBrowser/#/R-MMU-450513
REACTOME,SMAC(DIABLO)-mediated dissociation of IAP:caspase complexes,https://reactome.org/PathwayBrowser/#/R-MMU-71240
REACTOME,Anchoring fibril formation,https://reactome.org/PathwayBrowser/#/R-MMU-446107
REACTOME,Plasmalogen biosynthesis,https://reactome.org/PathwayBrowser/#/R-MMU-427589
REACTOME,HDL clearance,https://reactome.org/PathwayBrowser/#/R-MMU-8963684
REACTOME,PTK6 promotes HIF1A stabilization,https://reactome.org/PathwayBrowser/#/R-MMU-5689603
REACTOME,RUNX1 regulates transcription of genes involved in BCR signaling,https://reactome.org/PathwayBrowser/#/R-MMU-5689880
REACTOME,Galactose catabolism,https://reactome.org/PathwayBrowser/#/R-MMU-2142789
REACTOME,RUNX1 and FOXP3 control the development of regulatory T lymphocytes (Tregs),https://reactome.org/content/query?q=RUNX1%20and%20FOXP3%20control%20the%20development%20of%20regulatory%20T%20lymphocytes%20%28Tregs%29&types=Pathway
REACTOME,RUNX1 regulates transcription of genes involved in interleukin signaling,https://reactome.org/PathwayBrowser/#/R-MMU-75815
REACTOME,Phase 1 - inactivation of fast Na+ channels,https://reactome.org/PathwayBrowser/#/R-MMU-438066
REACTOME,Beta oxidation of hexanoyl-CoA to butanoyl-CoA,https://reactome.org/PathwayBrowser/#/R-MMU-381119
REACTOME,Beta oxidation of butanoyl-CoA to acetyl-CoA,https://reactome.org/PathwayBrowser/#/R-MMU-176974
REACTOME,Mitotic Metaphase/Anaphase Transition,https://reactome.org/PathwayBrowser/#/R-MMU-9758881
REACTOME,Intracellular metabolism of fatty acids regulates insulin secretion,https://reactome.org/PathwayBrowser/#/R-MMU-70635
REACTOME,Eukaryotic Translation Termination,https://reactome.org/PathwayBrowser/#/R-MMU-77108
REACTOME,Triglyceride biosynthesis,https://reactome.org/PathwayBrowser/#/R-MMU-195399
REACTOME,Synthesis of PIPs at the early endosome membrane,https://reactome.org/PathwayBrowser/#/R-MMU-194313
REACTOME,Ubiquinol biosynthesis,https://reactome.org/PathwayBrowser/#/R-MMU-4420097
REACTOME,Formation of xylulose-5-phosphate,https://reactome.org/PathwayBrowser/#/R-MMU-5218921
REACTOME,Glycerophospholipid catabolism,https://reactome.org/PathwayBrowser/#/R-MMU-5218920
REACTOME,DNA Damage Reversal,https://reactome.org/PathwayBrowser/#/R-MMU-8866423
REACTOME,Reversal of alkylation damage by DNA dioxygenases,https://reactome.org/PathwayBrowser/#/R-MMU-8964046
REACTOME,Organic anion transporters,https://reactome.org/PathwayBrowser/#/R-MMU-8866427
REACTOME,SDK interactions,https://reactome.org/PathwayBrowser/#/R-MMU-432040
REACTOME,Post-transcriptional silencing by small RNAs,https://reactome.org/PathwayBrowser/#/R-MMU-388479
REACTOME,Inositol transporters,https://reactome.org/PathwayBrowser/#/R-MMU-5653656
REACTOME,Pre-NOTCH Transcription and Translation,https://reactome.org/PathwayBrowser/#/R-MMU-2187338
REACTOME,Activation of AKT2,https://reactome.org/PathwayBrowser/#/R-MMU-196819
REACTOME,RHOT2 GTPase cycle,https://reactome.org/PathwayBrowser/#/R-MMU-196843
REACTOME,RHOT1 GTPase cycle,https://reactome.org/PathwayBrowser/#/R-MMU-199220
REACTOME,Miro GTPase Cycle,https://reactome.org/PathwayBrowser/#/R-MMU-196836
REACTOME,Serine biosynthesis,https://reactome.org/PathwayBrowser/#/R-MMU-196791
REACTOME,Adenosine P1 receptors,https://reactome.org/PathwayBrowser/#/R-MMU-211916
REACTOME,Zinc efflux and compartmentalization by the SLC30 family,https://reactome.org/content/query?q=Zinc%20efflux%20and%20compartmentalization%20by%20the%20SLC30%20family&types=Pathway
REACTOME,PTK6 Regulates Proteins Involved in RNA Processing,https://reactome.org/PathwayBrowser/#/R-MMU-1296072
REACTOME,Inhibition of TSC complex formation by PKB,https://reactome.org/PathwayBrowser/#/R-MMU-5620916
REACTOME,Type II Na+/Pi cotransporters,https://reactome.org/PathwayBrowser/#/R-MMU-3238698
REACTOME,Sodium-coupled phosphate cotransporters,https://reactome.org/PathwayBrowser/#/R-MMU-201688
REACTOME,Biosynthesis of DHA-derived sulfido conjugates,https://reactome.org/PathwayBrowser/#/R-MMU-5140745
REACTOME,Biosynthesis of maresin conjugates in tissue regeneration (MCTR),https://reactome.org/PathwayBrowser/#/R-MMU-5099900
REACTOME,AMPK inhibits chREBP transcriptional activation activity,https://reactome.org/PathwayBrowser/#/R-MMU-8848584
REACTOME,Mitochondrial ABC transporters,https://reactome.org/PathwayBrowser/#/R-MMU-9640463
REACTOME,Regulation of thyroid hormone activity,https://reactome.org/PathwayBrowser/#/R-MMU-211981
REACTOME,Sensory perception of salty taste,https://reactome.org/PathwayBrowser/#/R-MMU-2032785
REACTOME,Synthesis of PIPs at the late endosome membrane,https://reactome.org/PathwayBrowser/#/R-MMU-1606322
REACTOME,Interleukin-36 pathway,https://reactome.org/PathwayBrowser/#/R-MMU-435368
REACTOME,CREB3 factors activate genes,https://reactome.org/PathwayBrowser/#/R-MMU-442380
REACTOME,TP53 Regulates Transcription of Genes Involved in Cytochrome C Release,https://reactome.org/PathwayBrowser/#/R-MMU-435354
REACTOME,Amine Oxidase reactions,https://reactome.org/PathwayBrowser/#/R-MMU-450302
REACTOME,Biogenic amines are oxidatively deaminated to aldehydes by MAOA and MAOB,https://reactome.org/PathwayBrowser/#/R-MMU-2046104
REACTOME,"Sodium-coupled sulphate, di- and tri-carboxylate transporters",https://reactome.org/PathwayBrowser/#/R-MMU-2046106
REACTOME,Synthesis of IPs in the nucleus,https://reactome.org/PathwayBrowser/#/R-MMU-1307965
REACTOME,Metabolism of vitamin K,https://reactome.org/PathwayBrowser/#/R-MMU-418457
REACTOME,PERK regulates gene expression,https://reactome.org/PathwayBrowser/#/R-MMU-203615
REACTOME,Coenzyme A biosynthesis,https://reactome.org/PathwayBrowser/#/R-MMU-72187
REACTOME,Glycogen synthesis,https://reactome.org/PathwayBrowser/#/R-MMU-72086
REACTOME,Trafficking of myristoylated proteins to the cilium,https://reactome.org/PathwayBrowser/#/R-MMU-75072
REACTOME,Utilization of Ketone Bodies,https://reactome.org/PathwayBrowser/#/R-MMU-75064
REACTOME,Methionine salvage pathway,https://reactome.org/PathwayBrowser/#/R-MMU-72200
REACTOME,Alanine metabolism,https://reactome.org/PathwayBrowser/#/R-MMU-72172
REACTOME,Proton-coupled neutral amino acid transporters,https://reactome.org/PathwayBrowser/#/R-MMU-72163
REACTOME,Proton/oligopeptide cotransporters,https://reactome.org/PathwayBrowser/#/R-MMU-72165
REACTOME,Rhesus glycoproteins mediate ammonium transport.,https://reactome.org/PathwayBrowser/#/R-MMU-429958
REACTOME,PAOs oxidise polyamines to amines,https://reactome.org/PathwayBrowser/#/R-MMU-430039
REACTOME,Hydroxycarboxylic acid-binding receptors,https://reactome.org/PathwayBrowser/#/R-MMU-166208
REACTOME,Proline catabolism,https://reactome.org/PathwayBrowser/#/R-MMU-77286
REACTOME,Interconversion of 2-oxoglutarate and 2-hydroxyglutarate,https://reactome.org/PathwayBrowser/#/R-MMU-77288
REACTOME,Vitamin B1 (thiamin) metabolism,https://reactome.org/PathwayBrowser/#/R-MMU-372708
REACTOME,Conjugation of phenylacetate with glutamine,https://reactome.org/PathwayBrowser/#/R-MMU-171007
REACTOME,Synthesis of Dolichyl-phosphate,https://reactome.org/PathwayBrowser/#/R-MMU-69563
REACTOME,Cysteine formation from homocysteine,https://reactome.org/PathwayBrowser/#/R-MMU-69580
REACTOME,tRNA Aminoacylation,https://reactome.org/content/query?q=tRNA%20Aminoacylation&types=Pathway
REACTOME,Pyrophosphate hydrolysis,https://reactome.org/content/query?q=Pyrophosphate%20hydrolysis&types=Pathway
REACTOME,"Metabolism of ingested SeMet, Sec, MeSec into H2Se",https://reactome.org/PathwayBrowser/#/R-MMU-193704
REACTOME,Activation of BMF and translocation to mitochondria,https://reactome.org/PathwayBrowser/#/R-MMU-209543
REACTOME,mRNA Editing: A to I Conversion,https://reactome.org/PathwayBrowser/#/R-MMU-193697
REACTOME,C6 deamination of adenosine,https://reactome.org/PathwayBrowser/#/R-MMU-193639
REACTOME,Formation of editosomes by ADAR proteins,https://reactome.org/PathwayBrowser/#/R-MMU-111995
REACTOME,Synthesis of PS,https://reactome.org/PathwayBrowser/#/R-MMU-72312
REACTOME,Unwinding of DNA,https://reactome.org/PathwayBrowser/#/R-MMU-8868773
REACTOME,5-Phosphoribose 1-diphosphate biosynthesis,https://reactome.org/PathwayBrowser/#/R-MMU-191859
REACTOME,"FOXO-mediated transcription of oxidative stress, metabolic and neuronal genes",https://reactome.org/PathwayBrowser/#/R-MMU-379724
REACTOME,Synthesis of dolichyl-phosphate-glucose,https://reactome.org/PathwayBrowser/#/R-MMU-199992
UniProt_Pathways,Alcohol metabolism; ethanol degradation; acetate from ethanol: step 2/2.,https://www.uniprot.org/uniprotkb?query=keyword:Alcohol%20metabolism%3B%20ethanol%20degradation%3B%20acetate%20from%20ethanol%3A%20step%202%2F2.+AND+(organism_id:10090)+AND+reviewed:true
UniProt_Pathways,Amine and polyamine biosynthesis; carnitine biosynthesis.,https://www.uniprot.org/uniprotkb?query=keyword:Amine%20and%20polyamine%20biosynthesis%3B%20carnitine%20biosynthesis.+AND+(organism_id:10090)+AND+reviewed:true
UniProt_Pathways,Amine and polyamine biosynthesis; S-adenosylmethioninamine biosynthesis; S-adenosylmethioninamine from S-adenosyl-L-methionine: step 1/1.,https://www.uniprot.org/uniprotkb?query=keyword:Amine%20and%20polyamine%20biosynthesis%3B%20S-adenosylmethioninamine%20biosynthesis%3B%20S-adenosylmethioninamine%20from%20S-adenosyl-L-methionine%3A%20step%201%2F1.+AND+(organism_id:10090)+AND+reviewed:true
UniProt_Pathways,Amino-acid biosynthesis; beta-alanine biosynthesis.,https://www.uniprot.org/uniprotkb?query=keyword:Amino-acid%20biosynthesis%3B%20beta-alanine%20biosynthesis.+AND+(organism_id:10090)+AND+reviewed:true
UniProt_Pathways,Amino-acid biosynthesis; L-homocysteine biosynthesis; L-homocysteine from S-adenosyl-L-homocysteine: step 1/1.,https://www.uniprot.org/uniprotkb?query=keyword:Amino-acid%20biosynthesis%3B%20L-homocysteine%20biosynthesis%3B%20L-homocysteine%20from%20S-adenosyl-L-homocysteine%3A%20step%201%2F1.+AND+(organism_id:10090)+AND+reviewed:true
UniProt_Pathways,Amino-acid biosynthesis; L-methionine biosynthesis via de novo pathway; L-methionine from L-homocysteine (BhmT route): step 1/1.,https://www.uniprot.org/uniprotkb?query=keyword:Amino-acid%20biosynthesis%3B%20L-methionine%20biosynthesis%20via%20de%20novo%20pathway%3B%20L-methionine%20from%20L-homocysteine%20%28BhmT%20route%29%3A%20step%201%2F1.+AND+(organism_id:10090)+AND+reviewed:true
UniProt_Pathways,Amino-acid biosynthesis; L-proline biosynthesis; L-proline from L-glutamate 5-semialdehyde: step 1/1.,https://www.uniprot.org/uniprotkb?query=keyword:Amino-acid%20biosynthesis%3B%20L-proline%20biosynthesis%3B%20L-proline%20from%20L-glutamate%205-semialdehyde%3A%20step%201%2F1.+AND+(organism_id:10090)+AND+reviewed:true
UniProt_Pathways,Amino-acid biosynthesis; S-adenosyl-L-methionine biosynthesis; S-adenosyl-L-methionine from L-methionine: step 1/1.,https://www.uniprot.org/uniprotkb?query=keyword:Amino-acid%20biosynthesis%3B%20S-adenosyl-L-methionine%20biosynthesis%3B%20S-adenosyl-L-methionine%20from%20L-methionine%3A%20step%201%2F1.+AND+(organism_id:10090)+AND+reviewed:true
UniProt_Pathways,Amino-acid degradation.,https://www.uniprot.org/uniprotkb?query=keyword:Amino-acid%20degradation.+AND+(organism_id:10090)+AND+reviewed:true
UniProt_Pathways,Amino-acid degradation; L-alanine degradation via transaminase pathway; pyruvate from L-alanine: step 1/1.,https://www.uniprot.org/uniprotkb?query=keyword:Amino-acid%20degradation%3B%20L-alanine%20degradation%20via%20transaminase%20pathway%3B%20pyruvate%20from%20L-alanine%3A%20step%201%2F1.+AND+(organism_id:10090)+AND+reviewed:true
UniProt_Pathways,Amino-acid degradation; L-isoleucine degradation.,https://www.uniprot.org/uniprotkb?query=keyword:Amino-acid%20degradation%3B%20L-isoleucine%20degradation.+AND+(organism_id:10090)+AND+reviewed:true
UniProt_Pathways,Amino-acid degradation; L-kynurenine degradation; kynurenate from L-kynurenine: step 1/2.,https://www.uniprot.org/uniprotkb?query=keyword:Amino-acid%20degradation%3B%20L-kynurenine%20degradation%3B%20kynurenate%20from%20L-kynurenine%3A%20step%201%2F2.+AND+(organism_id:10090)+AND+reviewed:true
UniProt_Pathways,Amino-acid degradation; L-leucine degradation; (S)-3-hydroxy-3-methylglutaryl-CoA from 3-isovaleryl-CoA: step 2/3.,https://www.uniprot.org/uniprotkb?query=keyword:Amino-acid%20degradation%3B%20L-leucine%20degradation%3B%20%28S%29-3-hydroxy-3-methylglutaryl-CoA%20from%203-isovaleryl-CoA%3A%20step%202%2F3.+AND+(organism_id:10090)+AND+reviewed:true
UniProt_Pathways,Amino-acid degradation; L-tryptophan degradation via kynurenine pathway; L-kynurenine from L-tryptophan: step 1/2.,https://www.uniprot.org/uniprotkb?query=keyword:Amino-acid%20degradation%3B%20L-tryptophan%20degradation%20via%20kynurenine%20pathway%3B%20L-kynurenine%20from%20L-tryptophan%3A%20step%201%2F2.+AND+(organism_id:10090)+AND+reviewed:true
UniProt_Pathways,Amino-acid degradation; L-valine degradation.,https://www.uniprot.org/uniprotkb?query=keyword:Amino-acid%20degradation%3B%20L-valine%20degradation.+AND+(organism_id:10090)+AND+reviewed:true
UniProt_Pathways,Amino-acid metabolism.,https://www.uniprot.org/uniprotkb?query=keyword:Amino-acid%20metabolism.+AND+(organism_id:10090)+AND+reviewed:true
UniProt_Pathways,Amino-sugar metabolism; N-acetylneuraminate biosynthesis.,https://www.uniprot.org/uniprotkb?query=keyword:Amino-sugar%20metabolism%3B%20N-acetylneuraminate%20biosynthesis.+AND+(organism_id:10090)+AND+reviewed:true
UniProt_Pathways,Amino-sugar metabolism; N-acetylneuraminate degradation.,https://www.uniprot.org/uniprotkb?query=keyword:Amino-sugar%20metabolism%3B%20N-acetylneuraminate%20degradation.+AND+(organism_id:10090)+AND+reviewed:true
UniProt_Pathways,Amino-sugar metabolism; N-acetylneuraminate metabolism.,https://www.uniprot.org/uniprotkb?query=keyword:Amino-sugar%20metabolism%3B%20N-acetylneuraminate%20metabolism.+AND+(organism_id:10090)+AND+reviewed:true
UniProt_Pathways,Aminoacyl-tRNA biosynthesis; selenocysteinyl-tRNA(Sec) biosynthesis; L-seryl-tRNA(Sec) from L-serine and tRNA(Sec): step 1/1.,https://www.uniprot.org/uniprotkb?query=keyword:Aminoacyl-tRNA%20biosynthesis%3B%20selenocysteinyl-tRNA%28Sec%29%20biosynthesis%3B%20L-seryl-tRNA%28Sec%29%20from%20L-serine%20and%20tRNA%28Sec%29%3A%20step%201%2F1.+AND+(organism_id:10090)+AND+reviewed:true
UniProt_Pathways,Aromatic compound metabolism; melatonin biosynthesis; melatonin from serotonin: step 1/2.,https://www.uniprot.org/uniprotkb?query=keyword:Aromatic%20compound%20metabolism%3B%20melatonin%20biosynthesis%3B%20melatonin%20from%20serotonin%3A%20step%201%2F2.+AND+(organism_id:10090)+AND+reviewed:true
UniProt_Pathways,Aromatic compound metabolism; serotonin biosynthesis; serotonin from L-tryptophan: step 1/2.,https://www.uniprot.org/uniprotkb?query=keyword:Aromatic%20compound%20metabolism%3B%20serotonin%20biosynthesis%3B%20serotonin%20from%20L-tryptophan%3A%20step%201%2F2.+AND+(organism_id:10090)+AND+reviewed:true
UniProt_Pathways,Carbohydrate biosynthesis; gluconeogenesis.,https://www.uniprot.org/uniprotkb?query=keyword:Carbohydrate%20biosynthesis%3B%20gluconeogenesis.+AND+(organism_id:10090)+AND+reviewed:true
UniProt_Pathways,Carbohydrate degradation; glycolysis; D-glyceraldehyde 3-phosphate and glycerone phosphate from D-glucose: step 1/4.,https://www.uniprot.org/uniprotkb?query=keyword:Carbohydrate%20degradation%3B%20glycolysis%3B%20D-glyceraldehyde%203-phosphate%20and%20glycerone%20phosphate%20from%20D-glucose%3A%20step%201%2F4.+AND+(organism_id:10090)+AND+reviewed:true
UniProt_Pathways,Carbohydrate degradation; glycolysis; D-glyceraldehyde 3-phosphate and glycerone phosphate from D-glucose: step 3/4.,https://www.uniprot.org/uniprotkb?query=keyword:Carbohydrate%20degradation%3B%20glycolysis%3B%20D-glyceraldehyde%203-phosphate%20and%20glycerone%20phosphate%20from%20D-glucose%3A%20step%203%2F4.+AND+(organism_id:10090)+AND+reviewed:true
UniProt_Pathways,Carbohydrate degradation; glycolysis; D-glyceraldehyde 3-phosphate and glycerone phosphate from D-glucose: step 4/4.,https://www.uniprot.org/uniprotkb?query=keyword:Carbohydrate%20degradation%3B%20glycolysis%3B%20D-glyceraldehyde%203-phosphate%20and%20glycerone%20phosphate%20from%20D-glucose%3A%20step%204%2F4.+AND+(organism_id:10090)+AND+reviewed:true
UniProt_Pathways,Carbohydrate degradation; glycolysis; pyruvate from D-glyceraldehyde 3-phosphate: step 1/5.,https://www.uniprot.org/uniprotkb?query=keyword:Carbohydrate%20degradation%3B%20glycolysis%3B%20pyruvate%20from%20D-glyceraldehyde%203-phosphate%3A%20step%201%2F5.+AND+(organism_id:10090)+AND+reviewed:true
UniProt_Pathways,Carbohydrate degradation; glycolysis; pyruvate from D-glyceraldehyde 3-phosphate: step 2/5.,https://www.uniprot.org/uniprotkb?query=keyword:Carbohydrate%20degradation%3B%20glycolysis%3B%20pyruvate%20from%20D-glyceraldehyde%203-phosphate%3A%20step%202%2F5.+AND+(organism_id:10090)+AND+reviewed:true
UniProt_Pathways,Carbohydrate degradation; glycolysis; pyruvate from D-glyceraldehyde 3-phosphate: step 4/5.,https://www.uniprot.org/uniprotkb?query=keyword:Carbohydrate%20degradation%3B%20glycolysis%3B%20pyruvate%20from%20D-glyceraldehyde%203-phosphate%3A%20step%204%2F5.+AND+(organism_id:10090)+AND+reviewed:true
UniProt_Pathways,Carbohydrate degradation; glycolysis; pyruvate from D-glyceraldehyde 3-phosphate: step 5/5.,https://www.uniprot.org/uniprotkb?query=keyword:Carbohydrate%20degradation%3B%20glycolysis%3B%20pyruvate%20from%20D-glyceraldehyde%203-phosphate%3A%20step%205%2F5.+AND+(organism_id:10090)+AND+reviewed:true
UniProt_Pathways,Carbohydrate degradation; pentose phosphate pathway; D-ribulose 5-phosphate from D-glucose 6-phosphate (oxidative stage): step 1/3.,https://www.uniprot.org/uniprotkb?query=keyword:Carbohydrate%20degradation%3B%20pentose%20phosphate%20pathway%3B%20D-ribulose%205-phosphate%20from%20D-glucose%206-phosphate%20%28oxidative%20stage%29%3A%20step%201%2F3.+AND+(organism_id:10090)+AND+reviewed:true
UniProt_Pathways,Carbohydrate degradation; pentose phosphate pathway; D-ribulose 5-phosphate from D-glucose 6-phosphate (oxidative stage): step 2/3.,https://www.uniprot.org/uniprotkb?query=keyword:Carbohydrate%20degradation%3B%20pentose%20phosphate%20pathway%3B%20D-ribulose%205-phosphate%20from%20D-glucose%206-phosphate%20%28oxidative%20stage%29%3A%20step%202%2F3.+AND+(organism_id:10090)+AND+reviewed:true
UniProt_Pathways,Carbohydrate metabolism; galactose metabolism.,https://www.uniprot.org/uniprotkb?query=keyword:Carbohydrate%20metabolism%3B%20galactose%20metabolism.+AND+(organism_id:10090)+AND+reviewed:true
UniProt_Pathways,Carbohydrate metabolism; hexose metabolism.,https://www.uniprot.org/uniprotkb?query=keyword:Carbohydrate%20metabolism%3B%20hexose%20metabolism.+AND+(organism_id:10090)+AND+reviewed:true
UniProt_Pathways,Carbohydrate metabolism; tricarboxylic acid cycle.,https://www.uniprot.org/uniprotkb?query=keyword:Carbohydrate%20metabolism%3B%20tricarboxylic%20acid%20cycle.+AND+(organism_id:10090)+AND+reviewed:true
UniProt_Pathways,Carbohydrate metabolism; tricarboxylic acid cycle; fumarate from succinate (eukaryal route): step 1/1.,https://www.uniprot.org/uniprotkb?query=keyword:Carbohydrate%20metabolism%3B%20tricarboxylic%20acid%20cycle%3B%20fumarate%20from%20succinate%20%28eukaryal%20route%29%3A%20step%201%2F1.+AND+(organism_id:10090)+AND+reviewed:true
UniProt_Pathways,Carbohydrate metabolism; tricarboxylic acid cycle; succinate from succinyl-CoA (ligase route): step 1/1.,https://www.uniprot.org/uniprotkb?query=keyword:Carbohydrate%20metabolism%3B%20tricarboxylic%20acid%20cycle%3B%20succinate%20from%20succinyl-CoA%20%28ligase%20route%29%3A%20step%201%2F1.+AND+(organism_id:10090)+AND+reviewed:true
UniProt_Pathways,Cofactor biosynthesis; coenzyme A biosynthesis; CoA from (R)-pantothenate: step 1/5.,https://www.uniprot.org/uniprotkb?query=keyword:Cofactor%20biosynthesis%3B%20coenzyme%20A%20biosynthesis%3B%20CoA%20from%20%28R%29-pantothenate%3A%20step%201%2F5.+AND+(organism_id:10090)+AND+reviewed:true
UniProt_Pathways,Cofactor biosynthesis; iron-sulfur cluster biosynthesis.,https://www.uniprot.org/uniprotkb?query=keyword:Cofactor%20biosynthesis%3B%20iron-sulfur%20cluster%20biosynthesis.+AND+(organism_id:10090)+AND+reviewed:true
UniProt_Pathways,Cofactor biosynthesis; molybdopterin biosynthesis.,https://www.uniprot.org/uniprotkb?query=keyword:Cofactor%20biosynthesis%3B%20molybdopterin%20biosynthesis.+AND+(organism_id:10090)+AND+reviewed:true
UniProt_Pathways,Cofactor biosynthesis; NAD(+) biosynthesis.,https://www.uniprot.org/uniprotkb?query=keyword:Cofactor%20biosynthesis%3B%20NAD%28%2B%29%20biosynthesis.+AND+(organism_id:10090)+AND+reviewed:true
UniProt_Pathways,Cofactor biosynthesis; NAD(+) biosynthesis; deamido-NAD(+) from nicotinate D-ribonucleotide: step 1/1.,https://www.uniprot.org/uniprotkb?query=keyword:Cofactor%20biosynthesis%3B%20NAD%28%2B%29%20biosynthesis%3B%20deamido-NAD%28%2B%29%20from%20nicotinate%20D-ribonucleotide%3A%20step%201%2F1.+AND+(organism_id:10090)+AND+reviewed:true
UniProt_Pathways,Cofactor biosynthesis; NAD(+) biosynthesis; NAD(+) from nicotinamide D-ribonucleotide: step 1/1.,https://www.uniprot.org/uniprotkb?query=keyword:Cofactor%20biosynthesis%3B%20NAD%28%2B%29%20biosynthesis%3B%20NAD%28%2B%29%20from%20nicotinamide%20D-ribonucleotide%3A%20step%201%2F1.+AND+(organism_id:10090)+AND+reviewed:true
UniProt_Pathways,Cofactor biosynthesis; ubiquinone biosynthesis.,https://www.uniprot.org/uniprotkb?query=keyword:Cofactor%20biosynthesis%3B%20ubiquinone%20biosynthesis.+AND+(organism_id:10090)+AND+reviewed:true
UniProt_Pathways,Cofactor metabolism; retinol metabolism.,https://www.uniprot.org/uniprotkb?query=keyword:Cofactor%20metabolism%3B%20retinol%20metabolism.+AND+(organism_id:10090)+AND+reviewed:true
UniProt_Pathways,Energy metabolism; oxidative phosphorylation.,https://www.uniprot.org/uniprotkb?query=keyword:Energy%20metabolism%3B%20oxidative%20phosphorylation.+AND+(organism_id:10090)+AND+reviewed:true
UniProt_Pathways,Fermentation; pyruvate fermentation to lactate; (S)-lactate from pyruvate: step 1/1.,https://www.uniprot.org/uniprotkb?query=keyword:Fermentation%3B%20pyruvate%20fermentation%20to%20lactate%3B%20%28S%29-lactate%20from%20pyruvate%3A%20step%201%2F1.+AND+(organism_id:10090)+AND+reviewed:true
UniProt_Pathways,Genetic information processing; DNA replication.,https://www.uniprot.org/uniprotkb?query=keyword:Genetic%20information%20processing%3B%20DNA%20replication.+AND+(organism_id:10090)+AND+reviewed:true
UniProt_Pathways,Glycan biosynthesis; glycogen biosynthesis.,https://www.uniprot.org/uniprotkb?query=keyword:Glycan%20biosynthesis%3B%20glycogen%20biosynthesis.+AND+(organism_id:10090)+AND+reviewed:true
UniProt_Pathways,Glycan biosynthesis; glycogen metabolism.,https://www.uniprot.org/uniprotkb?query=keyword:Glycan%20biosynthesis%3B%20glycogen%20metabolism.+AND+(organism_id:10090)+AND+reviewed:true
UniProt_Pathways,Glycan biosynthesis; hyaluronan biosynthesis.,https://www.uniprot.org/uniprotkb?query=keyword:Glycan%20biosynthesis%3B%20hyaluronan%20biosynthesis.+AND+(organism_id:10090)+AND+reviewed:true
UniProt_Pathways,Glycan metabolism; chondroitin sulfate biosynthesis.,https://www.uniprot.org/uniprotkb?query=keyword:Glycan%20metabolism%3B%20chondroitin%20sulfate%20biosynthesis.+AND+(organism_id:10090)+AND+reviewed:true
UniProt_Pathways,Glycan metabolism; heparan sulfate biosynthesis.,https://www.uniprot.org/uniprotkb?query=keyword:Glycan%20metabolism%3B%20heparan%20sulfate%20biosynthesis.+AND+(organism_id:10090)+AND+reviewed:true
UniProt_Pathways,Glycan metabolism; heparin biosynthesis.,https://www.uniprot.org/uniprotkb?query=keyword:Glycan%20metabolism%3B%20heparin%20biosynthesis.+AND+(organism_id:10090)+AND+reviewed:true
UniProt_Pathways,Glycan metabolism; N-glycan degradation.,https://www.uniprot.org/uniprotkb?query=keyword:Glycan%20metabolism%3B%20N-glycan%20degradation.+AND+(organism_id:10090)+AND+reviewed:true
UniProt_Pathways,Glycan metabolism; N-glycan metabolism.,https://www.uniprot.org/uniprotkb?query=keyword:Glycan%20metabolism%3B%20N-glycan%20metabolism.+AND+(organism_id:10090)+AND+reviewed:true
UniProt_Pathways,Glycerolipid metabolism; triacylglycerol biosynthesis.,https://www.uniprot.org/uniprotkb?query=keyword:Glycerolipid%20metabolism%3B%20triacylglycerol%20biosynthesis.+AND+(organism_id:10090)+AND+reviewed:true
UniProt_Pathways,Glycerolipid metabolism; triacylglycerol degradation.,https://www.uniprot.org/uniprotkb?query=keyword:Glycerolipid%20metabolism%3B%20triacylglycerol%20degradation.+AND+(organism_id:10090)+AND+reviewed:true
UniProt_Pathways,Glycolipid biosynthesis.,https://www.uniprot.org/uniprotkb?query=keyword:Glycolipid%20biosynthesis.+AND+(organism_id:10090)+AND+reviewed:true
UniProt_Pathways,Glycolipid biosynthesis; glycosylphosphatidylinositol-anchor biosynthesis.,https://www.uniprot.org/uniprotkb?query=keyword:Glycolipid%20biosynthesis%3B%20glycosylphosphatidylinositol-anchor%20biosynthesis.+AND+(organism_id:10090)+AND+reviewed:true
UniProt_Pathways,Hormone biosynthesis; vitamin D biosynthesis.,https://www.uniprot.org/uniprotkb?query=keyword:Hormone%20biosynthesis%3B%20vitamin%20D%20biosynthesis.+AND+(organism_id:10090)+AND+reviewed:true
UniProt_Pathways,Isoprenoid biosynthesis; dimethylallyl diphosphate biosynthesis; dimethylallyl diphosphate from isopentenyl diphosphate: step 1/1.,https://www.uniprot.org/uniprotkb?query=keyword:Isoprenoid%20biosynthesis%3B%20dimethylallyl%20diphosphate%20biosynthesis%3B%20dimethylallyl%20diphosphate%20from%20isopentenyl%20diphosphate%3A%20step%201%2F1.+AND+(organism_id:10090)+AND+reviewed:true
UniProt_Pathways,Isoprenoid biosynthesis; farnesyl diphosphate biosynthesis; farnesyl diphosphate from geranyl diphosphate and isopentenyl diphosphate: step 1/1.,https://www.uniprot.org/uniprotkb?query=keyword:Isoprenoid%20biosynthesis%3B%20farnesyl%20diphosphate%20biosynthesis%3B%20farnesyl%20diphosphate%20from%20geranyl%20diphosphate%20and%20isopentenyl%20diphosphate%3A%20step%201%2F1.+AND+(organism_id:10090)+AND+reviewed:true
UniProt_Pathways,Isoprenoid biosynthesis; geranyl diphosphate biosynthesis; geranyl diphosphate from dimethylallyl diphosphate and isopentenyl diphosphate: step 1/1.,https://www.uniprot.org/uniprotkb?query=keyword:Isoprenoid%20biosynthesis%3B%20geranyl%20diphosphate%20biosynthesis%3B%20geranyl%20diphosphate%20from%20dimethylallyl%20diphosphate%20and%20isopentenyl%20diphosphate%3A%20step%201%2F1.+AND+(organism_id:10090)+AND+reviewed:true
UniProt_Pathways,Ketone metabolism; succinyl-CoA degradation; acetoacetyl-CoA from succinyl-CoA: step 1/1.,https://www.uniprot.org/uniprotkb?query=keyword:Ketone%20metabolism%3B%20succinyl-CoA%20degradation%3B%20acetoacetyl-CoA%20from%20succinyl-CoA%3A%20step%201%2F1.+AND+(organism_id:10090)+AND+reviewed:true
UniProt_Pathways,Lipid metabolism.,https://www.uniprot.org/uniprotkb?query=keyword:Lipid%20metabolism.+AND+(organism_id:10090)+AND+reviewed:true
UniProt_Pathways,Lipid metabolism; arachidonate metabolism.,https://www.uniprot.org/uniprotkb?query=keyword:Lipid%20metabolism%3B%20arachidonate%20metabolism.+AND+(organism_id:10090)+AND+reviewed:true
UniProt_Pathways,Lipid metabolism; bile acid biosynthesis.,https://www.uniprot.org/uniprotkb?query=keyword:Lipid%20metabolism%3B%20bile%20acid%20biosynthesis.+AND+(organism_id:10090)+AND+reviewed:true
UniProt_Pathways,Lipid metabolism; C21-steroid hormone metabolism.,https://www.uniprot.org/uniprotkb?query=keyword:Lipid%20metabolism%3B%20C21-steroid%20hormone%20metabolism.+AND+(organism_id:10090)+AND+reviewed:true
UniProt_Pathways,Lipid metabolism; fatty acid beta-oxidation.,https://www.uniprot.org/uniprotkb?query=keyword:Lipid%20metabolism%3B%20fatty%20acid%20beta-oxidation.+AND+(organism_id:10090)+AND+reviewed:true
UniProt_Pathways,Lipid metabolism; fatty acid biosynthesis.,https://www.uniprot.org/uniprotkb?query=keyword:Lipid%20metabolism%3B%20fatty%20acid%20biosynthesis.+AND+(organism_id:10090)+AND+reviewed:true
UniProt_Pathways,Lipid metabolism; fatty acid metabolism.,https://www.uniprot.org/uniprotkb?query=keyword:Lipid%20metabolism%3B%20fatty%20acid%20metabolism.+AND+(organism_id:10090)+AND+reviewed:true
UniProt_Pathways,Lipid metabolism; glycerolipid metabolism.,https://www.uniprot.org/uniprotkb?query=keyword:Lipid%20metabolism%3B%20glycerolipid%20metabolism.+AND+(organism_id:10090)+AND+reviewed:true
UniProt_Pathways,Lipid metabolism; hydroperoxy eicosatetraenoic acid biosynthesis.,https://www.uniprot.org/uniprotkb?query=keyword:Lipid%20metabolism%3B%20hydroperoxy%20eicosatetraenoic%20acid%20biosynthesis.+AND+(organism_id:10090)+AND+reviewed:true
UniProt_Pathways,Lipid metabolism; leukotriene B4 biosynthesis.,https://www.uniprot.org/uniprotkb?query=keyword:Lipid%20metabolism%3B%20leukotriene%20B4%20biosynthesis.+AND+(organism_id:10090)+AND+reviewed:true
UniProt_Pathways,Lipid metabolism; leukotriene B4 degradation.,https://www.uniprot.org/uniprotkb?query=keyword:Lipid%20metabolism%3B%20leukotriene%20B4%20degradation.+AND+(organism_id:10090)+AND+reviewed:true
UniProt_Pathways,Lipid metabolism; leukotriene C4 biosynthesis.,https://www.uniprot.org/uniprotkb?query=keyword:Lipid%20metabolism%3B%20leukotriene%20C4%20biosynthesis.+AND+(organism_id:10090)+AND+reviewed:true
UniProt_Pathways,Lipid metabolism; leukotriene D4 biosynthesis.,https://www.uniprot.org/uniprotkb?query=keyword:Lipid%20metabolism%3B%20leukotriene%20D4%20biosynthesis.+AND+(organism_id:10090)+AND+reviewed:true
UniProt_Pathways,Lipid metabolism; malonyl-CoA biosynthesis; malonyl-CoA from acetyl-CoA: step 1/1.,https://www.uniprot.org/uniprotkb?query=keyword:Lipid%20metabolism%3B%20malonyl-CoA%20biosynthesis%3B%20malonyl-CoA%20from%20acetyl-CoA%3A%20step%201%2F1.+AND+(organism_id:10090)+AND+reviewed:true
UniProt_Pathways,Lipid metabolism; mitochondrial fatty acid beta-oxidation.,https://www.uniprot.org/uniprotkb?query=keyword:Lipid%20metabolism%3B%20mitochondrial%20fatty%20acid%20beta-oxidation.+AND+(organism_id:10090)+AND+reviewed:true
UniProt_Pathways,Lipid metabolism; peroxisomal fatty acid beta-oxidation.,https://www.uniprot.org/uniprotkb?query=keyword:Lipid%20metabolism%3B%20peroxisomal%20fatty%20acid%20beta-oxidation.+AND+(organism_id:10090)+AND+reviewed:true
UniProt_Pathways,Lipid metabolism; phospholipid metabolism.,https://www.uniprot.org/uniprotkb?query=keyword:Lipid%20metabolism%3B%20phospholipid%20metabolism.+AND+(organism_id:10090)+AND+reviewed:true
UniProt_Pathways,Lipid metabolism; polyunsaturated fatty acid biosynthesis.,https://www.uniprot.org/uniprotkb?query=keyword:Lipid%20metabolism%3B%20polyunsaturated%20fatty%20acid%20biosynthesis.+AND+(organism_id:10090)+AND+reviewed:true
UniProt_Pathways,Lipid metabolism; prostaglandin biosynthesis.,https://www.uniprot.org/uniprotkb?query=keyword:Lipid%20metabolism%3B%20prostaglandin%20biosynthesis.+AND+(organism_id:10090)+AND+reviewed:true
UniProt_Pathways,Lipid metabolism; sphingolipid metabolism.,https://www.uniprot.org/uniprotkb?query=keyword:Lipid%20metabolism%3B%20sphingolipid%20metabolism.+AND+(organism_id:10090)+AND+reviewed:true
UniProt_Pathways,Lipid metabolism; steroid biosynthesis.,https://www.uniprot.org/uniprotkb?query=keyword:Lipid%20metabolism%3B%20steroid%20biosynthesis.+AND+(organism_id:10090)+AND+reviewed:true
UniProt_Pathways,Membrane lipid metabolism; glycerophospholipid metabolism.,https://www.uniprot.org/uniprotkb?query=keyword:Membrane%20lipid%20metabolism%3B%20glycerophospholipid%20metabolism.+AND+(organism_id:10090)+AND+reviewed:true
UniProt_Pathways,Metabolic intermediate biosynthesis; (R)-mevalonate biosynthesis; (R)-mevalonate from acetyl-CoA: step 2/3.,https://www.uniprot.org/uniprotkb?query=keyword:Metabolic%20intermediate%20biosynthesis%3B%20%28R%29-mevalonate%20biosynthesis%3B%20%28R%29-mevalonate%20from%20acetyl-CoA%3A%20step%202%2F3.+AND+(organism_id:10090)+AND+reviewed:true
UniProt_Pathways,Metabolic intermediate biosynthesis; 5-phospho-alpha-D-ribose 1-diphosphate biosynthesis; 5-phospho-alpha-D-ribose 1-diphosphate from D-ribose 5-phosphate (route I): step 1/1.,https://www.uniprot.org/uniprotkb?query=keyword:Metabolic%20intermediate%20biosynthesis%3B%205-phospho-alpha-D-ribose%201-diphosphate%20biosynthesis%3B%205-phospho-alpha-D-ribose%201-diphosphate%20from%20D-ribose%205-phosphate%20%28route%20I%29%3A%20step%201%2F1.+AND+(organism_id:10090)+AND+reviewed:true
UniProt_Pathways,Metabolic intermediate metabolism; (S)-3-hydroxy-3-methylglutaryl-CoA degradation; acetoacetate from (S)-3-hydroxy-3-methylglutaryl-CoA: step 1/1.,https://www.uniprot.org/uniprotkb?query=keyword:Metabolic%20intermediate%20metabolism%3B%20%28S%29-3-hydroxy-3-methylglutaryl-CoA%20degradation%3B%20acetoacetate%20from%20%28S%29-3-hydroxy-3-methylglutaryl-CoA%3A%20step%201%2F1.+AND+(organism_id:10090)+AND+reviewed:true
UniProt_Pathways,Metabolic intermediate metabolism; propanoyl-CoA degradation; succinyl-CoA from propanoyl-CoA: step 1/3.,https://www.uniprot.org/uniprotkb?query=keyword:Metabolic%20intermediate%20metabolism%3B%20propanoyl-CoA%20degradation%3B%20succinyl-CoA%20from%20propanoyl-CoA%3A%20step%201%2F3.+AND+(organism_id:10090)+AND+reviewed:true
UniProt_Pathways,Nitrogen metabolism; urea cycle; L-ornithine and urea from L-arginine: step 1/1.,https://www.uniprot.org/uniprotkb?query=keyword:Nitrogen%20metabolism%3B%20urea%20cycle%3B%20L-ornithine%20and%20urea%20from%20L-arginine%3A%20step%201%2F1.+AND+(organism_id:10090)+AND+reviewed:true
UniProt_Pathways,Nucleotide-sugar biosynthesis; GDP-alpha-D-mannose biosynthesis; alpha-D-mannose 1-phosphate from D-fructose 6-phosphate: step 2/2.,https://www.uniprot.org/uniprotkb?query=keyword:Nucleotide-sugar%20biosynthesis%3B%20GDP-alpha-D-mannose%20biosynthesis%3B%20alpha-D-mannose%201-phosphate%20from%20D-fructose%206-phosphate%3A%20step%202%2F2.+AND+(organism_id:10090)+AND+reviewed:true
UniProt_Pathways,Nucleotide-sugar biosynthesis; UDP-N-acetyl-alpha-D-glucosamine biosynthesis; alpha-D-glucosamine 6-phosphate from D-fructose 6-phosphate: step 1/1.,https://www.uniprot.org/uniprotkb?query=keyword:Nucleotide-sugar%20biosynthesis%3B%20UDP-N-acetyl-alpha-D-glucosamine%20biosynthesis%3B%20alpha-D-glucosamine%206-phosphate%20from%20D-fructose%206-phosphate%3A%20step%201%2F1.+AND+(organism_id:10090)+AND+reviewed:true
UniProt_Pathways,One-carbon metabolism; tetrahydrofolate interconversion.,https://www.uniprot.org/uniprotkb?query=keyword:One-carbon%20metabolism%3B%20tetrahydrofolate%20interconversion.+AND+(organism_id:10090)+AND+reviewed:true
UniProt_Pathways,Phospholipid metabolism.,https://www.uniprot.org/uniprotkb?query=keyword:Phospholipid%20metabolism.+AND+(organism_id:10090)+AND+reviewed:true
UniProt_Pathways,Phospholipid metabolism; CDP-diacylglycerol biosynthesis; CDP-diacylglycerol from sn-glycerol 3-phosphate: step 1/3.,https://www.uniprot.org/uniprotkb?query=keyword:Phospholipid%20metabolism%3B%20CDP-diacylglycerol%20biosynthesis%3B%20CDP-diacylglycerol%20from%20sn-glycerol%203-phosphate%3A%20step%201%2F3.+AND+(organism_id:10090)+AND+reviewed:true
UniProt_Pathways,Phospholipid metabolism; CDP-diacylglycerol biosynthesis; CDP-diacylglycerol from sn-glycerol 3-phosphate: step 2/3.,https://www.uniprot.org/uniprotkb?query=keyword:Phospholipid%20metabolism%3B%20CDP-diacylglycerol%20biosynthesis%3B%20CDP-diacylglycerol%20from%20sn-glycerol%203-phosphate%3A%20step%202%2F3.+AND+(organism_id:10090)+AND+reviewed:true
UniProt_Pathways,Phospholipid metabolism; CDP-diacylglycerol biosynthesis; CDP-diacylglycerol from sn-glycerol 3-phosphate: step 3/3.,https://www.uniprot.org/uniprotkb?query=keyword:Phospholipid%20metabolism%3B%20CDP-diacylglycerol%20biosynthesis%3B%20CDP-diacylglycerol%20from%20sn-glycerol%203-phosphate%3A%20step%203%2F3.+AND+(organism_id:10090)+AND+reviewed:true
UniProt_Pathways,Phospholipid metabolism; phosphatidylcholine biosynthesis; phosphatidylcholine from phosphocholine: step 1/2.,https://www.uniprot.org/uniprotkb?query=keyword:Phospholipid%20metabolism%3B%20phosphatidylcholine%20biosynthesis%3B%20phosphatidylcholine%20from%20phosphocholine%3A%20step%201%2F2.+AND+(organism_id:10090)+AND+reviewed:true
UniProt_Pathways,Phospholipid metabolism; phosphatidylcholine biosynthesis; phosphatidylcholine from phosphocholine: step 2/2.,https://www.uniprot.org/uniprotkb?query=keyword:Phospholipid%20metabolism%3B%20phosphatidylcholine%20biosynthesis%3B%20phosphatidylcholine%20from%20phosphocholine%3A%20step%202%2F2.+AND+(organism_id:10090)+AND+reviewed:true
UniProt_Pathways,Phospholipid metabolism; phosphatidylethanolamine biosynthesis; phosphatidylethanolamine from ethanolamine: step 1/3.,https://www.uniprot.org/uniprotkb?query=keyword:Phospholipid%20metabolism%3B%20phosphatidylethanolamine%20biosynthesis%3B%20phosphatidylethanolamine%20from%20ethanolamine%3A%20step%201%2F3.+AND+(organism_id:10090)+AND+reviewed:true
UniProt_Pathways,Phospholipid metabolism; phosphatidylethanolamine biosynthesis; phosphatidylethanolamine from ethanolamine: step 3/3.,https://www.uniprot.org/uniprotkb?query=keyword:Phospholipid%20metabolism%3B%20phosphatidylethanolamine%20biosynthesis%3B%20phosphatidylethanolamine%20from%20ethanolamine%3A%20step%203%2F3.+AND+(organism_id:10090)+AND+reviewed:true
UniProt_Pathways,Phospholipid metabolism; phosphatidylinositol metabolism.,https://www.uniprot.org/uniprotkb?query=keyword:Phospholipid%20metabolism%3B%20phosphatidylinositol%20metabolism.+AND+(organism_id:10090)+AND+reviewed:true
UniProt_Pathways,Phospholipid metabolism; phosphatidylinositol phosphate biosynthesis.,https://www.uniprot.org/uniprotkb?query=keyword:Phospholipid%20metabolism%3B%20phosphatidylinositol%20phosphate%20biosynthesis.+AND+(organism_id:10090)+AND+reviewed:true
UniProt_Pathways,Phospholipid metabolism; phosphatidylserine biosynthesis.,https://www.uniprot.org/uniprotkb?query=keyword:Phospholipid%20metabolism%3B%20phosphatidylserine%20biosynthesis.+AND+(organism_id:10090)+AND+reviewed:true
UniProt_Pathways,Pigment biosynthesis; melanin biosynthesis.,https://www.uniprot.org/uniprotkb?query=keyword:Pigment%20biosynthesis%3B%20melanin%20biosynthesis.+AND+(organism_id:10090)+AND+reviewed:true
UniProt_Pathways,Polyol metabolism; glycerol degradation via glycerol kinase pathway; sn-glycerol 3-phosphate from glycerol: step 1/1.,https://www.uniprot.org/uniprotkb?query=keyword:Polyol%20metabolism%3B%20glycerol%20degradation%20via%20glycerol%20kinase%20pathway%3B%20sn-glycerol%203-phosphate%20from%20glycerol%3A%20step%201%2F1.+AND+(organism_id:10090)+AND+reviewed:true
UniProt_Pathways,Polyol metabolism; myo-inositol biosynthesis; myo-inositol from D-glucose 6-phosphate: step 2/2.,https://www.uniprot.org/uniprotkb?query=keyword:Polyol%20metabolism%3B%20myo-inositol%20biosynthesis%3B%20myo-inositol%20from%20D-glucose%206-phosphate%3A%20step%202%2F2.+AND+(organism_id:10090)+AND+reviewed:true
UniProt_Pathways,Porphyrin-containing compound metabolism; protoporphyrin-IX biosynthesis; 5-aminolevulinate from glycine: step 1/1.,https://www.uniprot.org/uniprotkb?query=keyword:Porphyrin-containing%20compound%20metabolism%3B%20protoporphyrin-IX%20biosynthesis%3B%205-aminolevulinate%20from%20glycine%3A%20step%201%2F1.+AND+(organism_id:10090)+AND+reviewed:true
UniProt_Pathways,Protein degradation; proteasomal ubiquitin-dependent pathway.,https://www.uniprot.org/uniprotkb?query=keyword:Protein%20degradation%3B%20proteasomal%20ubiquitin-dependent%20pathway.+AND+(organism_id:10090)+AND+reviewed:true
UniProt_Pathways,Protein modification; carbohydrate sulfation.,https://www.uniprot.org/uniprotkb?query=keyword:Protein%20modification%3B%20carbohydrate%20sulfation.+AND+(organism_id:10090)+AND+reviewed:true
UniProt_Pathways,Protein modification; eIF5A hypusination.,https://www.uniprot.org/uniprotkb?query=keyword:Protein%20modification%3B%20eIF5A%20hypusination.+AND+(organism_id:10090)+AND+reviewed:true
UniProt_Pathways,Protein modification; peptidyl-diphthamide biosynthesis.,https://www.uniprot.org/uniprotkb?query=keyword:Protein%20modification%3B%20peptidyl-diphthamide%20biosynthesis.+AND+(organism_id:10090)+AND+reviewed:true
UniProt_Pathways,Protein modification; protein glycosylation.,https://www.uniprot.org/uniprotkb?query=keyword:Protein%20modification%3B%20protein%20glycosylation.+AND+(organism_id:10090)+AND+reviewed:true
UniProt_Pathways,Protein modification; protein neddylation.,https://www.uniprot.org/uniprotkb?query=keyword:Protein%20modification%3B%20protein%20neddylation.+AND+(organism_id:10090)+AND+reviewed:true
UniProt_Pathways,Protein modification; protein sumoylation.,https://www.uniprot.org/uniprotkb?query=keyword:Protein%20modification%3B%20protein%20sumoylation.+AND+(organism_id:10090)+AND+reviewed:true
UniProt_Pathways,Protein modification; protein ubiquitination.,https://www.uniprot.org/uniprotkb?query=keyword:Protein%20modification%3B%20protein%20ubiquitination.+AND+(organism_id:10090)+AND+reviewed:true
UniProt_Pathways,"Purine metabolism; 3',5'-cyclic AMP degradation; AMP from 3',5'-cyclic AMP: step 1/1.",https://www.uniprot.org/uniprotkb?query=keyword:Purine%20metabolism%3B%203%27%2C5%27-cyclic%20AMP%20degradation%3B%20AMP%20from%203%27%2C5%27-cyclic%20AMP%3A%20step%201%2F1.+AND+(organism_id:10090)+AND+reviewed:true
UniProt_Pathways,"Purine metabolism; 3',5'-cyclic GMP degradation; GMP from 3',5'-cyclic GMP: step 1/1.",https://www.uniprot.org/uniprotkb?query=keyword:Purine%20metabolism%3B%203%27%2C5%27-cyclic%20GMP%20degradation%3B%20GMP%20from%203%27%2C5%27-cyclic%20GMP%3A%20step%201%2F1.+AND+(organism_id:10090)+AND+reviewed:true
UniProt_Pathways,Purine metabolism; AMP biosynthesis via de novo pathway; AMP from IMP: step 1/2.,https://www.uniprot.org/uniprotkb?query=keyword:Purine%20metabolism%3B%20AMP%20biosynthesis%20via%20de%20novo%20pathway%3B%20AMP%20from%20IMP%3A%20step%201%2F2.+AND+(organism_id:10090)+AND+reviewed:true
UniProt_Pathways,Purine metabolism; IMP biosynthesis via salvage pathway; IMP from AMP: step 1/1.,https://www.uniprot.org/uniprotkb?query=keyword:Purine%20metabolism%3B%20IMP%20biosynthesis%20via%20salvage%20pathway%3B%20IMP%20from%20AMP%3A%20step%201%2F1.+AND+(organism_id:10090)+AND+reviewed:true
UniProt_Pathways,Purine metabolism; XMP biosynthesis via de novo pathway; XMP from IMP: step 1/1.,https://www.uniprot.org/uniprotkb?query=keyword:Purine%20metabolism%3B%20XMP%20biosynthesis%20via%20de%20novo%20pathway%3B%20XMP%20from%20IMP%3A%20step%201%2F1.+AND+(organism_id:10090)+AND+reviewed:true
UniProt_Pathways,Pyrimidine metabolism; CTP biosynthesis via de novo pathway; CTP from UDP: step 2/2.,https://www.uniprot.org/uniprotkb?query=keyword:Pyrimidine%20metabolism%3B%20CTP%20biosynthesis%20via%20de%20novo%20pathway%3B%20CTP%20from%20UDP%3A%20step%202%2F2.+AND+(organism_id:10090)+AND+reviewed:true
UniProt_Pathways,Pyrimidine metabolism; CTP biosynthesis via salvage pathway; CTP from cytidine: step 1/3.,https://www.uniprot.org/uniprotkb?query=keyword:Pyrimidine%20metabolism%3B%20CTP%20biosynthesis%20via%20salvage%20pathway%3B%20CTP%20from%20cytidine%3A%20step%201%2F3.+AND+(organism_id:10090)+AND+reviewed:true
UniProt_Pathways,Pyrimidine metabolism; dTTP biosynthesis.,https://www.uniprot.org/uniprotkb?query=keyword:Pyrimidine%20metabolism%3B%20dTTP%20biosynthesis.+AND+(organism_id:10090)+AND+reviewed:true
UniProt_Pathways,Pyrimidine metabolism; UMP biosynthesis via salvage pathway; UMP from uridine: step 1/1.,https://www.uniprot.org/uniprotkb?query=keyword:Pyrimidine%20metabolism%3B%20UMP%20biosynthesis%20via%20salvage%20pathway%3B%20UMP%20from%20uridine%3A%20step%201%2F1.+AND+(organism_id:10090)+AND+reviewed:true
UniProt_Pathways,Pyrimidine metabolism; UMP biosynthesis via salvage pathway; uracil from uridine (phosphorylase route): step 1/1.,https://www.uniprot.org/uniprotkb?query=keyword:Pyrimidine%20metabolism%3B%20UMP%20biosynthesis%20via%20salvage%20pathway%3B%20uracil%20from%20uridine%20%28phosphorylase%20route%29%3A%20step%201%2F1.+AND+(organism_id:10090)+AND+reviewed:true
UniProt_Pathways,Signal transduction; phosphatidylinositol signaling pathway.,https://www.uniprot.org/uniprotkb?query=keyword:Signal%20transduction%3B%20phosphatidylinositol%20signaling%20pathway.+AND+(organism_id:10090)+AND+reviewed:true
UniProt_Pathways,Sphingolipid metabolism.,https://www.uniprot.org/uniprotkb?query=keyword:Sphingolipid%20metabolism.+AND+(organism_id:10090)+AND+reviewed:true
UniProt_Pathways,Sphingolipid metabolism; galactosylceramide biosynthesis.,https://www.uniprot.org/uniprotkb?query=keyword:Sphingolipid%20metabolism%3B%20galactosylceramide%20biosynthesis.+AND+(organism_id:10090)+AND+reviewed:true
UniProt_Pathways,Steroid biosynthesis; cholesterol biosynthesis.,https://www.uniprot.org/uniprotkb?query=keyword:Steroid%20biosynthesis%3B%20cholesterol%20biosynthesis.+AND+(organism_id:10090)+AND+reviewed:true
UniProt_Pathways,Steroid biosynthesis; estrogen biosynthesis.,https://www.uniprot.org/uniprotkb?query=keyword:Steroid%20biosynthesis%3B%20estrogen%20biosynthesis.+AND+(organism_id:10090)+AND+reviewed:true
UniProt_Pathways,Steroid hormone biosynthesis.,https://www.uniprot.org/uniprotkb?query=keyword:Steroid%20hormone%20biosynthesis.+AND+(organism_id:10090)+AND+reviewed:true
UniProt_Pathways,Steroid metabolism.,https://www.uniprot.org/uniprotkb?query=keyword:Steroid%20metabolism.+AND+(organism_id:10090)+AND+reviewed:true
UniProt_Pathways,Steroid metabolism; cholesterol degradation.,https://www.uniprot.org/uniprotkb?query=keyword:Steroid%20metabolism%3B%20cholesterol%20degradation.+AND+(organism_id:10090)+AND+reviewed:true
UniProt_Pathways,Steroid metabolism; cholesterol metabolism.,https://www.uniprot.org/uniprotkb?query=keyword:Steroid%20metabolism%3B%20cholesterol%20metabolism.+AND+(organism_id:10090)+AND+reviewed:true
UniProt_Pathways,Sulfur metabolism; glutathione biosynthesis; glutathione from L-cysteine and L-glutamate: step 1/2.,https://www.uniprot.org/uniprotkb?query=keyword:Sulfur%20metabolism%3B%20glutathione%20biosynthesis%3B%20glutathione%20from%20L-cysteine%20and%20L-glutamate%3A%20step%201%2F2.+AND+(organism_id:10090)+AND+reviewed:true
UniProt_Pathways,Sulfur metabolism; glutathione metabolism.,https://www.uniprot.org/uniprotkb?query=keyword:Sulfur%20metabolism%3B%20glutathione%20metabolism.+AND+(organism_id:10090)+AND+reviewed:true
UniProt_Pathways,Sulfur metabolism; sulfate assimilation.,https://www.uniprot.org/uniprotkb?query=keyword:Sulfur%20metabolism%3B%20sulfate%20assimilation.+AND+(organism_id:10090)+AND+reviewed:true
UniProt_Pathways,tRNA modification; 5-methoxycarbonylmethyl-2-thiouridine-tRNA biosynthesis.,https://www.uniprot.org/uniprotkb?query=keyword:tRNA%20modification%3B%205-methoxycarbonylmethyl-2-thiouridine-tRNA%20biosynthesis.+AND+(organism_id:10090)+AND+reviewed:true
UniProt_Pathways,tRNA modification; N(7)-methylguanine-tRNA biosynthesis.,https://www.uniprot.org/uniprotkb?query=keyword:tRNA%20modification%3B%20N%287%29-methylguanine-tRNA%20biosynthesis.+AND+(organism_id:10090)+AND+reviewed:true
UniProt_Pathways,tRNA modification; wybutosine-tRNA(Phe) biosynthesis.,https://www.uniprot.org/uniprotkb?query=keyword:tRNA%20modification%3B%20wybutosine-tRNA%28Phe%29%20biosynthesis.+AND+(organism_id:10090)+AND+reviewed:true
WikiPathways,Hypoxia-dependent proliferation of myoblasts,https://www.wikipathways.org/search.html?query=Hypoxia-dependent%20proliferation%20of%20myoblasts&species=Mus%20musculus
WikiPathways,Inflammatory response pathway,https://www.wikipathways.org/search.html?query=Inflammatory%20response%20pathway&species=Mus%20musculus
WikiPathways,Omega-3 / omega-6 fatty acid synthesis,https://www.wikipathways.org/search.html?query=Omega-3%20%2F%20omega-6%20fatty%20acid%20synthesis&species=Mus%20musculus
WikiPathways,Electron transport chain,https://www.wikipathways.org/search.html?query=Electron%20transport%20chain&species=Mus%20musculus
WikiPathways,Glutathione and one-carbon metabolism,https://www.wikipathways.org/search.html?query=Glutathione%20and%20one-carbon%20metabolism&species=Mus%20musculus
WikiPathways,BDNF pathway,https://www.wikipathways.org/search.html?query=BDNF%20pathway&species=Mus%20musculus
WikiPathways,Dravet syndrome: Scn1a-A1783V point mutation model,https://www.wikipathways.org/search.html?query=Dravet%20syndrome%3A%20Scn1a-A1783V%20point%20mutation%20model&species=Mus%20musculus
WikiPathways,ID signaling pathway,https://www.wikipathways.org/search.html?query=ID%20signaling%20pathway&species=Mus%20musculus
WikiPathways,Factors and pathways affecting insulin-like growth factor (IGF1)-Akt signaling,https://www.wikipathways.org/search.html?query=Factors%20and%20pathways%20affecting%20insulin-like%20growth%20factor%20%28IGF1%29-Akt%20signaling&species=Mus%20musculus
WikiPathways,Serotonin and anxiety-related events,https://www.wikipathways.org/search.html?query=Serotonin%20and%20anxiety-related%20events&species=Mus%20musculus
WikiPathways,Glucuronidation,https://www.wikipathways.org/search.html?query=Glucuronidation&species=Mus%20musculus
WikiPathways,Ethanol metabolism resulting in production of ROS by CYP2E1,https://www.wikipathways.org/search.html?query=Ethanol%20metabolism%20resulting%20in%20production%20of%20ROS%20by%20CYP2E1&species=Mus%20musculus
WikiPathways,Splicing factor NOVA regulated synaptic proteins,https://www.wikipathways.org/search.html?query=Splicing%20factor%20NOVA%20regulated%20synaptic%20proteins&species=Mus%20musculus
WikiPathways,Oxidative stress and redox pathway,https://www.wikipathways.org/search.html?query=Oxidative%20stress%20and%20redox%20pathway&species=Mus%20musculus
WikiPathways,Leptin and adiponectin,https://www.wikipathways.org/search.html?query=Leptin%20and%20adiponectin&species=Mus%20musculus
WikiPathways,ApoE and miR-146 in inflammation and atherosclerosis,https://www.wikipathways.org/search.html?query=ApoE%20and%20miR-146%20in%20inflammation%20and%20atherosclerosis&species=Mus%20musculus
WikiPathways,IL-6 signaling pathway,https://www.wikipathways.org/search.html?query=IL-6%20signaling%20pathway&species=Mus%20musculus
WikiPathways,Lung fibrosis,https://www.wikipathways.org/search.html?query=Lung%20fibrosis&species=Mus%20musculus
WikiPathways,EGFR1 signaling pathway,https://www.wikipathways.org/search.html?query=EGFR1%20signaling%20pathway&species=Mus%20musculus
WikiPathways,Wnt signaling pathway and pluripotency,https://www.wikipathways.org/search.html?query=Wnt%20signaling%20pathway%20and%20pluripotency&species=Mus%20musculus
WikiPathways,Integrin-mediated cell adhesion,https://www.wikipathways.org/search.html?query=Integrin-mediated%20cell%20adhesion&species=Mus%20musculus
WikiPathways,Dopaminergic neurogenesis,https://www.wikipathways.org/search.html?query=Dopaminergic%20neurogenesis&species=Mus%20musculus
WikiPathways,Hypoxia-dependent self-renewal of myoblasts,https://www.wikipathways.org/search.html?query=Hypoxia-dependent%20self-renewal%20of%20myoblasts&species=Mus%20musculus
WikiPathways,Fatty acid omega-oxidation,https://www.wikipathways.org/search.html?query=Fatty%20acid%20omega-oxidation&species=Mus%20musculus
WikiPathways,Regulation of actin cytoskeleton,https://www.wikipathways.org/search.html?query=Regulation%20of%20actin%20cytoskeleton&species=Mus%20musculus
WikiPathways,Methylation,https://www.wikipathways.org/search.html?query=Methylation&species=Mus%20musculus
WikiPathways,Circulating monocytes and cardiac macrophages in diastolic dysfunction,https://www.wikipathways.org/search.html?query=Circulating%20monocytes%20and%20cardiac%20macrophages%20in%20diastolic%20dysfunction&species=Mus%20musculus
WikiPathways,Microglia pathogen phagocytosis pathway,https://www.wikipathways.org/search.html?query=Microglia%20pathogen%20phagocytosis%20pathway&species=Mus%20musculus
WikiPathways,SIDS susceptibility pathways,https://www.wikipathways.org/search.html?query=SIDS%20susceptibility%20pathways&species=Mus%20musculus
WikiPathways,Arachidonate epoxygenase / epoxide hydrolase,https://www.wikipathways.org/search.html?query=Arachidonate%20epoxygenase%20%2F%20epoxide%20hydrolase&species=Mus%20musculus
WikiPathways,Gene regulatory network modelling somitogenesis,https://www.wikipathways.org/search.html?query=Gene%20regulatory%20network%20modelling%20somitogenesis&species=Mus%20musculus
WikiPathways,Omega-9 fatty acid synthesis,https://www.wikipathways.org/search.html?query=Omega-9%20fatty%20acid%20synthesis&species=Mus%20musculus
WikiPathways,Mitochondrial long chain fatty acid beta-oxidation,https://www.wikipathways.org/search.html?query=Mitochondrial%20long%20chain%20fatty%20acid%20beta-oxidation&species=Mus%20musculus
WikiPathways,Eicosanoid metabolism via cytochrome P450 monooxygenases,https://www.wikipathways.org/search.html?query=Eicosanoid%20metabolism%20via%20cytochrome%20P450%20monooxygenases&species=Mus%20musculus
WikiPathways,"GPCRs, non-odorant",https://www.wikipathways.org/search.html?query=GPCRs%2C%20non-odorant&species=Mus%20musculus
WikiPathways,Metapathway biotransformation,https://www.wikipathways.org/search.html?query=Metapathway%20biotransformation&species=Mus%20musculus
WikiPathways,"GPCRs, class C metabotropic glutamate, pheromone",https://www.wikipathways.org/search.html?query=GPCRs%2C%20class%20C%20metabotropic%20glutamate%2C%20pheromone&species=Mus%20musculus
WikiPathways,Aflatoxin B1 metabolism,https://www.wikipathways.org/search.html?query=Aflatoxin%20B1%20metabolism&species=Mus%20musculus
WikiPathways,EDA signaling in hair follicle development,https://www.wikipathways.org/search.html?query=EDA%20signaling%20in%20hair%20follicle%20development&species=Mus%20musculus
WikiPathways,One-carbon metabolism and related pathways,https://www.wikipathways.org/search.html?query=One-carbon%20metabolism%20and%20related%20pathways&species=Mus%20musculus
WikiPathways,p38 Mapk signaling pathway,https://www.wikipathways.org/search.html?query=p38%20Mapk%20signaling%20pathway&species=Mus%20musculus
WikiPathways,Prostaglandin synthesis and regulation,https://www.wikipathways.org/search.html?query=Prostaglandin%20synthesis%20and%20regulation&species=Mus%20musculus
WikiPathways,Retinol metabolism,https://www.wikipathways.org/search.html?query=Retinol%20metabolism&species=Mus%20musculus
WikiPathways,p53 signaling,https://www.wikipathways.org/search.html?query=p53%20signaling&species=Mus%20musculus
WikiPathways,mir-193a and MVP in colon cancer metastasis,https://www.wikipathways.org/search.html?query=mir-193a%20and%20MVP%20in%20colon%20cancer%20metastasis&species=Mus%20musculus
WikiPathways,Calcium regulation in cardiac cells,https://www.wikipathways.org/search.html?query=Calcium%20regulation%20in%20cardiac%20cells&species=Mus%20musculus
WikiPathways,miRNAs and TFs in iPS Cell Generation,https://www.wikipathways.org/search.html?query=miRNAs%20and%20TFs%20in%20iPS%20Cell%20Generation&species=Mus%20musculus
WikiPathways,TCA cycle,https://www.wikipathways.org/search.html?query=TCA%20cycle&species=Mus%20musculus
WikiPathways,Elongation of (very) long chain fatty acids,https://www.wikipathways.org/search.html?query=Elongation%20of%20%28very%29%20long%20chain%20fatty%20acids&species=Mus%20musculus
WikiPathways,Biogenic amine synthesis,https://www.wikipathways.org/search.html?query=Biogenic%20amine%20synthesis&species=Mus%20musculus
WikiPathways,"GPCRs, small ligand",https://www.wikipathways.org/search.html?query=GPCRs%2C%20small%20ligand&species=Mus%20musculus
WikiPathways,One-carbon metabolism,https://www.wikipathways.org/search.html?query=One-carbon%20metabolism&species=Mus%20musculus
WikiPathways,Regulation of cardiac hypertrophy by miR-208,https://www.wikipathways.org/search.html?query=Regulation%20of%20cardiac%20hypertrophy%20by%20miR-208&species=Mus%20musculus
WikiPathways,Serotonin and anxiety,https://www.wikipathways.org/search.html?query=Serotonin%20and%20anxiety&species=Mus%20musculus
WikiPathways,Osteoblast signaling,https://www.wikipathways.org/search.html?query=Osteoblast%20signaling&species=Mus%20musculus
WikiPathways,ESC pluripotency pathways,https://www.wikipathways.org/search.html?query=ESC%20pluripotency%20pathways&species=Mus%20musculus
WikiPathways,Globo series sphingolipid metabolism,https://www.wikipathways.org/search.html?query=Globo%20series%20sphingolipid%20metabolism&species=Mus%20musculus
WikiPathways,IL-7 signaling pathway,https://www.wikipathways.org/search.html?query=IL-7%20signaling%20pathway&species=Mus%20musculus
WikiPathways,Nuclear Receptors,https://www.wikipathways.org/search.html?query=Nuclear%20Receptors&species=Mus%20musculus
WikiPathways,Nuclear receptors in lipid metabolism and toxicity,https://www.wikipathways.org/search.html?query=Nuclear%20receptors%20in%20lipid%20metabolism%20and%20toxicity&species=Mus%20musculus
WikiPathways,miR-1 in cardiac development,https://www.wikipathways.org/search.html?query=miR-1%20in%20cardiac%20development&species=Mus%20musculus
WikiPathways,Leptin-insulin signaling overlap,https://www.wikipathways.org/search.html?query=Leptin-insulin%20signaling%20overlap&species=Mus%20musculus
WikiPathways,Statin pathway,https://www.wikipathways.org/search.html?query=Statin%20pathway&species=Mus%20musculus
WikiPathways,White fat cell differentiation,https://www.wikipathways.org/search.html?query=White%20fat%20cell%20differentiation&species=Mus%20musculus
WikiPathways,Regulation of Pgc1a expression by a Gsk3b-Tfeb signaling axis in skeletal muscle,https://www.wikipathways.org/search.html?query=Regulation%20of%20Pgc1a%20expression%20by%20a%20Gsk3b-Tfeb%20signaling%20axis%20in%20skeletal%20muscle&species=Mus%20musculus
WikiPathways,Exercise-induced circadian regulation,https://www.wikipathways.org/search.html?query=Exercise-induced%20circadian%20regulation&species=Mus%20musculus
WikiPathways,Monoamine GPCRs,https://www.wikipathways.org/search.html?query=Monoamine%20GPCRs&species=Mus%20musculus
WikiPathways,"GPCRs, odorant",https://www.wikipathways.org/search.html?query=GPCRs%2C%20odorant&species=Mus%20musculus
WikiPathways,Oxidation by cytochrome P450,https://www.wikipathways.org/search.html?query=Oxidation%20by%20cytochrome%20P450&species=Mus%20musculus
WikiPathways,Histone modifications,https://www.wikipathways.org/search.html?query=Histone%20modifications&species=Mus%20musculus
WikiPathways,Endochondral ossification,https://www.wikipathways.org/search.html?query=Endochondral%20ossification&species=Mus%20musculus
WikiPathways,ACE inhibitor pathway,https://www.wikipathways.org/search.html?query=ACE%20inhibitor%20pathway&species=Mus%20musculus
WikiPathways,Selenium metabolism / selenoproteins,https://www.wikipathways.org/search.html?query=Selenium%20metabolism%20%2F%20selenoproteins&species=Mus%20musculus
WikiPathways,Wnt signaling in kidney disease,https://www.wikipathways.org/search.html?query=Wnt%20signaling%20in%20kidney%20disease&species=Mus%20musculus
WikiPathways,IL-3 signaling pathway,https://www.wikipathways.org/search.html?query=IL-3%20signaling%20pathway&species=Mus%20musculus
WikiPathways,TGF-beta signaling pathway,https://www.wikipathways.org/search.html?query=TGF-beta%20signaling%20pathway&species=Mus%20musculus
WikiPathways,Translation factors,https://www.wikipathways.org/search.html?query=Translation%20factors&species=Mus%20musculus
WikiPathways,G protein signaling pathways,https://www.wikipathways.org/search.html?query=G%20protein%20signaling%20pathways&species=Mus%20musculus
WikiPathways,Synthesis and degradation of ketone bodies,https://www.wikipathways.org/search.html?query=Synthesis%20and%20degradation%20of%20ketone%20bodies&species=Mus%20musculus
WikiPathways,Heart development,https://www.wikipathways.org/search.html?query=Heart%20development&species=Mus%20musculus
WikiPathways,Fatty acid biosynthesis,https://www.wikipathways.org/search.html?query=Fatty%20acid%20biosynthesis&species=Mus%20musculus
WikiPathways,Pentose phosphate pathway,https://www.wikipathways.org/search.html?query=Pentose%20phosphate%20pathway&species=Mus%20musculus
WikiPathways,GDNF/RET signaling axis,https://www.wikipathways.org/search.html?query=GDNF%2FRET%20signaling%20axis&species=Mus%20musculus
WikiPathways,Estrogen metabolism,https://www.wikipathways.org/search.html?query=Estrogen%20metabolism&species=Mus%20musculus
WikiPathways,Nod-like receptor (NLR) signaling pathway,https://www.wikipathways.org/search.html?query=Nod-like%20receptor%20%28NLR%29%20signaling%20pathway&species=Mus%20musculus
WikiPathways,Triacylglyceride synthesis,https://www.wikipathways.org/search.html?query=Triacylglyceride%20synthesis&species=Mus%20musculus
WikiPathways,Transcriptional activation by Nfe2l2 in response to phytochemicals,https://www.wikipathways.org/search.html?query=Transcriptional%20activation%20by%20Nfe2l2%20in%20response%20to%20phytochemicals&species=Mus%20musculus
WikiPathways,Sphingolipid metabolism (integrated pathway),https://www.wikipathways.org/search.html?query=Sphingolipid%20metabolism%20%28integrated%20pathway%29&species=Mus%20musculus
WikiPathways,Wnt signaling pathway,https://www.wikipathways.org/search.html?query=Wnt%20signaling%20pathway&species=Mus%20musculus
WikiPathways,Hypoxia-dependent differentiation of myoblasts,https://www.wikipathways.org/search.html?query=Hypoxia-dependent%20differentiation%20of%20myoblasts&species=Mus%20musculus
WikiPathways,Heme biosynthesis,https://www.wikipathways.org/search.html?query=Heme%20biosynthesis&species=Mus%20musculus
WikiPathways,EPO receptor signaling,https://www.wikipathways.org/search.html?query=EPO%20receptor%20signaling&species=Mus%20musculus
WikiPathways,Fibrin complement receptor 3 signaling pathway,https://www.wikipathways.org/search.html?query=Fibrin%20complement%20receptor%203%20signaling%20pathway&species=Mus%20musculus
WikiPathways,G13 signaling pathway,https://www.wikipathways.org/search.html?query=G13%20signaling%20pathway&species=Mus%20musculus
WikiPathways,Parkinson's disease,https://www.wikipathways.org/search.html?query=Parkinson%27s%20disease&species=Mus%20musculus
WikiPathways,Oxidative phosphorylation,https://www.wikipathways.org/search.html?query=Oxidative%20phosphorylation&species=Mus%20musculus
WikiPathways,Proteasome degradation,https://www.wikipathways.org/search.html?query=Proteasome%20degradation&species=Mus%20musculus
WikiPathways,Lac-Phe pathway,https://www.wikipathways.org/search.html?query=Lac-Phe%20pathway&species=Mus%20musculus
WikiPathways,Tryptophan metabolism,https://www.wikipathways.org/search.html?query=Tryptophan%20metabolism&species=Mus%20musculus
WikiPathways,Steroid biosynthesis,https://www.wikipathways.org/search.html?query=Steroid%20biosynthesis&species=Mus%20musculus
WikiPathways,Ptf1a related regulatory pathway,https://www.wikipathways.org/search.html?query=Ptf1a%20related%20regulatory%20pathway&species=Mus%20musculus
WikiPathways,MicroRNAs in cardiomyocyte hypertrophy,https://www.wikipathways.org/search.html?query=MicroRNAs%20in%20cardiomyocyte%20hypertrophy&species=Mus%20musculus
WikiPathways,Primary focal segmental glomerulosclerosis (FSGS),https://www.wikipathways.org/search.html?query=Primary%20focal%20segmental%20glomerulosclerosis%20%28FSGS%29&species=Mus%20musculus
WikiPathways,BMP signaling pathway in eyelid development,https://www.wikipathways.org/search.html?query=BMP%20signaling%20pathway%20in%20eyelid%20development&species=Mus%20musculus
WikiPathways,Glutathione metabolism,https://www.wikipathways.org/search.html?query=Glutathione%20metabolism&species=Mus%20musculus
WikiPathways,Purine metabolism,https://www.wikipathways.org/search.html?query=Purine%20metabolism&species=Mus%20musculus
WikiPathways,miR-127 in mesendoderm differentiation,https://www.wikipathways.org/search.html?query=miR-127%20in%20mesendoderm%20differentiation&species=Mus%20musculus
WikiPathways,Cytoplasmic ribosomal proteins,https://www.wikipathways.org/search.html?query=Cytoplasmic%20ribosomal%20proteins&species=Mus%20musculus
WikiPathways,G1 to S cell cycle control,https://www.wikipathways.org/search.html?query=G1%20to%20S%20cell%20cycle%20control&species=Mus%20musculus
WikiPathways,Focal adhesion,https://www.wikipathways.org/search.html?query=Focal%20adhesion&species=Mus%20musculus
WikiPathways,Cytokines and inflammatory response,https://www.wikipathways.org/search.html?query=Cytokines%20and%20inflammatory%20response&species=Mus%20musculus
WikiPathways,IL-2 signaling pathway,https://www.wikipathways.org/search.html?query=IL-2%20signaling%20pathway&species=Mus%20musculus
WikiPathways,Eicosanoid lipid synthesis map,https://www.wikipathways.org/search.html?query=Eicosanoid%20lipid%20synthesis%20map&species=Mus%20musculus
WikiPathways,Focal adhesion: PI3K-Akt-mTOR signaling pathway,https://www.wikipathways.org/search.html?query=Focal%20adhesion%3A%20PI3K-Akt-mTOR%20signaling%20pathway&species=Mus%20musculus
WikiPathways,Eicosanoid metabolism via cyclooxygenases (COX),https://www.wikipathways.org/search.html?query=Eicosanoid%20metabolism%20via%20cyclooxygenases%20%28COX%29&species=Mus%20musculus
WikiPathways,Eukaryotic transcription initiation,https://www.wikipathways.org/search.html?query=Eukaryotic%20transcription%20initiation&species=Mus%20musculus
WikiPathways,Serotonin receptor 2 and STAT3 signaling,https://www.wikipathways.org/search.html?query=Serotonin%20receptor%202%20and%20STAT3%20signaling&species=Mus%20musculus
WikiPathways,Cholesterol metabolism with Bloch and Kandutsch-Russell pathways,https://www.wikipathways.org/search.html?query=Cholesterol%20metabolism%20with%20Bloch%20and%20Kandutsch-Russell%20pathways&species=Mus%20musculus
WikiPathways,Cholesterol biosynthesis,https://www.wikipathways.org/search.html?query=Cholesterol%20biosynthesis&species=Mus%20musculus
WikiPathways,Delta-Notch signaling pathway,https://www.wikipathways.org/search.html?query=Delta-Notch%20signaling%20pathway&species=Mus%20musculus
WikiPathways,EBV LMP1 signaling,https://www.wikipathways.org/search.html?query=EBV%20LMP1%20signaling&species=Mus%20musculus
WikiPathways,Hedgehog signaling pathway,https://www.wikipathways.org/search.html?query=Hedgehog%20signaling%20pathway&species=Mus%20musculus
WikiPathways,Alpha 6 beta 4 integrin signaling pathway,https://www.wikipathways.org/search.html?query=Alpha%206%20beta%204%20integrin%20signaling%20pathway&species=Mus%20musculus
WikiPathways,Neural crest differentiation,https://www.wikipathways.org/search.html?query=Neural%20crest%20differentiation&species=Mus%20musculus
WikiPathways,SREBF and miR33 in cholesterol and lipid homeostasis,https://www.wikipathways.org/search.html?query=SREBF%20and%20miR33%20in%20cholesterol%20and%20lipid%20homeostasis&species=Mus%20musculus
WikiPathways,Glycolysis and gluconeogenesis,https://www.wikipathways.org/search.html?query=Glycolysis%20and%20gluconeogenesis&species=Mus%20musculus
WikiPathways,Distal convoluted tubule 1 (DCT1) cell,https://www.wikipathways.org/search.html?query=Distal%20convoluted%20tubule%201%20%28DCT1%29%20cell&species=Mus%20musculus
WikiPathways,IL-5 signaling pathway,https://www.wikipathways.org/search.html?query=IL-5%20signaling%20pathway&species=Mus%20musculus
WikiPathways,Sphingolipid metabolism overview,https://www.wikipathways.org/search.html?query=Sphingolipid%20metabolism%20overview&species=Mus%20musculus
WikiPathways,Mismatch repair,https://www.wikipathways.org/search.html?query=Mismatch%20repair&species=Mus%20musculus
WikiPathways,Robo4 and VEGF signaling pathways crosstalk,https://www.wikipathways.org/search.html?query=Robo4%20and%20VEGF%20signaling%20pathways%20crosstalk&species=Mus%20musculus
WikiPathways,Estrogen signaling,https://www.wikipathways.org/search.html?query=Estrogen%20signaling&species=Mus%20musculus
WikiPathways,Iron homeostasis,https://www.wikipathways.org/search.html?query=Iron%20homeostasis&species=Mus%20musculus
WikiPathways,Blood clotting cascade,https://www.wikipathways.org/search.html?query=Blood%20clotting%20cascade&species=Mus%20musculus
WikiPathways,Fatty acid beta-oxidation,https://www.wikipathways.org/search.html?query=Fatty%20acid%20beta-oxidation&species=Mus%20musculus
WikiPathways,Hypertrophy model,https://www.wikipathways.org/search.html?query=Hypertrophy%20model&species=Mus%20musculus
WikiPathways,"GPCRs, other",https://www.wikipathways.org/search.html?query=GPCRs%2C%20other&species=Mus%20musculus
WikiPathways,Toll-like receptor signaling,https://www.wikipathways.org/search.html?query=Toll-like%20receptor%20signaling&species=Mus%20musculus
WikiPathways,Oxidative stress response,https://www.wikipathways.org/search.html?query=Oxidative%20stress%20response&species=Mus%20musculus
WikiPathways,Amino acid metabolism,https://www.wikipathways.org/search.html?query=Amino%20acid%20metabolism&species=Mus%20musculus
WikiPathways,Chemokine signaling pathway,https://www.wikipathways.org/search.html?query=Chemokine%20signaling%20pathway&species=Mus%20musculus
WikiPathways,"Complement activation, classical pathway",https://www.wikipathways.org/search.html?query=Complement%20activation%2C%20classical%20pathway&species=Mus%20musculus
WikiPathways,Oxidative damage response,https://www.wikipathways.org/search.html?query=Oxidative%20damage%20response&species=Mus%20musculus
WikiPathways,mRNA processing,https://www.wikipathways.org/search.html?query=mRNA%20processing&species=Mus%20musculus
WikiPathways,PDGFR-alpha and STMN1 cooperate to exacerbate cytotoxic effects of vinblastine,https://www.wikipathways.org/search.html?query=PDGFR-alpha%20and%20STMN1%20cooperate%20to%20exacerbate%20cytotoxic%20effects%20of%20vinblastine&species=Mus%20musculus
WikiPathways,Kit receptor signaling pathway,https://www.wikipathways.org/search.html?query=Kit%20receptor%20signaling%20pathway&species=Mus%20musculus
WikiPathways,Ovarian infertility,https://www.wikipathways.org/search.html?query=Ovarian%20infertility&species=Mus%20musculus
WikiPathways,Mecp2 and associated Rett syndrome,https://www.wikipathways.org/search.html?query=Mecp2%20and%20associated%20Rett%20syndrome&species=Mus%20musculus
WikiPathways,ErbB signaling pathway,https://www.wikipathways.org/search.html?query=ErbB%20signaling%20pathway&species=Mus%20musculus
WikiPathways,Homologous recombination,https://www.wikipathways.org/search.html?query=Homologous%20recombination&species=Mus%20musculus
WikiPathways,Signal transduction of S1P receptor,https://www.wikipathways.org/search.html?query=Signal%20transduction%20of%20S1P%20receptor&species=Mus%20musculus
WikiPathways,Nucleotide GPCRs,https://www.wikipathways.org/search.html?query=Nucleotide%20GPCRs&species=Mus%20musculus
WikiPathways,Spinal cord injury,https://www.wikipathways.org/search.html?query=Spinal%20cord%20injury&species=Mus%20musculus
WikiPathways,Folic acid network,https://www.wikipathways.org/search.html?query=Folic%20acid%20network&species=Mus%20musculus
WikiPathways,Insulin signaling,https://www.wikipathways.org/search.html?query=Insulin%20signaling&species=Mus%20musculus
WikiPathways,Dysregulated miRNA targeting in insulin/PI3K-AKT signaling,https://www.wikipathways.org/search.html?query=Dysregulated%20miRNA%20targeting%20in%20insulin%2FPI3K-AKT%20signaling&species=Mus%20musculus
WikiPathways,Type II interferon signaling (IFNG),https://www.wikipathways.org/search.html?query=Type%20II%20interferon%20signaling%20%28IFNG%29&species=Mus%20musculus
WikiPathways,"GPCRs, peptide",https://www.wikipathways.org/search.html?query=GPCRs%2C%20peptide&species=Mus%20musculus
WikiPathways,Alanine and aspartate metabolism,https://www.wikipathways.org/search.html?query=Alanine%20and%20aspartate%20metabolism&species=Mus%20musculus
WikiPathways,Eicosanoid synthesis,https://www.wikipathways.org/search.html?query=Eicosanoid%20synthesis&species=Mus%20musculus
WikiPathways,Amino acid conjugation of benzoic acid,https://www.wikipathways.org/search.html?query=Amino%20acid%20conjugation%20of%20benzoic%20acid&species=Mus%20musculus
WikiPathways,Alzheimer's disease,https://www.wikipathways.org/search.html?query=Alzheimer%27s%20disease&species=Mus%20musculus
WikiPathways,Eicosanoid metabolism via lipoxygenases (LOX),https://www.wikipathways.org/search.html?query=Eicosanoid%20metabolism%20via%20lipoxygenases%20%28LOX%29&species=Mus%20musculus
WikiPathways,Apoptosis modulation by HSP70,https://www.wikipathways.org/search.html?query=Apoptosis%20modulation%20by%20HSP70&species=Mus%20musculus
WikiPathways,Peroxiredoxin 2 induced ovarian failure,https://www.wikipathways.org/search.html?query=Peroxiredoxin%202%20induced%20ovarian%20failure&species=Mus%20musculus
WikiPathways,Tyrobp causal network in microglia,https://www.wikipathways.org/search.html?query=Tyrobp%20causal%20network%20in%20microglia&species=Mus%20musculus
WikiPathways,Polyol pathway,https://www.wikipathways.org/search.html?query=Polyol%20pathway&species=Mus%20musculus
WikiPathways,FAS pathway and stress induction of HSP regulation,https://www.wikipathways.org/search.html?query=FAS%20pathway%20and%20stress%20induction%20of%20HSP%20regulation&species=Mus%20musculus
WikiPathways,Hfe effect on hepcidin production,https://www.wikipathways.org/search.html?query=Hfe%20effect%20on%20hepcidin%20production&species=Mus%20musculus
WikiPathways,Macrophage markers,https://www.wikipathways.org/search.html?query=Macrophage%20markers&species=Mus%20musculus
WikiPathways,Adipogenesis genes,https://www.wikipathways.org/search.html?query=Adipogenesis%20genes&species=Mus%20musculus
WikiPathways,Notch signaling pathway,https://www.wikipathways.org/search.html?query=Notch%20signaling%20pathway&species=Mus%20musculus
WikiPathways,Apoptosis,https://www.wikipathways.org/search.html?query=Apoptosis&species=Mus%20musculus
WikiPathways,Mitochondrial gene expression,https://www.wikipathways.org/search.html?query=Mitochondrial%20gene%20expression&species=Mus%20musculus
WikiPathways,Myometrial relaxation and contraction pathways,https://www.wikipathways.org/search.html?query=Myometrial%20relaxation%20and%20contraction%20pathways&species=Mus%20musculus
WikiPathways,Acetylcholine synthesis,https://www.wikipathways.org/search.html?query=Acetylcholine%20synthesis&species=Mus%20musculus
WikiPathways,Mapk cascade,https://www.wikipathways.org/search.html?query=Mapk%20cascade&species=Mus%20musculus
WikiPathways,Deregulation of renin-angiotensin system by SARS-CoV infection,https://www.wikipathways.org/search.html?query=Deregulation%20of%20renin-angiotensin%20system%20by%20SARS-CoV%20infection&species=Mus%20musculus
WikiPathways,Burn wound healing,https://www.wikipathways.org/search.html?query=Burn%20wound%20healing&species=Mus%20musculus
WikiPathways,Selenium micronutrient network,https://www.wikipathways.org/search.html?query=Selenium%20micronutrient%20network&species=Mus%20musculus
WikiPathways,Kennedy pathway,https://www.wikipathways.org/search.html?query=Kennedy%20pathway&species=Mus%20musculus
WikiPathways,Matrix metalloproteinases,https://www.wikipathways.org/search.html?query=Matrix%20metalloproteinases&species=Mus%20musculus
WikiPathways,Fatty acid oxidation,https://www.wikipathways.org/search.html?query=Fatty%20acid%20oxidation&species=Mus%20musculus
WikiPathways,Mechanisms associated with pluripotency,https://www.wikipathways.org/search.html?query=Mechanisms%20associated%20with%20pluripotency&species=Mus%20musculus
WikiPathways,Novel Jun-Dmp1 pathway,https://www.wikipathways.org/search.html?query=Novel%20Jun-Dmp1%20pathway&species=Mus%20musculus
WikiPathways,Glycogen metabolism,https://www.wikipathways.org/search.html?query=Glycogen%20metabolism&species=Mus%20musculus
WikiPathways,miR302-367 promoting cardiomyocyte proliferation,https://www.wikipathways.org/search.html?query=miR302-367%20promoting%20cardiomyocyte%20proliferation&species=Mus%20musculus
WikiPathways,Osteoclast signaling,https://www.wikipathways.org/search.html?query=Osteoclast%20signaling&species=Mus%20musculus
WikiPathways,miR-222 in exercise-induced cardiac growth,https://www.wikipathways.org/search.html?query=miR-222%20in%20exercise-induced%20cardiac%20growth&species=Mus%20musculus
WikiPathways,Non-homologous end joining,https://www.wikipathways.org/search.html?query=Non-homologous%20end%20joining&species=Mus%20musculus
WikiPathways,Mapk signaling pathway,https://www.wikipathways.org/search.html?query=Mapk%20signaling%20pathway&species=Mus%20musculus
WikiPathways,"GPCRs, orphan",https://www.wikipathways.org/search.html?query=GPCRs%2C%20orphan&species=Mus%20musculus
WikiPathways,"GPCRs, class B secretin-like",https://www.wikipathways.org/search.html?query=GPCRs%2C%20class%20B%20secretin-like&species=Mus%20musculus
WikiPathways,Glycerolipids and glycerophospholipids,https://www.wikipathways.org/search.html?query=Glycerolipids%20and%20glycerophospholipids&species=Mus%20musculus
WikiPathways,"GPCRs, class A rhodopsin-like",https://www.wikipathways.org/search.html?query=GPCRs%2C%20class%20A%20rhodopsin-like&species=Mus%20musculus
WikiPathways,PPAR signaling pathway,https://www.wikipathways.org/search.html?query=PPAR%20signaling%20pathway&species=Mus%20musculus
WikiPathways,IL-1 signaling pathway,https://www.wikipathways.org/search.html?query=IL-1%20signaling%20pathway&species=Mus%20musculus
WikiPathways,Comprehensive IL-17A signaling,https://www.wikipathways.org/search.html?query=Comprehensive%20IL-17A%20signaling&species=Mus%20musculus
PathBank,Folate Metabolism,https://pathbank.org/search?q=Folate%20Metabolism&searcher=pathways&filter_species=Mus+musculus
PathBank,Citric Acid Cycle,https://pathbank.org/search?q=Citric%20Acid%20Cycle&searcher=pathways&filter_species=Mus+musculus
PathBank,Glycolysis,https://pathbank.org/search?q=Glycolysis&searcher=pathways&filter_species=Mus+musculus
PathBank,Ammonia Recycling,https://pathbank.org/search?q=Ammonia%20Recycling&searcher=pathways&filter_species=Mus+musculus
PathBank,Amino Sugar Metabolism,https://pathbank.org/search?q=Amino%20Sugar%20Metabolism&searcher=pathways&filter_species=Mus+musculus
PathBank,Alanine Metabolism,https://pathbank.org/search?q=Alanine%20Metabolism&searcher=pathways&filter_species=Mus+musculus
PathBank,Selenoamino Acid Metabolism,https://pathbank.org/search?q=Selenoamino%20Acid%20Metabolism&searcher=pathways&filter_species=Mus+musculus
PathBank,Pentose Phosphate Pathway,https://pathbank.org/search?q=Pentose%20Phosphate%20Pathway&searcher=pathways&filter_species=Mus+musculus
PathBank,Fatty Acid Metabolism,https://pathbank.org/search?q=Fatty%20Acid%20Metabolism&searcher=pathways&filter_species=Mus+musculus
PathBank,Glutamate Metabolism,https://pathbank.org/search?q=Glutamate%20Metabolism&searcher=pathways&filter_species=Mus+musculus
PathBank,Vitamin K Metabolism,https://pathbank.org/search?q=Vitamin%20K%20Metabolism&searcher=pathways&filter_species=Mus+musculus
PathBank,Vitamin B6 Metabolism,https://pathbank.org/search?q=Vitamin%20B6%20Metabolism&searcher=pathways&filter_species=Mus+musculus
PathBank,Alpha Linolenic Acid and Linoleic Acid Metabolism,https://pathbank.org/search?q=Alpha%20Linolenic%20Acid%20and%20Linoleic%20Acid%20Metabolism&searcher=pathways&filter_species=Mus+musculus
PathBank,Androgen and Estrogen Metabolism,https://pathbank.org/search?q=Androgen%20and%20Estrogen%20Metabolism&searcher=pathways&filter_species=Mus+musculus
PathBank,Arachidonic Acid Metabolism,https://pathbank.org/search?q=Arachidonic%20Acid%20Metabolism&searcher=pathways&filter_species=Mus+musculus
PathBank,Arginine and Proline Metabolism,https://pathbank.org/search?q=Arginine%20and%20Proline%20Metabolism&searcher=pathways&filter_species=Mus+musculus
PathBank,Aspartate Metabolism,https://pathbank.org/search?q=Aspartate%20Metabolism&searcher=pathways&filter_species=Mus+musculus
PathBank,Beta Oxidation of Very Long Chain Fatty Acids,https://pathbank.org/search?q=Beta%20Oxidation%20of%20Very%20Long%20Chain%20Fatty%20Acids&searcher=pathways&filter_species=Mus+musculus
PathBank,beta-Alanine Metabolism,https://pathbank.org/search?q=beta-Alanine%20Metabolism&searcher=pathways&filter_species=Mus+musculus
PathBank,Betaine Metabolism,https://pathbank.org/search?q=Betaine%20Metabolism&searcher=pathways&filter_species=Mus+musculus
PathBank,Bile Acid Biosynthesis,https://pathbank.org/search?q=Bile%20Acid%20Biosynthesis&searcher=pathways&filter_species=Mus+musculus
PathBank,Biotin Metabolism,https://pathbank.org/search?q=Biotin%20Metabolism&searcher=pathways&filter_species=Mus+musculus
PathBank,Butyrate Metabolism,https://pathbank.org/search?q=Butyrate%20Metabolism&searcher=pathways&filter_species=Mus+musculus
PathBank,Caffeine Metabolism,https://pathbank.org/search?q=Caffeine%20Metabolism&searcher=pathways&filter_species=Mus+musculus
PathBank,Carnitine Synthesis,https://pathbank.org/search?q=Carnitine%20Synthesis&searcher=pathways&filter_species=Mus+musculus
PathBank,Catecholamine Biosynthesis,https://pathbank.org/search?q=Catecholamine%20Biosynthesis&searcher=pathways&filter_species=Mus+musculus
PathBank,Cysteine Metabolism,https://pathbank.org/search?q=Cysteine%20Metabolism&searcher=pathways&filter_species=Mus+musculus
PathBank,Degradation of Superoxides,https://pathbank.org/search?q=Degradation%20of%20Superoxides&searcher=pathways&filter_species=Mus+musculus
PathBank,Ethanol Degradation,https://pathbank.org/search?q=Ethanol%20Degradation&searcher=pathways&filter_species=Mus+musculus
PathBank,Fatty Acid Elongation In Mitochondria,https://pathbank.org/search?q=Fatty%20Acid%20Elongation%20In%20Mitochondria&searcher=pathways&filter_species=Mus+musculus
PathBank,Fatty Acid Biosynthesis,https://pathbank.org/search?q=Fatty%20Acid%20Biosynthesis&searcher=pathways&filter_species=Mus+musculus
PathBank,Fructose and Mannose Degradation,https://pathbank.org/search?q=Fructose%20and%20Mannose%20Degradation&searcher=pathways&filter_species=Mus+musculus
PathBank,Gluconeogenesis,https://pathbank.org/search?q=Gluconeogenesis&searcher=pathways&filter_species=Mus+musculus
PathBank,Glucose-Alanine Cycle,https://pathbank.org/search?q=Glucose-Alanine%20Cycle&searcher=pathways&filter_species=Mus+musculus
PathBank,Glutathione Metabolism,https://pathbank.org/search?q=Glutathione%20Metabolism&searcher=pathways&filter_species=Mus+musculus
PathBank,Glycerolipid Metabolism,https://pathbank.org/search?q=Glycerolipid%20Metabolism&searcher=pathways&filter_species=Mus+musculus
PathBank,Glycerol Phosphate Shuttle,https://pathbank.org/search?q=Glycerol%20Phosphate%20Shuttle&searcher=pathways&filter_species=Mus+musculus
PathBank,Galactose Metabolism,https://pathbank.org/search?q=Galactose%20Metabolism&searcher=pathways&filter_species=Mus+musculus
PathBank,Glycine and Serine Metabolism,https://pathbank.org/search?q=Glycine%20and%20Serine%20Metabolism&searcher=pathways&filter_species=Mus+musculus
PathBank,Homocysteine Degradation,https://pathbank.org/search?q=Homocysteine%20Degradation&searcher=pathways&filter_species=Mus+musculus
PathBank,Inositol Metabolism,https://pathbank.org/search?q=Inositol%20Metabolism&searcher=pathways&filter_species=Mus+musculus
PathBank,Inositol Phosphate Metabolism,https://pathbank.org/search?q=Inositol%20Phosphate%20Metabolism&searcher=pathways&filter_species=Mus+musculus
PathBank,Ketone Body Metabolism,https://pathbank.org/search?q=Ketone%20Body%20Metabolism&searcher=pathways&filter_species=Mus+musculus
PathBank,Histidine Metabolism,https://pathbank.org/search?q=Histidine%20Metabolism&searcher=pathways&filter_species=Mus+musculus
PathBank,Lactose Degradation,https://pathbank.org/search?q=Lactose%20Degradation&searcher=pathways&filter_species=Mus+musculus
PathBank,Lactose Synthesis,https://pathbank.org/search?q=Lactose%20Synthesis&searcher=pathways&filter_species=Mus+musculus
PathBank,Lysine Degradation,https://pathbank.org/search?q=Lysine%20Degradation&searcher=pathways&filter_species=Mus+musculus
PathBank,Malate-Aspartate Shuttle,https://pathbank.org/search?q=Malate-Aspartate%20Shuttle&searcher=pathways&filter_species=Mus+musculus
PathBank,Methionine Metabolism,https://pathbank.org/search?q=Methionine%20Metabolism&searcher=pathways&filter_species=Mus+musculus
PathBank,Mitochondrial Beta-Oxidation of Long Chain Saturated Fatty Acids,https://pathbank.org/search?q=Mitochondrial%20Beta-Oxidation%20of%20Long%20Chain%20Saturated%20Fatty%20Acids&searcher=pathways&filter_species=Mus+musculus
PathBank,Mitochondrial Beta-Oxidation of Medium Chain Saturated Fatty Acids,https://pathbank.org/search?q=Mitochondrial%20Beta-Oxidation%20of%20Medium%20Chain%20Saturated%20Fatty%20Acids&searcher=pathways&filter_species=Mus+musculus
PathBank,Mitochondrial Beta-Oxidation of Short Chain Saturated Fatty Acids,https://pathbank.org/search?q=Mitochondrial%20Beta-Oxidation%20of%20Short%20Chain%20Saturated%20Fatty%20Acids&searcher=pathways&filter_species=Mus+musculus
PathBank,Nicotinate and Nicotinamide Metabolism,https://pathbank.org/search?q=Nicotinate%20and%20Nicotinamide%20Metabolism&searcher=pathways&filter_species=Mus+musculus
PathBank,Nucleotide Excision Repair,https://pathbank.org/search?q=Nucleotide%20Excision%20Repair&searcher=pathways&filter_species=Mus+musculus
PathBank,Nucleotide Sugars Metabolism,https://pathbank.org/search?q=Nucleotide%20Sugars%20Metabolism&searcher=pathways&filter_species=Mus+musculus
PathBank,Pantothenate and CoA Biosynthesis,https://pathbank.org/search?q=Pantothenate%20and%20CoA%20Biosynthesis&searcher=pathways&filter_species=Mus+musculus
PathBank,Mitochondrial Electron Transport Chain,https://pathbank.org/search?q=Mitochondrial%20Electron%20Transport%20Chain&searcher=pathways&filter_species=Mus+musculus
PathBank,Phenylalanine and Tyrosine Metabolism,https://pathbank.org/search?q=Phenylalanine%20and%20Tyrosine%20Metabolism&searcher=pathways&filter_species=Mus+musculus
PathBank,Phenylacetate Metabolism,https://pathbank.org/search?q=Phenylacetate%20Metabolism&searcher=pathways&filter_species=Mus+musculus
PathBank,Phosphatidylinositol Phosphate Metabolism,https://pathbank.org/search?q=Phosphatidylinositol%20Phosphate%20Metabolism&searcher=pathways&filter_species=Mus+musculus
PathBank,Phospholipid Biosynthesis,https://pathbank.org/search?q=Phospholipid%20Biosynthesis&searcher=pathways&filter_species=Mus+musculus
PathBank,Phytanic Acid Peroxisomal Oxidation,https://pathbank.org/search?q=Phytanic%20Acid%20Peroxisomal%20Oxidation&searcher=pathways&filter_species=Mus+musculus
PathBank,Plasmalogen Synthesis,https://pathbank.org/search?q=Plasmalogen%20Synthesis&searcher=pathways&filter_species=Mus+musculus
PathBank,Porphyrin Metabolism,https://pathbank.org/search?q=Porphyrin%20Metabolism&searcher=pathways&filter_species=Mus+musculus
PathBank,Propanoate Metabolism,https://pathbank.org/search?q=Propanoate%20Metabolism&searcher=pathways&filter_species=Mus+musculus
PathBank,Pterine Biosynthesis,https://pathbank.org/search?q=Pterine%20Biosynthesis&searcher=pathways&filter_species=Mus+musculus
PathBank,Pyrimidine Metabolism,https://pathbank.org/search?q=Pyrimidine%20Metabolism&searcher=pathways&filter_species=Mus+musculus
PathBank,Pyruvaldehyde Degradation,https://pathbank.org/search?q=Pyruvaldehyde%20Degradation&searcher=pathways&filter_species=Mus+musculus
PathBank,Pyruvate Metabolism,https://pathbank.org/search?q=Pyruvate%20Metabolism&searcher=pathways&filter_species=Mus+musculus
PathBank,Retinol Metabolism,https://pathbank.org/search?q=Retinol%20Metabolism&searcher=pathways&filter_species=Mus+musculus
PathBank,Riboflavin Metabolism,https://pathbank.org/search?q=Riboflavin%20Metabolism&searcher=pathways&filter_species=Mus+musculus
PathBank,Sphingolipid Metabolism,https://pathbank.org/search?q=Sphingolipid%20Metabolism&searcher=pathways&filter_species=Mus+musculus
PathBank,Purine Metabolism,https://pathbank.org/search?q=Purine%20Metabolism&searcher=pathways&filter_species=Mus+musculus
PathBank,Steroid Biosynthesis,https://pathbank.org/search?q=Steroid%20Biosynthesis&searcher=pathways&filter_species=Mus+musculus
PathBank,Spermidine and Spermine Biosynthesis,https://pathbank.org/search?q=Spermidine%20and%20Spermine%20Biosynthesis&searcher=pathways&filter_species=Mus+musculus
PathBank,Steroidogenesis,https://pathbank.org/search?q=Steroidogenesis&searcher=pathways&filter_species=Mus+musculus
PathBank,Starch and Sucrose Metabolism,https://pathbank.org/search?q=Starch%20and%20Sucrose%20Metabolism&searcher=pathways&filter_species=Mus+musculus
PathBank,Taurine and Hypotaurine Metabolism,https://pathbank.org/search?q=Taurine%20and%20Hypotaurine%20Metabolism&searcher=pathways&filter_species=Mus+musculus
PathBank,Thiamine Metabolism,https://pathbank.org/search?q=Thiamine%20Metabolism&searcher=pathways&filter_species=Mus+musculus
PathBank,Threonine and 2-Oxobutanoate Degradation,https://pathbank.org/search?q=Threonine%20and%202-Oxobutanoate%20Degradation&searcher=pathways&filter_species=Mus+musculus
PathBank,Thyroid hormone synthesis,https://pathbank.org/search?q=Thyroid%20hormone%20synthesis&searcher=pathways&filter_species=Mus+musculus
PathBank,Transfer of Acetyl Groups into Mitochondria,https://pathbank.org/search?q=Transfer%20of%20Acetyl%20Groups%20into%20Mitochondria&searcher=pathways&filter_species=Mus+musculus
PathBank,Trehalose Degradation,https://pathbank.org/search?q=Trehalose%20Degradation&searcher=pathways&filter_species=Mus+musculus
PathBank,Tyrosine Metabolism,https://pathbank.org/search?q=Tyrosine%20Metabolism&searcher=pathways&filter_species=Mus+musculus
PathBank,Ubiquinone Biosynthesis,https://pathbank.org/search?q=Ubiquinone%20Biosynthesis&searcher=pathways&filter_species=Mus+musculus
PathBank,Urea Cycle,https://pathbank.org/search?q=Urea%20Cycle&searcher=pathways&filter_species=Mus+musculus
PathBank,Androstenedione Metabolism,https://pathbank.org/search?q=Androstenedione%20Metabolism&searcher=pathways&filter_species=Mus+musculus
PathBank,"Valine, Leucine, and Isoleucine Degradation",https://pathbank.org/search?q=Valine%2C%20Leucine%2C%20and%20Isoleucine%20Degradation&searcher=pathways&filter_species=Mus+musculus
PathBank,Sulfate/Sulfite Metabolism,https://pathbank.org/search?q=Sulfate%2FSulfite%20Metabolism&searcher=pathways&filter_species=Mus+musculus
PathBank,Cardiolipin Biosynthesis,https://pathbank.org/search?q=Cardiolipin%20Biosynthesis&searcher=pathways&filter_species=Mus+musculus
PathBank,Phosphatidylcholine Biosynthesis,https://pathbank.org/search?q=Phosphatidylcholine%20Biosynthesis&searcher=pathways&filter_species=Mus+musculus
PathBank,Tryptophan Metabolism,https://pathbank.org/search?q=Tryptophan%20Metabolism&searcher=pathways&filter_species=Mus+musculus
PathBank,De Novo Triacylglycerol Biosynthesis,https://pathbank.org/search?q=De%20Novo%20Triacylglycerol%20Biosynthesis&searcher=pathways&filter_species=Mus+musculus
PathBank,Estrone Metabolism,https://pathbank.org/search?q=Estrone%20Metabolism&searcher=pathways&filter_species=Mus+musculus
PathBank,Phosphatidylethanolamine Biosynthesis,https://pathbank.org/search?q=Phosphatidylethanolamine%20Biosynthesis&searcher=pathways&filter_species=Mus+musculus
PathBank,Ascorbate Biosynthesis,https://pathbank.org/search?q=Ascorbate%20Biosynthesis&searcher=pathways&filter_species=Mus+musculus
PathBank,Oxidation of Branched-Chain Fatty Acids,https://pathbank.org/search?q=Oxidation%20of%20Branched-Chain%20Fatty%20Acids&searcher=pathways&filter_species=Mus+musculus
PathBank,Warburg Effect,https://pathbank.org/search?q=Warburg%20Effect&searcher=pathways&filter_species=Mus+musculus
PathBank,Phospholipase C Signaling Pathway,https://pathbank.org/search?q=Phospholipase%20C%20Signaling%20Pathway&searcher=pathways&filter_species=Mus+musculus
PathBank,p53 Signaling Pathway,https://pathbank.org/search?q=p53%20Signaling%20Pathway&searcher=pathways&filter_species=Mus+musculus
PathBank,TNF/Stress Related Signaling,https://pathbank.org/search?q=TNF%2FStress%20Related%20Signaling&searcher=pathways&filter_species=Mus+musculus
PathBank,Rac 1 cell motility signaling pathway,https://pathbank.org/search?q=Rac%201%20cell%20motility%20signaling%20pathway&searcher=pathways&filter_species=Mus+musculus
PathBank,Dopamine Activation of Neurological Reward System,https://pathbank.org/search?q=Dopamine%20Activation%20of%20Neurological%20Reward%20System&searcher=pathways&filter_species=Mus+musculus
PathBank,Intracellular Signalling Through PGD2 receptor and Prostaglandin D2,https://pathbank.org/search?q=Intracellular%20Signalling%20Through%20PGD2%20receptor%20and%20Prostaglandin%20D2&searcher=pathways&filter_species=Mus+musculus
PathBank,Intracellular Signalling Through Prostacyclin Receptor and Prostacyclin,https://pathbank.org/search?q=Intracellular%20Signalling%20Through%20Prostacyclin%20Receptor%20and%20Prostacyclin&searcher=pathways&filter_species=Mus+musculus
PathBank,Leucine Stimulation on Insulin Signaling,https://pathbank.org/search?q=Leucine%20Stimulation%20on%20Insulin%20Signaling&searcher=pathways&filter_species=Mus+musculus
PathBank,Activation of PKC Through G Protein-Coupled Receptor,https://pathbank.org/search?q=Activation%20of%20PKC%20Through%20G%20Protein-Coupled%20Receptor&searcher=pathways&filter_species=Mus+musculus
PathBank,Histamine H1 Receptor Activation,https://pathbank.org/search?q=Histamine%20H1%20Receptor%20Activation&searcher=pathways&filter_species=Mus+musculus
PathBank,Corticotropin Activation of Cortisol Production,https://pathbank.org/search?q=Corticotropin%20Activation%20of%20Cortisol%20Production&searcher=pathways&filter_species=Mus+musculus
PathBank,Excitatory Neural Signalling Through 5-HTR 4 and Serotonin,https://pathbank.org/search?q=Excitatory%20Neural%20Signalling%20Through%205-HTR%204%20and%20Serotonin&searcher=pathways&filter_species=Mus+musculus
PathBank,Excitatory Neural Signalling Through 5-HTR 7 and Serotonin,https://pathbank.org/search?q=Excitatory%20Neural%20Signalling%20Through%205-HTR%207%20and%20Serotonin&searcher=pathways&filter_species=Mus+musculus
PathBank,Excitatory Neural Signalling Through 5-HTR 6 and Serotonin,https://pathbank.org/search?q=Excitatory%20Neural%20Signalling%20Through%205-HTR%206%20and%20Serotonin&searcher=pathways&filter_species=Mus+musculus
PathBank,Intracellular Signalling Through Adenosine Receptor A2a and Adenosine,https://pathbank.org/search?q=Intracellular%20Signalling%20Through%20Adenosine%20Receptor%20A2a%20and%20Adenosine&searcher=pathways&filter_species=Mus+musculus
PathBank,Intracellular Signalling Through Adenosine Receptor A2b and Adenosine,https://pathbank.org/search?q=Intracellular%20Signalling%20Through%20Adenosine%20Receptor%20A2b%20and%20Adenosine&searcher=pathways&filter_species=Mus+musculus
PathBank,Vasopressin Regulation of Water Homeostasis,https://pathbank.org/search?q=Vasopressin%20Regulation%20of%20Water%20Homeostasis&searcher=pathways&filter_species=Mus+musculus
PathBank,Intracellular Signalling Through FSH Receptor and Follicle Stimulating Hormone,https://pathbank.org/search?q=Intracellular%20Signalling%20Through%20FSH%20Receptor%20and%20Follicle%20Stimulating%20Hormone&searcher=pathways&filter_species=Mus+musculus
PathBank,Intracellular Signalling Through LHCGR Receptor and Luteinizing Hormone/Choriogonadotropin,https://pathbank.org/search?q=Intracellular%20Signalling%20Through%20LHCGR%20Receptor%20and%20Luteinizing%20Hormone%2FChoriogonadotropin&searcher=pathways&filter_species=Mus+musculus
PathBank,Fc Epsilon Receptor I Signaling in Mast Cells,https://pathbank.org/search?q=Fc%20Epsilon%20Receptor%20I%20Signaling%20in%20Mast%20Cells&searcher=pathways&filter_species=Mus+musculus
PathBank,Insulin Signalling,https://pathbank.org/search?q=Insulin%20Signalling&searcher=pathways&filter_species=Mus+musculus
PathBank,Lysophosphatidic Acid LPA1 Signalling,https://pathbank.org/search?q=Lysophosphatidic%20Acid%20LPA1%20Signalling&searcher=pathways&filter_species=Mus+musculus
PathBank,Lysophosphatidic Acid LPA2 Signalling,https://pathbank.org/search?q=Lysophosphatidic%20Acid%20LPA2%20Signalling&searcher=pathways&filter_species=Mus+musculus
PathBank,Lysophosphatidic Acid LPA3 Signalling,https://pathbank.org/search?q=Lysophosphatidic%20Acid%20LPA3%20Signalling&searcher=pathways&filter_species=Mus+musculus
PathBank,Lysophosphatidic Acid LPA4 Signalling,https://pathbank.org/search?q=Lysophosphatidic%20Acid%20LPA4%20Signalling&searcher=pathways&filter_species=Mus+musculus
PathBank,Lysophosphatidic Acid LPA5 Signalling,https://pathbank.org/search?q=Lysophosphatidic%20Acid%20LPA5%20Signalling&searcher=pathways&filter_species=Mus+musculus
PathBank,Lysophosphatidic Acid LPA6 Signalling,https://pathbank.org/search?q=Lysophosphatidic%20Acid%20LPA6%20Signalling&searcher=pathways&filter_species=Mus+musculus
PathBank,"Activation of cAMP-dependent protein kinase, PKA",https://pathbank.org/search?q=Activation%20of%20cAMP-dependent%20protein%20kinase%2C%20PKA&searcher=pathways&filter_species=Mus+musculus
PathBank,Ahr Signal Transduction Pathway,https://pathbank.org/search?q=Ahr%20Signal%20Transduction%20Pathway&searcher=pathways&filter_species=Mus+musculus
PathBank,Apoptotic DNA Fragmentation and Tissue Homeostasis,https://pathbank.org/search?q=Apoptotic%20DNA%20Fragmentation%20and%20Tissue%20Homeostasis&searcher=pathways&filter_species=Mus+musculus
PathBank,BTG Family Proteins and Cell Cycle Regulation,https://pathbank.org/search?q=BTG%20Family%20Proteins%20and%20Cell%20Cycle%20Regulation&searcher=pathways&filter_species=Mus+musculus
PathBank,Nitric Oxide Signaling Pathway,https://pathbank.org/search?q=Nitric%20Oxide%20Signaling%20Pathway&searcher=pathways&filter_species=Mus+musculus
PathBank,Ion Channels and Their Functional Role in Vascular Endothelium,https://pathbank.org/search?q=Ion%20Channels%20and%20Their%20Functional%20Role%20in%20Vascular%20Endothelium&searcher=pathways&filter_species=Mus+musculus
PathBank,Ras Signaling Pathway,https://pathbank.org/search?q=Ras%20Signaling%20Pathway&searcher=pathways&filter_species=Mus+musculus
PathBank,Cadmium Induces DNA Synthesis and Proliferation in Macrophages,https://pathbank.org/search?q=Cadmium%20Induces%20DNA%20Synthesis%20and%20Proliferation%20in%20Macrophages&searcher=pathways&filter_species=Mus+musculus
PathBank,The Oncogenic Action of 2-Hydroxyglutarate,https://pathbank.org/search?q=The%20Oncogenic%20Action%20of%202-Hydroxyglutarate&searcher=pathways&filter_species=Mus+musculus
PathBank,Glutaminolysis and Cancer,https://pathbank.org/search?q=Glutaminolysis%20and%20Cancer&searcher=pathways&filter_species=Mus+musculus
PathBank,Sarcosine Oncometabolite Pathway,https://pathbank.org/search?q=Sarcosine%20Oncometabolite%20Pathway&searcher=pathways&filter_species=Mus+musculus
PathBank,Protein Synthesis: Phenylalanine,https://pathbank.org/search?q=Protein%20Synthesis%3A%20Phenylalanine&searcher=pathways&filter_species=Mus+musculus
PathBank,Kidney Function,https://pathbank.org/search?q=Kidney%20Function&searcher=pathways&filter_species=Mus+musculus
PathBank,Coagulation,https://pathbank.org/search?q=Coagulation&searcher=pathways&filter_species=Mus+musculus
PathBank,Muscle/Heart Contraction,https://pathbank.org/search?q=Muscle%2FHeart%20Contraction&searcher=pathways&filter_species=Mus+musculus
PathBank,Angiotensin Metabolism,https://pathbank.org/search?q=Angiotensin%20Metabolism&searcher=pathways&filter_species=Mus+musculus
PathBank,Pancreas Function,https://pathbank.org/search?q=Pancreas%20Function&searcher=pathways&filter_species=Mus+musculus
PathBank,Gastric Acid Production,https://pathbank.org/search?q=Gastric%20Acid%20Production&searcher=pathways&filter_species=Mus+musculus
PathBank,Circadian Rhythms,https://pathbank.org/search?q=Circadian%20Rhythms&searcher=pathways&filter_species=Mus+musculus
PathBank,Hop Pathway in Cardiac Development,https://pathbank.org/search?q=Hop%20Pathway%20in%20Cardiac%20Development&searcher=pathways&filter_species=Mus+musculus
PathBank,17-beta Hydroxysteroid Dehydrogenase III Deficiency,https://pathbank.org/search?q=17-beta%20Hydroxysteroid%20Dehydrogenase%20III%20Deficiency&searcher=pathways&filter_species=Mus+musculus
PathBank,2-Hydroxyglutric Aciduria (D and L Form),https://pathbank.org/search?q=2-Hydroxyglutric%20Aciduria%20%28D%20and%20L%20Form%29&searcher=pathways&filter_species=Mus+musculus
PathBank,2-Methyl-3-hydroxybutryl-CoA Dehydrogenase Deficiency,https://pathbank.org/search?q=2-Methyl-3-hydroxybutryl-CoA%20Dehydrogenase%20Deficiency&searcher=pathways&filter_species=Mus+musculus
PathBank,3-Hydroxy-3-methylglutaryl-CoA Lyase Deficiency,https://pathbank.org/search?q=3-Hydroxy-3-methylglutaryl-CoA%20Lyase%20Deficiency&searcher=pathways&filter_species=Mus+musculus
PathBank,3-Methylcrotonyl-CoA Carboxylase Deficiency Type I,https://pathbank.org/search?q=3-Methylcrotonyl-CoA%20Carboxylase%20Deficiency%20Type%20I&searcher=pathways&filter_species=Mus+musculus
PathBank,3-Methylglutaconic Aciduria Type I,https://pathbank.org/search?q=3-Methylglutaconic%20Aciduria%20Type%20I&searcher=pathways&filter_species=Mus+musculus
PathBank,3-Methylglutaconic Aciduria Type III,https://pathbank.org/search?q=3-Methylglutaconic%20Aciduria%20Type%20III&searcher=pathways&filter_species=Mus+musculus
PathBank,3-Methylglutaconic Aciduria Type IV,https://pathbank.org/search?q=3-Methylglutaconic%20Aciduria%20Type%20IV&searcher=pathways&filter_species=Mus+musculus
PathBank,4-Hydroxybutyric Aciduria/Succinic Semialdehyde Dehydrogenase Deficiency,https://pathbank.org/search?q=4-Hydroxybutyric%20Aciduria%2FSuccinic%20Semialdehyde%20Dehydrogenase%20Deficiency&searcher=pathways&filter_species=Mus+musculus
PathBank,5-Oxoprolinuria,https://pathbank.org/search?q=5-Oxoprolinuria&searcher=pathways&filter_species=Mus+musculus
PathBank,Acute Intermittent Porphyria,https://pathbank.org/search?q=Acute%20Intermittent%20Porphyria&searcher=pathways&filter_species=Mus+musculus
PathBank,Adenosine Deaminase Deficiency,https://pathbank.org/search?q=Adenosine%20Deaminase%20Deficiency&searcher=pathways&filter_species=Mus+musculus
PathBank,Adenylosuccinate Lyase Deficiency,https://pathbank.org/search?q=Adenylosuccinate%20Lyase%20Deficiency&searcher=pathways&filter_species=Mus+musculus
PathBank,Adrenal Hyperplasia Type 3 or Congenital Adrenal Hyperplasia Due to 21-Hydroxylase Deficiency,https://pathbank.org/search?q=Adrenal%20Hyperplasia%20Type%203%20or%20Congenital%20Adrenal%20Hyperplasia%20Due%20to%2021-Hydroxylase%20Deficiency&searcher=pathways&filter_species=Mus+musculus
PathBank,Adrenal Hyperplasia Type 5 or Congenital Adrenal Hyperplasia Due to 17 alpha-Hydroxylase Deficiency,https://pathbank.org/search?q=Adrenal%20Hyperplasia%20Type%205%20or%20Congenital%20Adrenal%20Hyperplasia%20Due%20to%2017%20alpha-Hydroxylase%20Deficiency&searcher=pathways&filter_species=Mus+musculus
PathBank,AICA-Ribosiduria,https://pathbank.org/search?q=AICA-Ribosiduria&searcher=pathways&filter_species=Mus+musculus
PathBank,Alkaptonuria,https://pathbank.org/search?q=Alkaptonuria&searcher=pathways&filter_species=Mus+musculus
PathBank,Arginine: Glycine Amidinotransferase Deficiency (AGAT Deficiency),https://pathbank.org/search?q=Arginine%3A%20Glycine%20Amidinotransferase%20Deficiency%20%28AGAT%20Deficiency%29&searcher=pathways&filter_species=Mus+musculus
PathBank,Argininemia,https://pathbank.org/search?q=Argininemia&searcher=pathways&filter_species=Mus+musculus
PathBank,Argininosuccinic Aciduria,https://pathbank.org/search?q=Argininosuccinic%20Aciduria&searcher=pathways&filter_species=Mus+musculus
PathBank,Aromatic L-Aminoacid Decarboxylase Deficiency,https://pathbank.org/search?q=Aromatic%20L-Aminoacid%20Decarboxylase%20Deficiency&searcher=pathways&filter_species=Mus+musculus
PathBank,beta-Ureidopropionase Deficiency,https://pathbank.org/search?q=beta-Ureidopropionase%20Deficiency&searcher=pathways&filter_species=Mus+musculus
PathBank,beta-Ketothiolase Deficiency,https://pathbank.org/search?q=beta-Ketothiolase%20Deficiency&searcher=pathways&filter_species=Mus+musculus
PathBank,Biotinidase Deficiency,https://pathbank.org/search?q=Biotinidase%20Deficiency&searcher=pathways&filter_species=Mus+musculus
PathBank,Canavan Disease,https://pathbank.org/search?q=Canavan%20Disease&searcher=pathways&filter_species=Mus+musculus
PathBank,Carbamoyl Phosphate Synthetase Deficiency,https://pathbank.org/search?q=Carbamoyl%20Phosphate%20Synthetase%20Deficiency&searcher=pathways&filter_species=Mus+musculus
PathBank,Cerebrotendinous Xanthomatosis (CTX),https://pathbank.org/search?q=Cerebrotendinous%20Xanthomatosis%20%28CTX%29&searcher=pathways&filter_species=Mus+musculus
PathBank,CHILD Syndrome,https://pathbank.org/search?q=CHILD%20Syndrome&searcher=pathways&filter_species=Mus+musculus
PathBank,"Chondrodysplasia Punctata II, X-Linked Dominant (CDPX2)",https://pathbank.org/search?q=Chondrodysplasia%20Punctata%20II%2C%20X-Linked%20Dominant%20%28CDPX2%29&searcher=pathways&filter_species=Mus+musculus
PathBank,Citrullinemia Type I,https://pathbank.org/search?q=Citrullinemia%20Type%20I&searcher=pathways&filter_species=Mus+musculus
PathBank,Congenital Bile Acid Synthesis Defect Type II,https://pathbank.org/search?q=Congenital%20Bile%20Acid%20Synthesis%20Defect%20Type%20II&searcher=pathways&filter_species=Mus+musculus
PathBank,Congenital Bile Acid Synthesis Defect Type III,https://pathbank.org/search?q=Congenital%20Bile%20Acid%20Synthesis%20Defect%20Type%20III&searcher=pathways&filter_species=Mus+musculus
PathBank,Congenital Erythropoietic Porphyria (CEP) or Gunther Disease,https://pathbank.org/search?q=Congenital%20Erythropoietic%20Porphyria%20%28CEP%29%20or%20Gunther%20Disease&searcher=pathways&filter_species=Mus+musculus
PathBank,Congenital Lipoid Adrenal Hyperplasia (CLAH) or Lipoid CAH,https://pathbank.org/search?q=Congenital%20Lipoid%20Adrenal%20Hyperplasia%20%28CLAH%29%20or%20Lipoid%20CAH&searcher=pathways&filter_species=Mus+musculus
PathBank,Cystathionine beta-Synthase Deficiency,https://pathbank.org/search?q=Cystathionine%20beta-Synthase%20Deficiency&searcher=pathways&filter_species=Mus+musculus
PathBank,Desmosterolosis,https://pathbank.org/search?q=Desmosterolosis&searcher=pathways&filter_species=Mus+musculus
PathBank,Dihydropyrimidinase Deficiency,https://pathbank.org/search?q=Dihydropyrimidinase%20Deficiency&searcher=pathways&filter_species=Mus+musculus
PathBank,Dihydropyrimidine Dehydrogenase Deficiency (DHPD),https://pathbank.org/search?q=Dihydropyrimidine%20Dehydrogenase%20Deficiency%20%28DHPD%29&searcher=pathways&filter_species=Mus+musculus
PathBank,Dimethylglycine Dehydrogenase Deficiency,https://pathbank.org/search?q=Dimethylglycine%20Dehydrogenase%20Deficiency&searcher=pathways&filter_species=Mus+musculus
PathBank,Ethylmalonic Encephalopathy,https://pathbank.org/search?q=Ethylmalonic%20Encephalopathy&searcher=pathways&filter_species=Mus+musculus
PathBank,Familial Hypercholanemia (FHCA),https://pathbank.org/search?q=Familial%20Hypercholanemia%20%28FHCA%29&searcher=pathways&filter_species=Mus+musculus
PathBank,GABA-Transaminase Deficiency,https://pathbank.org/search?q=GABA-Transaminase%20Deficiency&searcher=pathways&filter_species=Mus+musculus
PathBank,Galactosemia,https://pathbank.org/search?q=Galactosemia&searcher=pathways&filter_species=Mus+musculus
PathBank,gamma-Glutamyltransferase Deficiency,https://pathbank.org/search?q=gamma-Glutamyltransferase%20Deficiency&searcher=pathways&filter_species=Mus+musculus
PathBank,Gaucher Disease,https://pathbank.org/search?q=Gaucher%20Disease&searcher=pathways&filter_species=Mus+musculus
PathBank,Globoid Cell Leukodystrophy,https://pathbank.org/search?q=Globoid%20Cell%20Leukodystrophy&searcher=pathways&filter_species=Mus+musculus
PathBank,Glucose Transporter Defect (SGLT2),https://pathbank.org/search?q=Glucose%20Transporter%20Defect%20%28SGLT2%29&searcher=pathways&filter_species=Mus+musculus
PathBank,Glutaric Aciduria Type I,https://pathbank.org/search?q=Glutaric%20Aciduria%20Type%20I&searcher=pathways&filter_species=Mus+musculus
PathBank,Glutathione Synthetase Deficiency,https://pathbank.org/search?q=Glutathione%20Synthetase%20Deficiency&searcher=pathways&filter_species=Mus+musculus
PathBank,Glycerol Kinase Deficiency,https://pathbank.org/search?q=Glycerol%20Kinase%20Deficiency&searcher=pathways&filter_species=Mus+musculus
PathBank,Glycine N-Methyltransferase Deficiency,https://pathbank.org/search?q=Glycine%20N-Methyltransferase%20Deficiency&searcher=pathways&filter_species=Mus+musculus
PathBank,Glycogen Storage Disease Type 1A (GSD1A) or Von Gierke Disease,https://pathbank.org/search?q=Glycogen%20Storage%20Disease%20Type%201A%20%28GSD1A%29%20or%20Von%20Gierke%20Disease&searcher=pathways&filter_species=Mus+musculus
PathBank,Gout or Kelley-Seegmiller Syndrome,https://pathbank.org/search?q=Gout%20or%20Kelley-Seegmiller%20Syndrome&searcher=pathways&filter_species=Mus+musculus
PathBank,Guanidinoacetate Methyltransferase Deficiency (GAMT Deficiency),https://pathbank.org/search?q=Guanidinoacetate%20Methyltransferase%20Deficiency%20%28GAMT%20Deficiency%29&searcher=pathways&filter_species=Mus+musculus
PathBank,Hawkinsinuria,https://pathbank.org/search?q=Hawkinsinuria&searcher=pathways&filter_species=Mus+musculus
PathBank,Hereditary Coproporphyria (HCP),https://pathbank.org/search?q=Hereditary%20Coproporphyria%20%28HCP%29&searcher=pathways&filter_species=Mus+musculus
PathBank,Histidinemia,https://pathbank.org/search?q=Histidinemia&searcher=pathways&filter_species=Mus+musculus
PathBank,Homocarnosinosis,https://pathbank.org/search?q=Homocarnosinosis&searcher=pathways&filter_species=Mus+musculus
PathBank,Zellweger Syndrome,https://pathbank.org/search?q=Zellweger%20Syndrome&searcher=pathways&filter_species=Mus+musculus
PathBank,Hyperinsulinism-Hyperammonemia Syndrome,https://pathbank.org/search?q=Hyperinsulinism-Hyperammonemia%20Syndrome&searcher=pathways&filter_species=Mus+musculus
PathBank,Xanthine Dehydrogenase Deficiency (Xanthinuria),https://pathbank.org/search?q=Xanthine%20Dehydrogenase%20Deficiency%20%28Xanthinuria%29&searcher=pathways&filter_species=Mus+musculus
PathBank,Hypermethioninemia,https://pathbank.org/search?q=Hypermethioninemia&searcher=pathways&filter_species=Mus+musculus
PathBank,Hyperprolinemia Type I,https://pathbank.org/search?q=Hyperprolinemia%20Type%20I&searcher=pathways&filter_species=Mus+musculus
PathBank,Vitamin A Deficiency,https://pathbank.org/search?q=Vitamin%20A%20Deficiency&searcher=pathways&filter_species=Mus+musculus
PathBank,Hyperprolinemia Type II,https://pathbank.org/search?q=Hyperprolinemia%20Type%20II&searcher=pathways&filter_species=Mus+musculus
PathBank,Hypoacetylaspartia,https://pathbank.org/search?q=Hypoacetylaspartia&searcher=pathways&filter_species=Mus+musculus
PathBank,Isovaleric Aciduria,https://pathbank.org/search?q=Isovaleric%20Aciduria&searcher=pathways&filter_species=Mus+musculus
PathBank,Lactic Acidemia,https://pathbank.org/search?q=Lactic%20Acidemia&searcher=pathways&filter_species=Mus+musculus
PathBank,Lactose Intolerance,https://pathbank.org/search?q=Lactose%20Intolerance&searcher=pathways&filter_species=Mus+musculus
PathBank,Leigh Syndrome,https://pathbank.org/search?q=Leigh%20Syndrome&searcher=pathways&filter_species=Mus+musculus
PathBank,UMP Synthase Deficiency (Orotic Aciduria),https://pathbank.org/search?q=UMP%20Synthase%20Deficiency%20%28Orotic%20Aciduria%29&searcher=pathways&filter_species=Mus+musculus
PathBank,Lesch-Nyhan Syndrome (LNS),https://pathbank.org/search?q=Lesch-Nyhan%20Syndrome%20%28LNS%29&searcher=pathways&filter_species=Mus+musculus
PathBank,Tyrosinemia Type I,https://pathbank.org/search?q=Tyrosinemia%20Type%20I&searcher=pathways&filter_species=Mus+musculus
PathBank,Leukotriene C4 Synthesis Deficiency,https://pathbank.org/search?q=Leukotriene%20C4%20Synthesis%20Deficiency&searcher=pathways&filter_species=Mus+musculus
PathBank,Tyrosinemia Type 3 (TYRO3),https://pathbank.org/search?q=Tyrosinemia%20Type%203%20%28TYRO3%29&searcher=pathways&filter_species=Mus+musculus
PathBank,Lysosomal Acid Lipase Deficiency (Wolman Disease),https://pathbank.org/search?q=Lysosomal%20Acid%20Lipase%20Deficiency%20%28Wolman%20Disease%29&searcher=pathways&filter_species=Mus+musculus
PathBank,Tyrosinemia Type 2 (or Richner-Hanhart Syndrome),https://pathbank.org/search?q=Tyrosinemia%20Type%202%20%28or%20Richner-Hanhart%20Syndrome%29&searcher=pathways&filter_species=Mus+musculus
PathBank,Malonic Aciduria,https://pathbank.org/search?q=Malonic%20Aciduria&searcher=pathways&filter_species=Mus+musculus
PathBank,Smith-Lemli-Opitz Syndrome (SLOS),https://pathbank.org/search?q=Smith-Lemli-Opitz%20Syndrome%20%28SLOS%29&searcher=pathways&filter_species=Mus+musculus
PathBank,Maple Syrup Urine Disease,https://pathbank.org/search?q=Maple%20Syrup%20Urine%20Disease&searcher=pathways&filter_species=Mus+musculus
PathBank,Sialuria or French Type Sialuria,https://pathbank.org/search?q=Sialuria%20or%20French%20Type%20Sialuria&searcher=pathways&filter_species=Mus+musculus
PathBank,Metachromatic Leukodystrophy (MLD),https://pathbank.org/search?q=Metachromatic%20Leukodystrophy%20%28MLD%29&searcher=pathways&filter_species=Mus+musculus
PathBank,Methionine Adenosyltransferase Deficiency,https://pathbank.org/search?q=Methionine%20Adenosyltransferase%20Deficiency&searcher=pathways&filter_species=Mus+musculus
PathBank,Short-Chain Acyl-CoA Dehydrogenase Deficiency (SCAD Deficiency),https://pathbank.org/search?q=Short-Chain%20Acyl-CoA%20Dehydrogenase%20Deficiency%20%28SCAD%20Deficiency%29&searcher=pathways&filter_species=Mus+musculus
PathBank,Sarcosinemia,https://pathbank.org/search?q=Sarcosinemia&searcher=pathways&filter_species=Mus+musculus
PathBank,Methylenetetrahydrofolate Reductase Deficiency (MTHFRD),https://pathbank.org/search?q=Methylenetetrahydrofolate%20Reductase%20Deficiency%20%28MTHFRD%29&searcher=pathways&filter_species=Mus+musculus
PathBank,Methylmalonate Semialdehyde Dehydrogenase Deficiency,https://pathbank.org/search?q=Methylmalonate%20Semialdehyde%20Dehydrogenase%20Deficiency&searcher=pathways&filter_species=Mus+musculus
PathBank,Salla Disease/Infantile Sialic Acid Storage Disease,https://pathbank.org/search?q=Salla%20Disease%2FInfantile%20Sialic%20Acid%20Storage%20Disease&searcher=pathways&filter_species=Mus+musculus
PathBank,Methylmalonic Aciduria,https://pathbank.org/search?q=Methylmalonic%20Aciduria&searcher=pathways&filter_species=Mus+musculus
PathBank,Saccharopinuria/Hyperlysinemia II,https://pathbank.org/search?q=Saccharopinuria%2FHyperlysinemia%20II&searcher=pathways&filter_species=Mus+musculus
PathBank,S-Adenosylhomocysteine (SAH) Hydrolase Deficiency,https://pathbank.org/search?q=S-Adenosylhomocysteine%20%28SAH%29%20Hydrolase%20Deficiency&searcher=pathways&filter_species=Mus+musculus
PathBank,Methylmalonic Aciduria Due to Cobalamin-Related Disorders,https://pathbank.org/search?q=Methylmalonic%20Aciduria%20Due%20to%20Cobalamin-Related%20Disorders&searcher=pathways&filter_species=Mus+musculus
PathBank,Refsum Disease,https://pathbank.org/search?q=Refsum%20Disease&searcher=pathways&filter_species=Mus+musculus
PathBank,MNGIE (Mitochondrial Neurogastrointestinal Encephalopathy),https://pathbank.org/search?q=MNGIE%20%28Mitochondrial%20Neurogastrointestinal%20Encephalopathy%29&searcher=pathways&filter_species=Mus+musculus
PathBank,Pyruvate Dehydrogenase Complex Deficiency,https://pathbank.org/search?q=Pyruvate%20Dehydrogenase%20Complex%20Deficiency&searcher=pathways&filter_species=Mus+musculus
PathBank,Molybdenum Cofactor Deficiency,https://pathbank.org/search?q=Molybdenum%20Cofactor%20Deficiency&searcher=pathways&filter_species=Mus+musculus
PathBank,Pyruvate Decarboxylase E1 Component Deficiency (PDHE1 Deficiency),https://pathbank.org/search?q=Pyruvate%20Decarboxylase%20E1%20Component%20Deficiency%20%28PDHE1%20Deficiency%29&searcher=pathways&filter_species=Mus+musculus
PathBank,Non-Ketotic Hyperglycinemia,https://pathbank.org/search?q=Non-Ketotic%20Hyperglycinemia&searcher=pathways&filter_species=Mus+musculus
PathBank,Pyruvate Carboxylase Deficiency,https://pathbank.org/search?q=Pyruvate%20Carboxylase%20Deficiency&searcher=pathways&filter_species=Mus+musculus
PathBank,Purine Nucleoside Phosphorylase Deficiency,https://pathbank.org/search?q=Purine%20Nucleoside%20Phosphorylase%20Deficiency&searcher=pathways&filter_species=Mus+musculus
PathBank,Propionic Acidemia,https://pathbank.org/search?q=Propionic%20Acidemia&searcher=pathways&filter_species=Mus+musculus
PathBank,Ornithine Aminotransferase Deficiency (OAT Deficiency),https://pathbank.org/search?q=Ornithine%20Aminotransferase%20Deficiency%20%28OAT%20Deficiency%29&searcher=pathways&filter_species=Mus+musculus
PathBank,Prolinemia Type II,https://pathbank.org/search?q=Prolinemia%20Type%20II&searcher=pathways&filter_species=Mus+musculus
PathBank,Phenylketonuria,https://pathbank.org/search?q=Phenylketonuria&searcher=pathways&filter_species=Mus+musculus
PathBank,Prolidase Deficiency (PD),https://pathbank.org/search?q=Prolidase%20Deficiency%20%28PD%29&searcher=pathways&filter_species=Mus+musculus
PathBank,Ornithine Transcarbamylase Deficiency (OTC Deficiency),https://pathbank.org/search?q=Ornithine%20Transcarbamylase%20Deficiency%20%28OTC%20Deficiency%29&searcher=pathways&filter_species=Mus+musculus
PathBank,Primary Hyperoxaluria Type I,https://pathbank.org/search?q=Primary%20Hyperoxaluria%20Type%20I&searcher=pathways&filter_species=Mus+musculus
PathBank,Porphyria Variegata (PV),https://pathbank.org/search?q=Porphyria%20Variegata%20%28PV%29&searcher=pathways&filter_species=Mus+musculus
PathBank,Tay-Sachs Disease,https://pathbank.org/search?q=Tay-Sachs%20Disease&searcher=pathways&filter_species=Mus+musculus
PathBank,Hartnup Disorder,https://pathbank.org/search?q=Hartnup%20Disorder&searcher=pathways&filter_species=Mus+musculus
PathBank,Iminoglycinuria,https://pathbank.org/search?q=Iminoglycinuria&searcher=pathways&filter_species=Mus+musculus
PathBank,Lysinuric Protein Intolerance,https://pathbank.org/search?q=Lysinuric%20Protein%20Intolerance&searcher=pathways&filter_species=Mus+musculus
PathBank,Hypercholesterolemia,https://pathbank.org/search?q=Hypercholesterolemia&searcher=pathways&filter_species=Mus+musculus
PathBank,"Hyperglycinemia, Non-Ketotic",https://pathbank.org/search?q=Hyperglycinemia%2C%20Non-Ketotic&searcher=pathways&filter_species=Mus+musculus
PathBank,DOPA-Responsive Dystonia,https://pathbank.org/search?q=DOPA-Responsive%20Dystonia&searcher=pathways&filter_species=Mus+musculus
PathBank,Hyperphenylalaninemia Due to Guanosine Triphosphate Cyclohydrolase Deficiency,https://pathbank.org/search?q=Hyperphenylalaninemia%20Due%20to%20Guanosine%20Triphosphate%20Cyclohydrolase%20Deficiency&searcher=pathways&filter_species=Mus+musculus
PathBank,Hyperphenylalaninemia Due to 6-Pyruvoyltetrahydropterin Synthase Deficiency (ptps),https://pathbank.org/search?q=Hyperphenylalaninemia%20Due%20to%206-Pyruvoyltetrahydropterin%20Synthase%20Deficiency%20%28ptps%29&searcher=pathways&filter_species=Mus+musculus
PathBank,Hyperphenylalaninemia Due to DHPR-Deficiency,https://pathbank.org/search?q=Hyperphenylalaninemia%20Due%20to%20DHPR-Deficiency&searcher=pathways&filter_species=Mus+musculus
PathBank,Segawa Syndrome,https://pathbank.org/search?q=Segawa%20Syndrome&searcher=pathways&filter_species=Mus+musculus
PathBank,Sepiapterin Reductase Deficiency,https://pathbank.org/search?q=Sepiapterin%20Reductase%20Deficiency&searcher=pathways&filter_species=Mus+musculus
PathBank,"Carnosinuria, Carnosinemia",https://pathbank.org/search?q=Carnosinuria%2C%20Carnosinemia&searcher=pathways&filter_species=Mus+musculus
PathBank,"Tyrosinemia, Transient, of the Newborn",https://pathbank.org/search?q=Tyrosinemia%2C%20Transient%2C%20of%20the%20Newborn&searcher=pathways&filter_species=Mus+musculus
PathBank,Galactosemia II (GALK),https://pathbank.org/search?q=Galactosemia%20II%20%28GALK%29&searcher=pathways&filter_species=Mus+musculus
PathBank,Galactosemia III,https://pathbank.org/search?q=Galactosemia%20III&searcher=pathways&filter_species=Mus+musculus
PathBank,Tyrosine Hydroxylase Deficiency,https://pathbank.org/search?q=Tyrosine%20Hydroxylase%20Deficiency&searcher=pathways&filter_species=Mus+musculus
PathBank,Dopamine beta-Hydroxylase Deficiency,https://pathbank.org/search?q=Dopamine%20beta-Hydroxylase%20Deficiency&searcher=pathways&filter_species=Mus+musculus
PathBank,beta-Mercaptolactate-Cysteine Disulfiduria,https://pathbank.org/search?q=beta-Mercaptolactate-Cysteine%20Disulfiduria&searcher=pathways&filter_species=Mus+musculus
PathBank,5-Oxoprolinase Deficiency,https://pathbank.org/search?q=5-Oxoprolinase%20Deficiency&searcher=pathways&filter_species=Mus+musculus
PathBank,gamma-Glutamyltranspeptidase Deficiency,https://pathbank.org/search?q=gamma-Glutamyltranspeptidase%20Deficiency&searcher=pathways&filter_species=Mus+musculus
PathBank,Malonyl-CoA Decarboxylase Deficiency,https://pathbank.org/search?q=Malonyl-CoA%20Decarboxylase%20Deficiency&searcher=pathways&filter_species=Mus+musculus
PathBank,Hypophosphatasia,https://pathbank.org/search?q=Hypophosphatasia&searcher=pathways&filter_species=Mus+musculus
PathBank,"Creatine Deficiency, Guanidinoacetate Methyltransferase Deficiency",https://pathbank.org/search?q=Creatine%20Deficiency%2C%20Guanidinoacetate%20Methyltransferase%20Deficiency&searcher=pathways&filter_species=Mus+musculus
PathBank,Hyperornithinemia with Gyrate Atrophy (HOGA),https://pathbank.org/search?q=Hyperornithinemia%20with%20Gyrate%20Atrophy%20%28HOGA%29&searcher=pathways&filter_species=Mus+musculus
PathBank,Hyperornithinemia-Hyperammonemia-Homocitrullinuria [HHH-syndrome],https://pathbank.org/search?q=Hyperornithinemia-Hyperammonemia-Homocitrullinuria%20%5BHHH-syndrome%5D&searcher=pathways&filter_species=Mus+musculus
PathBank,L-Arginine:Glycine Amidinotransferase Deficiency,https://pathbank.org/search?q=L-Arginine%3AGlycine%20Amidinotransferase%20Deficiency&searcher=pathways&filter_species=Mus+musculus
PathBank,Cholesteryl Ester Storage Disease,https://pathbank.org/search?q=Cholesteryl%20Ester%20Storage%20Disease&searcher=pathways&filter_species=Mus+musculus
PathBank,Hyper-IgD Syndrome,https://pathbank.org/search?q=Hyper-IgD%20Syndrome&searcher=pathways&filter_species=Mus+musculus
PathBank,Mevalonic Aciduria,https://pathbank.org/search?q=Mevalonic%20Aciduria&searcher=pathways&filter_species=Mus+musculus
PathBank,Wolman Disease,https://pathbank.org/search?q=Wolman%20Disease&searcher=pathways&filter_species=Mus+musculus
PathBank,Xanthinuria Type I,https://pathbank.org/search?q=Xanthinuria%20Type%20I&searcher=pathways&filter_species=Mus+musculus
PathBank,Xanthinuria Type II,https://pathbank.org/search?q=Xanthinuria%20Type%20II&searcher=pathways&filter_species=Mus+musculus
PathBank,gamma-Cystathionase Deficiency (CTH),https://pathbank.org/search?q=gamma-Cystathionase%20Deficiency%20%28CTH%29&searcher=pathways&filter_species=Mus+musculus
PathBank,"Homocystinuria, Cystathionine beta-Synthase Deficiency",https://pathbank.org/search?q=Homocystinuria%2C%20Cystathionine%20beta-Synthase%20Deficiency&searcher=pathways&filter_species=Mus+musculus
PathBank,"Adrenoleukodystrophy, X-Linked",https://pathbank.org/search?q=Adrenoleukodystrophy%2C%20X-Linked&searcher=pathways&filter_species=Mus+musculus
PathBank,Carnitine-Acylcarnitine Translocase Deficiency,https://pathbank.org/search?q=Carnitine-Acylcarnitine%20Translocase%20Deficiency&searcher=pathways&filter_species=Mus+musculus
PathBank,Glucose-6-phosphate Dehydrogenase Deficiency,https://pathbank.org/search?q=Glucose-6-phosphate%20Dehydrogenase%20Deficiency&searcher=pathways&filter_species=Mus+musculus
PathBank,Ribose-5-phosphate Isomerase Deficiency,https://pathbank.org/search?q=Ribose-5-phosphate%20Isomerase%20Deficiency&searcher=pathways&filter_species=Mus+musculus
PathBank,Transaldolase Deficiency,https://pathbank.org/search?q=Transaldolase%20Deficiency&searcher=pathways&filter_species=Mus+musculus
PathBank,3-Hydroxyisobutyric Acid Dehydrogenase Deficiency,https://pathbank.org/search?q=3-Hydroxyisobutyric%20Acid%20Dehydrogenase%20Deficiency&searcher=pathways&filter_species=Mus+musculus
PathBank,3-Hydroxyisobutyric Aciduria,https://pathbank.org/search?q=3-Hydroxyisobutyric%20Aciduria&searcher=pathways&filter_species=Mus+musculus
PathBank,Isobutyryl-CoA Dehydrogenase Deficiency,https://pathbank.org/search?q=Isobutyryl-CoA%20Dehydrogenase%20Deficiency&searcher=pathways&filter_species=Mus+musculus
PathBank,Isovaleric Acidemia,https://pathbank.org/search?q=Isovaleric%20Acidemia&searcher=pathways&filter_species=Mus+musculus
PathBank,Fabry Disease,https://pathbank.org/search?q=Fabry%20Disease&searcher=pathways&filter_species=Mus+musculus
PathBank,Krabbe Disease,https://pathbank.org/search?q=Krabbe%20Disease&searcher=pathways&filter_species=Mus+musculus
PathBank,"Hyperlysinemia I, Familial",https://pathbank.org/search?q=Hyperlysinemia%20I%2C%20Familial&searcher=pathways&filter_species=Mus+musculus
PathBank,Hyperlysinemia II or Saccharopinuria,https://pathbank.org/search?q=Hyperlysinemia%20II%20or%20Saccharopinuria&searcher=pathways&filter_species=Mus+musculus
PathBank,D-Glyceric Acidura,https://pathbank.org/search?q=D-Glyceric%20Acidura&searcher=pathways&filter_species=Mus+musculus
PathBank,Familial Lipoprotein Lipase Deficiency,https://pathbank.org/search?q=Familial%20Lipoprotein%20Lipase%20Deficiency&searcher=pathways&filter_species=Mus+musculus
PathBank,"Glycogenosis, Type VII. Tarui Disease",https://pathbank.org/search?q=Glycogenosis%2C%20Type%20VII.%20Tarui%20Disease&searcher=pathways&filter_species=Mus+musculus
PathBank,Sulfite Oxidase Deficiency,https://pathbank.org/search?q=Sulfite%20Oxidase%20Deficiency&searcher=pathways&filter_species=Mus+musculus
PathBank,Monoamine Oxidase-A Deficiency (MAO-A),https://pathbank.org/search?q=Monoamine%20Oxidase-A%20Deficiency%20%28MAO-A%29&searcher=pathways&filter_species=Mus+musculus
PathBank,"G(M2)-Gangliosidosis: Variant B, Tay-Sachs Disease",https://pathbank.org/search?q=G%28M2%29-Gangliosidosis%3A%20Variant%20B%2C%20Tay-Sachs%20Disease&searcher=pathways&filter_species=Mus+musculus
PathBank,Adenine Phosphoribosyltransferase Deficiency (APRT),https://pathbank.org/search?q=Adenine%20Phosphoribosyltransferase%20Deficiency%20%28APRT%29&searcher=pathways&filter_species=Mus+musculus
PathBank,Mitochondrial DNA Depletion Syndrome,https://pathbank.org/search?q=Mitochondrial%20DNA%20Depletion%20Syndrome&searcher=pathways&filter_species=Mus+musculus
PathBank,Myoadenylate Deaminase Deficiency,https://pathbank.org/search?q=Myoadenylate%20Deaminase%20Deficiency&searcher=pathways&filter_species=Mus+musculus
PathBank,Carnitine Palmitoyl Transferase Deficiency I,https://pathbank.org/search?q=Carnitine%20Palmitoyl%20Transferase%20Deficiency%20I&searcher=pathways&filter_species=Mus+musculus
PathBank,Long Chain Acyl-CoA Dehydrogenase Deficiency (LCAD),https://pathbank.org/search?q=Long%20Chain%20Acyl-CoA%20Dehydrogenase%20Deficiency%20%28LCAD%29&searcher=pathways&filter_species=Mus+musculus
PathBank,Very-Long-Chain Acyl-CoA Dehydrogenase Deficiency (VLCAD),https://pathbank.org/search?q=Very-Long-Chain%20Acyl-CoA%20Dehydrogenase%20Deficiency%20%28VLCAD%29&searcher=pathways&filter_species=Mus+musculus
PathBank,Carnitine Palmitoyl Transferase Deficiency II,https://pathbank.org/search?q=Carnitine%20Palmitoyl%20Transferase%20Deficiency%20II&searcher=pathways&filter_species=Mus+musculus
PathBank,Medium Chain Acyl-CoA Dehydrogenase Deficiency (MCAD),https://pathbank.org/search?q=Medium%20Chain%20Acyl-CoA%20Dehydrogenase%20Deficiency%20%28MCAD%29&searcher=pathways&filter_species=Mus+musculus
PathBank,Long-Chain-3-Hydroxyacyl-CoA Dehydrogenase Deficiency (LCHAD),https://pathbank.org/search?q=Long-Chain-3-Hydroxyacyl-CoA%20Dehydrogenase%20Deficiency%20%28LCHAD%29&searcher=pathways&filter_species=Mus+musculus
PathBank,Trifunctional Protein Deficiency,https://pathbank.org/search?q=Trifunctional%20Protein%20Deficiency&searcher=pathways&filter_species=Mus+musculus
PathBank,Congenital Lactic Acidosis,https://pathbank.org/search?q=Congenital%20Lactic%20Acidosis&searcher=pathways&filter_species=Mus+musculus
PathBank,Fumarase Deficiency,https://pathbank.org/search?q=Fumarase%20Deficiency&searcher=pathways&filter_species=Mus+musculus
PathBank,Mitochondrial Complex II Deficiency,https://pathbank.org/search?q=Mitochondrial%20Complex%20II%20Deficiency&searcher=pathways&filter_species=Mus+musculus
PathBank,2-Ketoglutarate Dehydrogenase Complex Deficiency,https://pathbank.org/search?q=2-Ketoglutarate%20Dehydrogenase%20Complex%20Deficiency&searcher=pathways&filter_species=Mus+musculus
PathBank,Pyruvate Dehydrogenase Deficiency (E3),https://pathbank.org/search?q=Pyruvate%20Dehydrogenase%20Deficiency%20%28E3%29&searcher=pathways&filter_species=Mus+musculus
PathBank,Pyruvate Dehydrogenase Deficiency (E2),https://pathbank.org/search?q=Pyruvate%20Dehydrogenase%20Deficiency%20%28E2%29&searcher=pathways&filter_species=Mus+musculus
PathBank,Glycogen Synthetase Deficiency,https://pathbank.org/search?q=Glycogen%20Synthetase%20Deficiency&searcher=pathways&filter_species=Mus+musculus
PathBank,"Glycogenosis, Type III. Cori Disease, Debrancher Glycogenosis",https://pathbank.org/search?q=Glycogenosis%2C%20Type%20III.%20Cori%20Disease%2C%20Debrancher%20Glycogenosis&searcher=pathways&filter_species=Mus+musculus
PathBank,"Glycogenosis, Type IV. Amylopectinosis, Anderson Disease",https://pathbank.org/search?q=Glycogenosis%2C%20Type%20IV.%20Amylopectinosis%2C%20Anderson%20Disease&searcher=pathways&filter_species=Mus+musculus
PathBank,"Glycogenosis, Type VI. Hers Disease",https://pathbank.org/search?q=Glycogenosis%2C%20Type%20VI.%20Hers%20Disease&searcher=pathways&filter_species=Mus+musculus
PathBank,Mucopolysaccharidosis VII. Sly Syndrome,https://pathbank.org/search?q=Mucopolysaccharidosis%20VII.%20Sly%20Syndrome&searcher=pathways&filter_species=Mus+musculus
PathBank,Sucrase-Isomaltase Deficiency,https://pathbank.org/search?q=Sucrase-Isomaltase%20Deficiency&searcher=pathways&filter_species=Mus+musculus
PathBank,"Primary Hyperoxaluria II, PH2",https://pathbank.org/search?q=Primary%20Hyperoxaluria%20II%2C%20PH2&searcher=pathways&filter_species=Mus+musculus
PathBank,Pyruvate Kinase Deficiency,https://pathbank.org/search?q=Pyruvate%20Kinase%20Deficiency&searcher=pathways&filter_species=Mus+musculus
PathBank,Phosphoenolpyruvate Carboxykinase Deficiency 1 (PEPCK1),https://pathbank.org/search?q=Phosphoenolpyruvate%20Carboxykinase%20Deficiency%201%20%28PEPCK1%29&searcher=pathways&filter_species=Mus+musculus
PathBank,Fructosuria,https://pathbank.org/search?q=Fructosuria&searcher=pathways&filter_species=Mus+musculus
PathBank,"Fructose-1,6-diphosphatase Deficiency",https://pathbank.org/search?q=Fructose-1%2C6-diphosphatase%20Deficiency&searcher=pathways&filter_species=Mus+musculus
PathBank,Triosephosphate Isomerase Deficiency,https://pathbank.org/search?q=Triosephosphate%20Isomerase%20Deficiency&searcher=pathways&filter_species=Mus+musculus
PathBank,"Multiple Carboxylase Deficiency, Neonatal or Early Onset Form",https://pathbank.org/search?q=Multiple%20Carboxylase%20Deficiency%2C%20Neonatal%20or%20Early%20Onset%20Form&searcher=pathways&filter_species=Mus+musculus
PathBank,Aromatase Deficiency,https://pathbank.org/search?q=Aromatase%20Deficiency&searcher=pathways&filter_species=Mus+musculus
PathBank,17-alpha-Hydroxylase Deficiency (CYP17),https://pathbank.org/search?q=17-alpha-Hydroxylase%20Deficiency%20%28CYP17%29&searcher=pathways&filter_species=Mus+musculus
PathBank,Succinic Semialdehyde Dehydrogenase Deficiency,https://pathbank.org/search?q=Succinic%20Semialdehyde%20Dehydrogenase%20Deficiency&searcher=pathways&filter_species=Mus+musculus
PathBank,Short-Chain 3-Hydroxyacyl-CoA Dehydrogenase Deficiency (SCHAD),https://pathbank.org/search?q=Short-Chain%203-Hydroxyacyl-CoA%20Dehydrogenase%20Deficiency%20%28SCHAD%29&searcher=pathways&filter_species=Mus+musculus
PathBank,Succinyl CoA: 3-Ketoacid CoA Transferase Deficiency,https://pathbank.org/search?q=Succinyl%20CoA%3A%203-Ketoacid%20CoA%20Transferase%20Deficiency&searcher=pathways&filter_species=Mus+musculus
PathBank,"Homocystinuria-Megaloblastic Anemia Due to Defect in Cobalamin Metabolism, cblG Complementation Type",https://pathbank.org/search?q=Homocystinuria-Megaloblastic%20Anemia%20Due%20to%20Defect%20in%20Cobalamin%20Metabolism%2C%20cblG%20Complementation%20Type&searcher=pathways&filter_species=Mus+musculus
PathBank,Pyridoxine Dependency with Seizures,https://pathbank.org/search?q=Pyridoxine%20Dependency%20with%20Seizures&searcher=pathways&filter_species=Mus+musculus
PathBank,Fanconi-Bickel Syndrome,https://pathbank.org/search?q=Fanconi-Bickel%20Syndrome&searcher=pathways&filter_species=Mus+musculus
PathBank,"Glycogenosis, Type IB",https://pathbank.org/search?q=Glycogenosis%2C%20Type%20IB&searcher=pathways&filter_species=Mus+musculus
PathBank,"Glycogenosis, Type IC",https://pathbank.org/search?q=Glycogenosis%2C%20Type%20IC&searcher=pathways&filter_species=Mus+musculus
PathBank,11-beta-Hydroxylase Deficiency (CYP11B1),https://pathbank.org/search?q=11-beta-Hydroxylase%20Deficiency%20%28CYP11B1%29&searcher=pathways&filter_species=Mus+musculus
PathBank,21-Hydroxylase Deficiency (CYP21),https://pathbank.org/search?q=21-Hydroxylase%20Deficiency%20%28CYP21%29&searcher=pathways&filter_species=Mus+musculus
PathBank,Corticosterone Methyl Oxidase I Deficiency (CMO I),https://pathbank.org/search?q=Corticosterone%20Methyl%20Oxidase%20I%20Deficiency%20%28CMO%20I%29&searcher=pathways&filter_species=Mus+musculus
PathBank,Corticosterone Methyl Oxidase II Deficiency (CMO II),https://pathbank.org/search?q=Corticosterone%20Methyl%20Oxidase%20II%20Deficiency%20%28CMO%20II%29&searcher=pathways&filter_species=Mus+musculus
PathBank,Congenital Disorder of Glycosylation CDG-IId,https://pathbank.org/search?q=Congenital%20Disorder%20of%20Glycosylation%20CDG-IId&searcher=pathways&filter_species=Mus+musculus
PathBank,GLUT-1 Deficiency Syndrome,https://pathbank.org/search?q=GLUT-1%20Deficiency%20Syndrome&searcher=pathways&filter_species=Mus+musculus
PathBank,"Glycogenosis, Type IA. Von Gierke Disease",https://pathbank.org/search?q=Glycogenosis%2C%20Type%20IA.%20Von%20Gierke%20Disease&searcher=pathways&filter_species=Mus+musculus
PathBank,Joubert Syndrome,https://pathbank.org/search?q=Joubert%20Syndrome&searcher=pathways&filter_species=Mus+musculus
PathBank,Blue Diaper Syndrome,https://pathbank.org/search?q=Blue%20Diaper%20Syndrome&searcher=pathways&filter_species=Mus+musculus
PathBank,Lysinuric Protein Intolerance (LPI),https://pathbank.org/search?q=Lysinuric%20Protein%20Intolerance%20%28LPI%29&searcher=pathways&filter_species=Mus+musculus
PathBank,Apparent Mineralocorticoid Excess Syndrome,https://pathbank.org/search?q=Apparent%20Mineralocorticoid%20Excess%20Syndrome&searcher=pathways&filter_species=Mus+musculus
PathBank,3-beta-Hydroxysteroid Dehydrogenase Deficiency,https://pathbank.org/search?q=3-beta-Hydroxysteroid%20Dehydrogenase%20Deficiency&searcher=pathways&filter_species=Mus+musculus
PathBank,2-Aminoadipic 2-Oxoadipic Aciduria,https://pathbank.org/search?q=2-Aminoadipic%202-Oxoadipic%20Aciduria&searcher=pathways&filter_species=Mus+musculus
PathBank,27-Hydroxylase Deficiency,https://pathbank.org/search?q=27-Hydroxylase%20Deficiency&searcher=pathways&filter_species=Mus+musculus
PathBank,3-Phosphoglycerate Dehydrogenase Deficiency,https://pathbank.org/search?q=3-Phosphoglycerate%20Dehydrogenase%20Deficiency&searcher=pathways&filter_species=Mus+musculus
PathBank,"Cystinosis, Ocular Nonnephropathic",https://pathbank.org/search?q=Cystinosis%2C%20Ocular%20Nonnephropathic&searcher=pathways&filter_species=Mus+musculus
PathBank,Cystinuria,https://pathbank.org/search?q=Cystinuria&searcher=pathways&filter_species=Mus+musculus
PathBank,"Folate Malabsorption, Hereditary",https://pathbank.org/search?q=Folate%20Malabsorption%2C%20Hereditary&searcher=pathways&filter_species=Mus+musculus
PathBank,"Fructose Intolerance, Hereditary",https://pathbank.org/search?q=Fructose%20Intolerance%2C%20Hereditary&searcher=pathways&filter_species=Mus+musculus
PathBank,Rac 1 Cell Motility Signaling Pathway,https://pathbank.org/search?q=Rac%201%20Cell%20Motility%20Signaling%20Pathway&searcher=pathways&filter_species=Mus+musculus
PathBank,Succinate Signalling During Inflammation,https://pathbank.org/search?q=Succinate%20Signalling%20During%20Inflammation&searcher=pathways&filter_species=Mus+musculus
PathBank,Growth Hormone Signaling Pathway,https://pathbank.org/search?q=Growth%20Hormone%20Signaling%20Pathway&searcher=pathways&filter_species=Mus+musculus
PathBank,EGF Signalling Pathway,https://pathbank.org/search?q=EGF%20Signalling%20Pathway&searcher=pathways&filter_species=Mus+musculus
PathBank,GnRH Signaling Pathway,https://pathbank.org/search?q=GnRH%20Signaling%20Pathway&searcher=pathways&filter_species=Mus+musculus
PathBank,NF-kB Signaling Pathway,https://pathbank.org/search?q=NF-kB%20Signaling%20Pathway&searcher=pathways&filter_species=Mus+musculus
PathBank,Complement Pathway,https://pathbank.org/search?q=Complement%20Pathway&searcher=pathways&filter_species=Mus+musculus
PathBank,Alternative Complement Pathway,https://pathbank.org/search?q=Alternative%20Complement%20Pathway&searcher=pathways&filter_species=Mus+musculus
PathBank,Ubiquitin-Proteasome Pathway,https://pathbank.org/search?q=Ubiquitin-Proteasome%20Pathway&searcher=pathways&filter_species=Mus+musculus
PathBank,Lectin-Induced Complement Pathway,https://pathbank.org/search?q=Lectin-Induced%20Complement%20Pathway&searcher=pathways&filter_species=Mus+musculus
PathBank,Toll-Like Receptor Pathway 1,https://pathbank.org/search?q=Toll-Like%20Receptor%20Pathway%201&searcher=pathways&filter_species=Mus+musculus
PathBank,Classical Complement Pathway,https://pathbank.org/search?q=Classical%20Complement%20Pathway&searcher=pathways&filter_species=Mus+musculus
PathBank,CXCR4 Signaling Pathway,https://pathbank.org/search?q=CXCR4%20Signaling%20Pathway&searcher=pathways&filter_species=Mus+musculus
PathBank,D4-GDI Signaling Pathway,https://pathbank.org/search?q=D4-GDI%20Signaling%20Pathway&searcher=pathways&filter_species=Mus+musculus
PathBank,T Cell Receptor Signaling Pathway,https://pathbank.org/search?q=T%20Cell%20Receptor%20Signaling%20Pathway&searcher=pathways&filter_species=Mus+musculus
PathBank,Stat3 Signaling Pathway,https://pathbank.org/search?q=Stat3%20Signaling%20Pathway&searcher=pathways&filter_species=Mus+musculus
PathBank,Toll-Like Receptor Pathway 2,https://pathbank.org/search?q=Toll-Like%20Receptor%20Pathway%202&searcher=pathways&filter_species=Mus+musculus
PathBank,EPO Signaling Pathway,https://pathbank.org/search?q=EPO%20Signaling%20Pathway&searcher=pathways&filter_species=Mus+musculus
PathBank,FAS signaling pathway ( CD95 ),https://pathbank.org/search?q=FAS%20signaling%20pathway%20%28%20CD95%20%29&searcher=pathways&filter_species=Mus+musculus
PathBank,BCR Signaling Pathway,https://pathbank.org/search?q=BCR%20Signaling%20Pathway&searcher=pathways&filter_species=Mus+musculus
PathBank,Succinate Signalling,https://pathbank.org/search?q=Succinate%20Signalling&searcher=pathways&filter_species=Mus+musculus
PathBank,CD40L Signalling Pathway,https://pathbank.org/search?q=CD40L%20Signalling%20Pathway&searcher=pathways&filter_species=Mus+musculus
PathBank,G-Protein Signaling Through Tubby Proteins,https://pathbank.org/search?q=G-Protein%20Signaling%20Through%20Tubby%20Proteins&searcher=pathways&filter_species=Mus+musculus
PathBank,g-Secretase Mediated ErbB4 Signalling Pathway,https://pathbank.org/search?q=g-Secretase%20Mediated%20ErbB4%20Signalling%20Pathway&searcher=pathways&filter_species=Mus+musculus
PathBank,Ion Channel and Phorbal Esters Signaling Pathway,https://pathbank.org/search?q=Ion%20Channel%20and%20Phorbal%20Esters%20Signaling%20Pathway&searcher=pathways&filter_species=Mus+musculus
PathBank,LPS and Citrate Signaling and Inflammation,https://pathbank.org/search?q=LPS%20and%20Citrate%20Signaling%20and%20Inflammation&searcher=pathways&filter_species=Mus+musculus
MetabolicAtlas,acyl_coa_hydrolysis,https://metabolicatlas.org/explore/Mouse-GEM/gem-browser/search?term=acyl%20coa%20hydrolysis
MetabolicAtlas,acylglycerides_metabolism,https://metabolicatlas.org/explore/Mouse-GEM/gem-browser/search?term=acylglycerides%20metabolism
MetabolicAtlas,alanine_aspartate_and_glutamate_metabolism,https://metabolicatlas.org/explore/Mouse-GEM/gem-browser/search?term=alanine%20aspartate%20and%20glutamate%20metabolism
MetabolicAtlas,amino_sugar_and_nucleotide_sugar_metabolism,https://metabolicatlas.org/explore/Mouse-GEM/gem-browser/search?term=amino%20sugar%20and%20nucleotide%20sugar%20metabolism
MetabolicAtlas,aminoacyl_trna_biosynthesis,https://metabolicatlas.org/explore/Mouse-GEM/gem-browser/search?term=aminoacyl%20trna%20biosynthesis
MetabolicAtlas,androgen_metabolism,https://metabolicatlas.org/explore/Mouse-GEM/gem-browser/search?term=androgen%20metabolism
MetabolicAtlas,arachidonic_acid_metabolism,https://metabolicatlas.org/explore/Mouse-GEM/gem-browser/search?term=arachidonic%20acid%20metabolism
MetabolicAtlas,arginine_and_proline_metabolism,https://metabolicatlas.org/explore/Mouse-GEM/gem-browser/search?term=arginine%20and%20proline%20metabolism
MetabolicAtlas,ascorbate_and_aldarate_metabolism,https://metabolicatlas.org/explore/Mouse-GEM/gem-browser/search?term=ascorbate%20and%20aldarate%20metabolism
MetabolicAtlas,beta_oxidation_of_branched_chain_fatty_acids_mitochondrial,https://metabolicatlas.org/explore/Mouse-GEM/gem-browser/search?term=beta%20oxidation%20of%20branched%20chain%20fatty%20acids%20mitochondrial
MetabolicAtlas,beta_oxidation_of_di_unsaturated_fatty_acids_n_6_mitochondrial,https://metabolicatlas.org/explore/Mouse-GEM/gem-browser/search?term=beta%20oxidation%20of%20di%20unsaturated%20fatty%20acids%20n%206%20mitochondrial
MetabolicAtlas,beta_oxidation_of_di_unsaturated_fatty_acids_n_6_peroxisomal,https://metabolicatlas.org/explore/Mouse-GEM/gem-browser/search?term=beta%20oxidation%20of%20di%20unsaturated%20fatty%20acids%20n%206%20peroxisomal
MetabolicAtlas,beta_oxidation_of_even_chain_fatty_acids_mitochondrial,https://metabolicatlas.org/explore/Mouse-GEM/gem-browser/search?term=beta%20oxidation%20of%20even%20chain%20fatty%20acids%20mitochondrial
MetabolicAtlas,beta_oxidation_of_even_chain_fatty_acids_peroxisomal,https://metabolicatlas.org/explore/Mouse-GEM/gem-browser/search?term=beta%20oxidation%20of%20even%20chain%20fatty%20acids%20peroxisomal
MetabolicAtlas,beta_oxidation_of_odd_chain_fatty_acids_mitochondrial,https://metabolicatlas.org/explore/Mouse-GEM/gem-browser/search?term=beta%20oxidation%20of%20odd%20chain%20fatty%20acids%20mitochondrial
MetabolicAtlas,beta_oxidation_of_phytanic_acid_peroxisomal,https://metabolicatlas.org/explore/Mouse-GEM/gem-browser/search?term=beta%20oxidation%20of%20phytanic%20acid%20peroxisomal
MetabolicAtlas,beta_oxidation_of_poly_unsaturated_fatty_acids_mitochondrial,https://metabolicatlas.org/explore/Mouse-GEM/gem-browser/search?term=beta%20oxidation%20of%20poly%20unsaturated%20fatty%20acids%20mitochondrial
MetabolicAtlas,beta_oxidation_of_unsaturated_fatty_acids_n_7_mitochondrial,https://metabolicatlas.org/explore/Mouse-GEM/gem-browser/search?term=beta%20oxidation%20of%20unsaturated%20fatty%20acids%20n%207%20mitochondrial
MetabolicAtlas,beta_oxidation_of_unsaturated_fatty_acids_n_7_peroxisomal,https://metabolicatlas.org/explore/Mouse-GEM/gem-browser/search?term=beta%20oxidation%20of%20unsaturated%20fatty%20acids%20n%207%20peroxisomal
MetabolicAtlas,beta_oxidation_of_unsaturated_fatty_acids_n_9_mitochondrial,https://metabolicatlas.org/explore/Mouse-GEM/gem-browser/search?term=beta%20oxidation%20of%20unsaturated%20fatty%20acids%20n%209%20mitochondrial
MetabolicAtlas,beta_oxidation_of_unsaturated_fatty_acids_n_9_peroxisomal,https://metabolicatlas.org/explore/Mouse-GEM/gem-browser/search?term=beta%20oxidation%20of%20unsaturated%20fatty%20acids%20n%209%20peroxisomal
MetabolicAtlas,beta_alanine_metabolism,https://metabolicatlas.org/explore/Mouse-GEM/gem-browser/search?term=beta%20alanine%20metabolism
MetabolicAtlas,bile_acid_biosynthesis,https://metabolicatlas.org/explore/Mouse-GEM/gem-browser/search?term=bile%20acid%20biosynthesis
MetabolicAtlas,bile_acid_recycling,https://metabolicatlas.org/explore/Mouse-GEM/gem-browser/search?term=bile%20acid%20recycling
MetabolicAtlas,biopterin_metabolism,https://metabolicatlas.org/explore/Mouse-GEM/gem-browser/search?term=biopterin%20metabolism
MetabolicAtlas,biotin_metabolism,https://metabolicatlas.org/explore/Mouse-GEM/gem-browser/search?term=biotin%20metabolism
MetabolicAtlas,blood_group_biosynthesis,https://metabolicatlas.org/explore/Mouse-GEM/gem-browser/search?term=blood%20group%20biosynthesis
MetabolicAtlas,butanoate_metabolism,https://metabolicatlas.org/explore/Mouse-GEM/gem-browser/search?term=butanoate%20metabolism
MetabolicAtlas,c5_branched_dibasic_acid_metabolism,https://metabolicatlas.org/explore/Mouse-GEM/gem-browser/search?term=c5%20branched%20dibasic%20acid%20metabolism
MetabolicAtlas,carnitine_shuttle_cytosolic,https://metabolicatlas.org/explore/Mouse-GEM/gem-browser/search?term=carnitine%20shuttle%20cytosolic
MetabolicAtlas,carnitine_shuttle_endoplasmic_reticular,https://metabolicatlas.org/explore/Mouse-GEM/gem-browser/search?term=carnitine%20shuttle%20endoplasmic%20reticular
MetabolicAtlas,carnitine_shuttle_mitochondrial,https://metabolicatlas.org/explore/Mouse-GEM/gem-browser/search?term=carnitine%20shuttle%20mitochondrial
MetabolicAtlas,carnitine_shuttle_peroxisomal,https://metabolicatlas.org/explore/Mouse-GEM/gem-browser/search?term=carnitine%20shuttle%20peroxisomal
MetabolicAtlas,cholesterol_biosynthesis_1_bloch_pathway,https://metabolicatlas.org/explore/Mouse-GEM/gem-browser/search?term=cholesterol%20biosynthesis%201%20bloch%20pathway
MetabolicAtlas,cholesterol_biosynthesis_2,https://metabolicatlas.org/explore/Mouse-GEM/gem-browser/search?term=cholesterol%20biosynthesis%202
MetabolicAtlas,cholesterol_biosynthesis_3_kandustch_russell_pathway,https://metabolicatlas.org/explore/Mouse-GEM/gem-browser/search?term=cholesterol%20biosynthesis%203%20kandustch%20russell%20pathway
MetabolicAtlas,cholesterol_metabolism,https://metabolicatlas.org/explore/Mouse-GEM/gem-browser/search?term=cholesterol%20metabolism
MetabolicAtlas,chondroitin_heparan_sulfate_biosynthesis,https://metabolicatlas.org/explore/Mouse-GEM/gem-browser/search?term=chondroitin%20heparan%20sulfate%20biosynthesis
MetabolicAtlas,chondroitin_sulfate_degradation,https://metabolicatlas.org/explore/Mouse-GEM/gem-browser/search?term=chondroitin%20sulfate%20degradation
MetabolicAtlas,coa_synthesis,https://metabolicatlas.org/explore/Mouse-GEM/gem-browser/search?term=coa%20synthesis
MetabolicAtlas,cysteine_and_methionine_metabolism,https://metabolicatlas.org/explore/Mouse-GEM/gem-browser/search?term=cysteine%20and%20methionine%20metabolism
MetabolicAtlas,drug_metabolism,https://metabolicatlas.org/explore/Mouse-GEM/gem-browser/search?term=drug%20metabolism
MetabolicAtlas,eicosanoid_metabolism,https://metabolicatlas.org/explore/Mouse-GEM/gem-browser/search?term=eicosanoid%20metabolism
MetabolicAtlas,estrogen_metabolism,https://metabolicatlas.org/explore/Mouse-GEM/gem-browser/search?term=estrogen%20metabolism
MetabolicAtlas,ether_lipid_metabolism,https://metabolicatlas.org/explore/Mouse-GEM/gem-browser/search?term=ether%20lipid%20metabolism
MetabolicAtlas,fatty_acid_activation_cytosolic,https://metabolicatlas.org/explore/Mouse-GEM/gem-browser/search?term=fatty%20acid%20activation%20cytosolic
MetabolicAtlas,fatty_acid_activation_endoplasmic_reticular,https://metabolicatlas.org/explore/Mouse-GEM/gem-browser/search?term=fatty%20acid%20activation%20endoplasmic%20reticular
MetabolicAtlas,fatty_acid_biosynthesis,https://metabolicatlas.org/explore/Mouse-GEM/gem-browser/search?term=fatty%20acid%20biosynthesis
MetabolicAtlas,fatty_acid_biosynthesis_even_chain,https://metabolicatlas.org/explore/Mouse-GEM/gem-browser/search?term=fatty%20acid%20biosynthesis%20even%20chain
MetabolicAtlas,fatty_acid_biosynthesis_unsaturated,https://metabolicatlas.org/explore/Mouse-GEM/gem-browser/search?term=fatty%20acid%20biosynthesis%20unsaturated
MetabolicAtlas,fatty_acid_desaturation_even_chain,https://metabolicatlas.org/explore/Mouse-GEM/gem-browser/search?term=fatty%20acid%20desaturation%20even%20chain
MetabolicAtlas,fatty_acid_desaturation_odd_chain,https://metabolicatlas.org/explore/Mouse-GEM/gem-browser/search?term=fatty%20acid%20desaturation%20odd%20chain
MetabolicAtlas,fatty_acid_elongation_even_chain,https://metabolicatlas.org/explore/Mouse-GEM/gem-browser/search?term=fatty%20acid%20elongation%20even%20chain
MetabolicAtlas,fatty_acid_elongation_odd_chain,https://metabolicatlas.org/explore/Mouse-GEM/gem-browser/search?term=fatty%20acid%20elongation%20odd%20chain
MetabolicAtlas,fatty_acid_oxidation,https://metabolicatlas.org/explore/Mouse-GEM/gem-browser/search?term=fatty%20acid%20oxidation
MetabolicAtlas,folate_metabolism,https://metabolicatlas.org/explore/Mouse-GEM/gem-browser/search?term=folate%20metabolism
MetabolicAtlas,formation_and_hydrolysis_of_cholesterol_esters,https://metabolicatlas.org/explore/Mouse-GEM/gem-browser/search?term=formation%20and%20hydrolysis%20of%20cholesterol%20esters
MetabolicAtlas,fructose_and_mannose_metabolism,https://metabolicatlas.org/explore/Mouse-GEM/gem-browser/search?term=fructose%20and%20mannose%20metabolism
MetabolicAtlas,galactose_metabolism,https://metabolicatlas.org/explore/Mouse-GEM/gem-browser/search?term=galactose%20metabolism
MetabolicAtlas,glucocorticoid_biosynthesis,https://metabolicatlas.org/explore/Mouse-GEM/gem-browser/search?term=glucocorticoid%20biosynthesis
MetabolicAtlas,glutathione_metabolism,https://metabolicatlas.org/explore/Mouse-GEM/gem-browser/search?term=glutathione%20metabolism
MetabolicAtlas,glycerolipid_metabolism,https://metabolicatlas.org/explore/Mouse-GEM/gem-browser/search?term=glycerolipid%20metabolism
MetabolicAtlas,glycerophospholipid_metabolism,https://metabolicatlas.org/explore/Mouse-GEM/gem-browser/search?term=glycerophospholipid%20metabolism
MetabolicAtlas,glycine_serine_and_threonine_metabolism,https://metabolicatlas.org/explore/Mouse-GEM/gem-browser/search?term=glycine%20serine%20and%20threonine%20metabolism
MetabolicAtlas,glycolysis_gluconeogenesis,https://metabolicatlas.org/explore/Mouse-GEM/gem-browser/search?term=glycolysis%20gluconeogenesis
MetabolicAtlas,glycosphingolipid_biosynthesis_ganglio_series,https://metabolicatlas.org/explore/Mouse-GEM/gem-browser/search?term=glycosphingolipid%20biosynthesis%20ganglio%20series
MetabolicAtlas,glycosphingolipid_biosynthesis_globo_series,https://metabolicatlas.org/explore/Mouse-GEM/gem-browser/search?term=glycosphingolipid%20biosynthesis%20globo%20series
MetabolicAtlas,glycosphingolipid_biosynthesis_lacto_and_neolacto_series,https://metabolicatlas.org/explore/Mouse-GEM/gem-browser/search?term=glycosphingolipid%20biosynthesis%20lacto%20and%20neolacto%20series
MetabolicAtlas,glycosphingolipid_metabolism,https://metabolicatlas.org/explore/Mouse-GEM/gem-browser/search?term=glycosphingolipid%20metabolism
MetabolicAtlas,glycosylphosphatidylinositol_gpi_anchor_biosynthesis,https://metabolicatlas.org/explore/Mouse-GEM/gem-browser/search?term=glycosylphosphatidylinositol%20gpi%20anchor%20biosynthesis
MetabolicAtlas,heme_degradation,https://metabolicatlas.org/explore/Mouse-GEM/gem-browser/search?term=heme%20degradation
MetabolicAtlas,heme_synthesis,https://metabolicatlas.org/explore/Mouse-GEM/gem-browser/search?term=heme%20synthesis
MetabolicAtlas,heparan_sulfate_degradation,https://metabolicatlas.org/explore/Mouse-GEM/gem-browser/search?term=heparan%20sulfate%20degradation
MetabolicAtlas,histidine_metabolism,https://metabolicatlas.org/explore/Mouse-GEM/gem-browser/search?term=histidine%20metabolism
MetabolicAtlas,inositol_phosphate_metabolism,https://metabolicatlas.org/explore/Mouse-GEM/gem-browser/search?term=inositol%20phosphate%20metabolism
MetabolicAtlas,keratan_sulfate_biosynthesis,https://metabolicatlas.org/explore/Mouse-GEM/gem-browser/search?term=keratan%20sulfate%20biosynthesis
MetabolicAtlas,keratan_sulfate_degradation,https://metabolicatlas.org/explore/Mouse-GEM/gem-browser/search?term=keratan%20sulfate%20degradation
MetabolicAtlas,leukotriene_metabolism,https://metabolicatlas.org/explore/Mouse-GEM/gem-browser/search?term=leukotriene%20metabolism
MetabolicAtlas,linoleate_metabolism,https://metabolicatlas.org/explore/Mouse-GEM/gem-browser/search?term=linoleate%20metabolism
MetabolicAtlas,lipoic_acid_metabolism,https://metabolicatlas.org/explore/Mouse-GEM/gem-browser/search?term=lipoic%20acid%20metabolism
MetabolicAtlas,lysine_metabolism,https://metabolicatlas.org/explore/Mouse-GEM/gem-browser/search?term=lysine%20metabolism
MetabolicAtlas,metabolism_of_other_amino_acids,https://metabolicatlas.org/explore/Mouse-GEM/gem-browser/search?term=metabolism%20of%20other%20amino%20acids
MetabolicAtlas,n_glycan_metabolism,https://metabolicatlas.org/explore/Mouse-GEM/gem-browser/search?term=n%20glycan%20metabolism
MetabolicAtlas,nicotinate_and_nicotinamide_metabolism,https://metabolicatlas.org/explore/Mouse-GEM/gem-browser/search?term=nicotinate%20and%20nicotinamide%20metabolism
MetabolicAtlas,nucleotide_metabolism,https://metabolicatlas.org/explore/Mouse-GEM/gem-browser/search?term=nucleotide%20metabolism
MetabolicAtlas,o_glycan_metabolism,https://metabolicatlas.org/explore/Mouse-GEM/gem-browser/search?term=o%20glycan%20metabolism
MetabolicAtlas,omega_3_fatty_acid_metabolism,https://metabolicatlas.org/explore/Mouse-GEM/gem-browser/search?term=omega%203%20fatty%20acid%20metabolism
MetabolicAtlas,omega_6_fatty_acid_metabolism,https://metabolicatlas.org/explore/Mouse-GEM/gem-browser/search?term=omega%206%20fatty%20acid%20metabolism
MetabolicAtlas,oxidative_phosphorylation,https://metabolicatlas.org/explore/Mouse-GEM/gem-browser/search?term=oxidative%20phosphorylation
MetabolicAtlas,pantothenate_and_coa_biosynthesis,https://metabolicatlas.org/explore/Mouse-GEM/gem-browser/search?term=pantothenate%20and%20coa%20biosynthesis
MetabolicAtlas,pentose_and_glucuronate_interconversions,https://metabolicatlas.org/explore/Mouse-GEM/gem-browser/search?term=pentose%20and%20glucuronate%20interconversions
MetabolicAtlas,pentose_phosphate_pathway,https://metabolicatlas.org/explore/Mouse-GEM/gem-browser/search?term=pentose%20phosphate%20pathway
MetabolicAtlas,phenylalanine_metabolism,https://metabolicatlas.org/explore/Mouse-GEM/gem-browser/search?term=phenylalanine%20metabolism
MetabolicAtlas,phenylalanine_tyrosine_and_tryptophan_biosynthesis,https://metabolicatlas.org/explore/Mouse-GEM/gem-browser/search?term=phenylalanine%20tyrosine%20and%20tryptophan%20biosynthesis
MetabolicAtlas,phosphatidylinositol_phosphate_metabolism,https://metabolicatlas.org/explore/Mouse-GEM/gem-browser/search?term=phosphatidylinositol%20phosphate%20metabolism
MetabolicAtlas,pool_reactions,https://metabolicatlas.org/explore/Mouse-GEM/gem-browser/search?term=pool%20reactions
MetabolicAtlas,porphyrin_metabolism,https://metabolicatlas.org/explore/Mouse-GEM/gem-browser/search?term=porphyrin%20metabolism
MetabolicAtlas,propanoate_metabolism,https://metabolicatlas.org/explore/Mouse-GEM/gem-browser/search?term=propanoate%20metabolism
MetabolicAtlas,prostaglandin_biosynthesis,https://metabolicatlas.org/explore/Mouse-GEM/gem-browser/search?term=prostaglandin%20biosynthesis
MetabolicAtlas,protein_assembly,https://metabolicatlas.org/explore/Mouse-GEM/gem-browser/search?term=protein%20assembly
MetabolicAtlas,protein_degradation,https://metabolicatlas.org/explore/Mouse-GEM/gem-browser/search?term=protein%20degradation
MetabolicAtlas,protein_modification,https://metabolicatlas.org/explore/Mouse-GEM/gem-browser/search?term=protein%20modification
MetabolicAtlas,purine_metabolism,https://metabolicatlas.org/explore/Mouse-GEM/gem-browser/search?term=purine%20metabolism
MetabolicAtlas,pyrimidine_metabolism,https://metabolicatlas.org/explore/Mouse-GEM/gem-browser/search?term=pyrimidine%20metabolism
MetabolicAtlas,pyruvate_metabolism,https://metabolicatlas.org/explore/Mouse-GEM/gem-browser/search?term=pyruvate%20metabolism
MetabolicAtlas,ros_detoxification,https://metabolicatlas.org/explore/Mouse-GEM/gem-browser/search?term=ros%20detoxification
MetabolicAtlas,retinol_metabolism,https://metabolicatlas.org/explore/Mouse-GEM/gem-browser/search?term=retinol%20metabolism
MetabolicAtlas,riboflavin_metabolism,https://metabolicatlas.org/explore/Mouse-GEM/gem-browser/search?term=riboflavin%20metabolism
MetabolicAtlas,serotonin_and_melatonin_biosynthesis,https://metabolicatlas.org/explore/Mouse-GEM/gem-browser/search?term=serotonin%20and%20melatonin%20biosynthesis
MetabolicAtlas,sphingolipid_metabolism,https://metabolicatlas.org/explore/Mouse-GEM/gem-browser/search?term=sphingolipid%20metabolism
MetabolicAtlas,starch_and_sucrose_metabolism,https://metabolicatlas.org/explore/Mouse-GEM/gem-browser/search?term=starch%20and%20sucrose%20metabolism
MetabolicAtlas,steroid_metabolism,https://metabolicatlas.org/explore/Mouse-GEM/gem-browser/search?term=steroid%20metabolism
MetabolicAtlas,sulfur_metabolism,https://metabolicatlas.org/explore/Mouse-GEM/gem-browser/search?term=sulfur%20metabolism
MetabolicAtlas,terpenoid_backbone_biosynthesis,https://metabolicatlas.org/explore/Mouse-GEM/gem-browser/search?term=terpenoid%20backbone%20biosynthesis
MetabolicAtlas,thiamine_metabolism,https://metabolicatlas.org/explore/Mouse-GEM/gem-browser/search?term=thiamine%20metabolism
MetabolicAtlas,transport_reactions,https://metabolicatlas.org/explore/Mouse-GEM/gem-browser/search?term=transport%20reactions
MetabolicAtlas,tricarboxylic_acid_cycle_and_glyoxylate_dicarboxylate_metabolism,https://metabolicatlas.org/explore/Mouse-GEM/gem-browser/search?term=tricarboxylic%20acid%20cycle%20and%20glyoxylate%20dicarboxylate%20metabolism
MetabolicAtlas,tryptophan_metabolism,https://metabolicatlas.org/explore/Mouse-GEM/gem-browser/search?term=tryptophan%20metabolism
MetabolicAtlas,tyrosine_metabolism,https://metabolicatlas.org/explore/Mouse-GEM/gem-browser/search?term=tyrosine%20metabolism
MetabolicAtlas,ubiquinone_synthesis,https://metabolicatlas.org/explore/Mouse-GEM/gem-browser/search?term=ubiquinone%20synthesis
MetabolicAtlas,valine_leucine_and_isoleucine_metabolism,https://metabolicatlas.org/explore/Mouse-GEM/gem-browser/search?term=valine%20leucine%20and%20isoleucine%20metabolism
MetabolicAtlas,vitamin_a_metabolism,https://metabolicatlas.org/explore/Mouse-GEM/gem-browser/search?term=vitamin%20a%20metabolism
MetabolicAtlas,vitamin_b12_metabolism,https://metabolicatlas.org/explore/Mouse-GEM/gem-browser/search?term=vitamin%20b12%20metabolism
MetabolicAtlas,vitamin_b2_metabolism,https://metabolicatlas.org/explore/Mouse-GEM/gem-browser/search?term=vitamin%20b2%20metabolism
MetabolicAtlas,vitamin_b6_metabolism,https://metabolicatlas.org/explore/Mouse-GEM/gem-browser/search?term=vitamin%20b6%20metabolism
MetabolicAtlas,vitamin_c_metabolism,https://metabolicatlas.org/explore/Mouse-GEM/gem-browser/search?term=vitamin%20c%20metabolism
MetabolicAtlas,vitamin_d_metabolism,https://metabolicatlas.org/explore/Mouse-GEM/gem-browser/search?term=vitamin%20d%20metabolism
MetabolicAtlas,vitamin_e_metabolism,https://metabolicatlas.org/explore/Mouse-GEM/gem-browser/search?term=vitamin%20e%20metabolism
MetabolicAtlas,xenobiotics_metabolism,https://metabolicatlas.org/explore/Mouse-GEM/gem-browser/search?term=xenobiotics%20metabolism
